# Resource object code (Python 3)
# Created by: object code
# Created by: The Resource Compiler for Qt version 6.11.1
# WARNING! All changes made in this file will be lost!

from PySide6 import QtCore

qt_resource_data = b"\
\x00\x03,\xe5\
\x89\
PNG\x0d\x0a\x1a\x0a\x00\x00\x00\x0dIHDR\x00\
\x00\x01]\x00\x00\x01O\x08\x06\x00\x00\x00\xee\x96\x1d'\
\x00\x00\x10\x00IDATx\x01\xec\xbd\x07\xa0TE\
\xb65\xbc\xaa\xea\x84N7\xe7@\xce9\x07\x89\x02\xa2\
\x980a\x16s\x9a\x9csr\xe6M\xce3\x8e\x8e\x01\
\xc5\x80H\x10\x90\x0c\x82\x82\x08\x08\x0a(F\xb2\xe4\xcc\
\xe5\xc6N'\xd4\xbf\xaa\x9d\xf9\xbf\xf9\xde{\xdf\x9b\x99\
7I\x1d\x9a[\xf7\x9c>\xa7N\x85]{\xaf\xbd\xf6\
\xae\xbe\x8d\xc4\x99\xd7\x19\x09\x9c\x91\xc0\xdfA\x02\xe2\xef\
\xd0\xc6\x99&>\x5c\x12\x10\xff\xabE?\x03\xba\x1f\xae\
U>3\xda\x0f\xac\x04\xf4\x07vdg\x06\xf6g$\
  \xfeL\x8d\xff\xc7m\xfd_\x17\xfd/h\xe9\x0c\
\xe8\xfe?\xc4y\xe6\xf2_#\x81\xbf@\xd3\xfe\x9a\xe6\
\xce\xd4=#\x81\x7f\xa6\x044\xfeo\xf0\xfc[\xfa\xfe\
\x0bZ:\x03\xba\x7f\x8b\x80\xcf<\xfb\x07\x09\xfc\x05\x9a\
\xf6\x87\x9ag\x0eg$\xf0\xe7%\xf0\xd1v\xe2g@\
\xf7\xcfk\xc0\x99\x1ag$pF\x02\xffT\x09|\xb4\
\x9d\xf8\x19\xd0\xfd\xa7*\xd3\x99\xce\xceH\xe0\x8c\x04\xfe\
v\x09|\xb8[8\x03\xba\x1f\xda\xf5\xfbH\x84`B\
k-\xee\xb9\xe7\x1e\xb9\xea\x9e{\xac\xa9S\xa7FV\
\xad\x9a\x95xm\xd5\xaa\xc2\x8d\x1b7\x96l\xd8\xb0\xb2\
b\xd3\x9a5U\xeb\xd7?_\xf3\xca\x8b/\xb6\xda\xb4\
vm\xeb-[\xd6\xb5\xd9\xf8\xe2\x8b\xed\xfe\xb4\xbc\xfc\
\xf2\xaa\xb6\xe6\xde\xeb\xeb\xd7\xd7\xac]\xbb\xb6\xfa\x95W\
VU\xaeY\xb3\xa6\xec\xb5\xd7V\x15\xaeX1\xab`\
\xd5\xacY\x89\xf7\xdb^e\xcd\x9a5K\x99\xfeL\xe1\
\xd2\x7f$\x84\xc8y\x9c\xf9\xf9\xb3+\xf9g+\xfc\xd3\
dx\x06t\xffi\xa2\xfe{w\xa4\xff\xde\x0d\xfe\xdd\
\xda3@\xca\x22\x09l\x06\xe4\x9c%\xd3\xa6\xe5\xaf[\
\xbe\xbc\xdc\x00\xe7;\x1b6tzc\xfd\xfa^o\xbc\
\xf4\xd2\x80\xadk\xd7\x0ey\xe7\x95WF\x5c1a\xc2\
\xb8\x9a\xf3\xcf\x9fp\xd6\xc0~\x13\xcf\x1a0\xfe\xce\xee\
\x83\x07~\xa2w\xcf\x1e_\xe8\xdb{\xe8W\xba\x0f\xe8\
\xf3\xf5\xbe}\x06~\xbdW\xff\xbe_\xeb\xd6\xa7\xe77\
\xbbt\xee\xf1\xed\x9e\x03z\xb3\xf4\xfd\xffK\xef^\xfd\
\xbe\xdd\xa3_\xefou\xee\xd3\xebk\xfd\xfb\xf5\xfaj\
\xcf\xee\xfd\xbf6x`\xff\xaft\xef:\xf0\xf3\xc3\xcf\
:\xf7\xee\xb3\xce\x1f\x7f\xcb\x88\xb3\x06_T\x9c\x1f?\
\xbfk\xbb\xd6\xe7]z\xd1\x84s.\x9d0a\xf4\x1b\
[6\x0e}m\xdd\xba\xbe\xafqL\x1bV\xad\xaa5\
@\xbdd\xc9\x92\xfc?\x02\xb4\xa63\xe0<>8\xd6\
\xfa\xc7\x15\xfa\xe0\x8d\xe8\x8f#\xfb\xd7\x1d\xff\xac9\xfc\
\xd9\x0a\xff\xb4\xb1\x9f\x01\xdd\x7f\x9a\xa8?\x9a\x1d\x11X\
\xe5\x92\xdf\xfe\xd6]5o^\xe1\xf2g\x9fm\xb5e\
\xc3\x9a\xee\x06Hw\xbc\xfe\xfa\x84\xc9\x97]v\xc9\xb0\
>}\xae\x196f\xcc]\x03\x86\x0e\xfdz\xef\x81\xfd\
\xbf\xd5\xa1g\xcf\xefv\xee\xdd\xf3\x87\x9d{\xf7\xfeA\
\xa7\x9e=~\xd0\xaes\xe7\xefw\xe8\xd6\xf5\xbb\xb5]\
\xba|\xa7m\xdbv_u#\xd1;\x1d\xd7\xb9=\x12\
uos#\xee\xad\xd1h\xec\xa6h$zc$\x16\
\x9d\x1c\x8b\xc7\xaf\x8f\xc5\xe2\xd7\xc6b\x89\xabc\xb1\x98\
)\xd7\xf0\xc8\x12\xbf&\x12\x8b^\x17e\x1d\xd6\xbf1\
\x1a\x8b\xdd\xc4gos\xdc\xc8]\xd1\xa8i/zW\
\xabV\xb5_\xed\xd0\xa9\xf3\xb7;t\xe9\xfa\x9dN\x9d\
\xbb\xde\xd3\xb9{\xb7\xefu\xea\xd4\xed\xfb]{\xf5\xfc\
a\xd7\x1e\xdd\xfe\xa3\xef\xe0\x81_\x1f\xdc\xbf\xf7\x97\x87\
\xf5\xebs\xd7\xb8\xe1g][U\x94\x7f\xf9;\x17\x9e\
w\xd1\x1b\xaf\xbe<v\xd3\xcbk\xfa/_\xb0\xa0\xdd\
\xc2\xe9\xd3K\x9fx\xe2g\xf1U\xabVY\xff\xd2\xd5\
\xfc\xe0\xe0\xc7\xffK\x0cg\xae\xff\x0f\x128\x03\xba\xff\
\x83p\xce\xdc\xfa/\x12\x10\x0f>\xf8\xa0\xcd\x10=\xb1\
l\xce\x93U\xab\x96-\xeb8~\xc4\x88!5d\x91\
m\xbbt\xbae\xf4\xb8\xd1_\xe9\xd1\xa7\xff/:\x11\
T\xdbv\xee\xfc\xbd\xda\x8e\x1d\xbfU\xde\xba\xf6\xaby\
%%\x9fvc\xd1\x9b\x1c\xdb\xb9\xd6v\x9cK]7\
r\x9e\x1b\x8d\x8e\x8d\xc4b\xa3X\x86\xf1|p$\x1a\
\xed\xe7Db\xbd!e;\x08Y\xc3\x9eK\x01\x91\x0f\
 \x0fB$4D\x02\x101\x9eG\xff\xa4Dxn\
J4w\x0f\xc8\xe7\xfb|\x9e\xe7\xf3X\xc0\xc26T\
k\xb6\xd7\xc9q\x22}b\x91h\xbfH$2 \xea\
F\x07\x11\x8c\x87F\x5cw\x14\xdf\x9f\xc3\xe3D\xd7V\
\xd7\xb9\x8esK^Q\xe1\xa7*\xaa\xab\xbe\xda\xaeS\
\xa7ou\xe8\xd6\xfd\x9e.=z\xde\xd3\xbbO\x9f\x9f\
\x8e\x1a7\xea\x9b\x03\x86\x0e\xbe{P\x8f\xd1\xd7\xc5-\
q\xfe\xe65kz/^<\xa7\xcd\xb2Y\xb3\x8a\x17\
>\xf8`\xcc\x00\xb1f\xc78\xf3:#\x81?#\x81\
3\xa0\xfbg\x04\xf4\xef|\xdb\x00\xec4\xa6\x06\xe6L\
\x9bV\xbbb\xee\xdcn\xebV\xae\x1c\xd8\xbf[\xb7\x0b\
\xbawhw\xd3\xa0\xa1g\x7fn\xc4\xa8\xe1?\x1d4\
\xf2\xac_t\xeb\xd5\xf3[\xad:\xb4\xff\x8c\x1b\x8b_\
\xaf\x84\x18\xa7l{\xa8\xb0U_i[=-\xc7\xed\
,lU\x13\x00\x85Z\x128\x95\x8cBI\x1b\x96\xb4\
\x85\xa5,S\xa4\xa5\x14\x8fJ\xf0\x1f\xa4t \x84\xad\
5\xa4\x09\xedy\x84)\xf8\xff_&\xb6\xfe\x1f\x8a\xc6\
\x1fn\x0a\x1e\x85\x84\x14\x96P\xd2\x11R\xf1\xc8~\x94\
\xc5^\x94\x05)-(sT6\xa4\x8aB\xc8\x02@\
\x14K)k\x1d\xc7\xe9h\xdbVw\xc7\xb6{;\xb6\
5\xc4\xb6\x09\xce\xd1\xd8\xa4\x8a\xaa\xca\x8f\xb5\xef\xde\xed\
3}\x06\x0c\xfc~\xafA\xfd\x7f>b\xf0\xb0\xaf\xb6\
\xef\xda\xf9\x13\xad\xfb\xf4\xb99.\xe5\xc4U\xcb\x17\x0f\
^>kV\xbbyS\xa7\x16\xd2198\xf3:#\
\x81\xffF\x02\xf2\xbf\xb9v\xe6\xd2\xbf\xa9\x04f}\xe7\
;\xce\xac\x07\x1f,\x98\xf5\xc4\x13\xad_X4o@\
\xdf\xce\x9d/\xec\xd6\xa9\xd3m\xfd\x07\x0d\xf8\xfc\xb0q\
c~6d\xf4\xc8\xfb\xfb\x0e\x1e\xf4\x83\xae={}\
\xa5\xb0\xbc\xe2\x0e\xe2\xe2\x05D\xb0\xc1\x02\xb2\xa7\xb4\xac\
\xd6a\x10\x16J\xc7\xb5%\xc1LY\x8e\x92\x96\xa5 \
\xa5\xd2R\x0a\x16@*\x84\x10\xf0C\xfd\x7f\x0a\x115\
\xf7\xde\x1c5\xa0!s\x85 \x98;\xfe\xe9{s\x8d\
\x8d\xe0\xff]\x04\x9f\x11\x08\xb5\xf8\x03P\x8b\x5c]\xd3\
F\x18\x02A\xa8\x11\xb2\x04\xec+\x08B\x04\x81\x86\xe6\
{v\x0b36\xb6/\xc0\xb1BYR([\x0a\xcb\
\xe6\xf4,\x9b\xcf\xd8\x80\xc8\x97N\xa4\xcaRVW\xa5\
T\x0f\xcb\xb6GG\x13\xf9\xd7\xb5\xef\xda\xe5\x93\xdd\xfa\
\xf6\xfeR\xbf\xa1\x83\x7f0j\xd4\x98\x1f\xf5\x1a4\xf0\
\xab]\xfb\xf6\xfeL\x97vm\xaey~\xe1\xc2\xc1s\
\xa6=\x5ck\x1c\x97q`\xf8\x00\xbd\xce\x0c\xe5_'\
\x01\xf9\xaf\xeb\xfao\xeaY\xfcMO\x9fy8'\x01\
\xe6c\xad\xfb\xef\xbf\xbf\xe8\xc9\xfb\xee\xeb8\x7f\xe6S\
\xa3\xba\x9ew\xde\xcd\xbd\x06\x0d\xf8\xca\xd0!\x83\xbe;\
j\xec\x84\x9f\x0d\x1a9\xf2\xd7}\xfb\x0e\xf8buM\
\xab\x1b\xa3\xf1\x82sC?\xec\xef{A7e\xd9\xb5\
R\xcaB\x9b\x89S!\x09A\xb6\xab4\x84\x90\x96\x03\
M\xc0\x0b!\x10\xe80\x07\x80\xbc\x0e\xf0\xbd\x16\x02!\
\x00!\x05\x84\xb2@\xe2\x99;\x12\x9fsG\xa9\x14\xa4\
\x94\xac \xf0\xfeK@\x88\xffS\x00\x01\xe4\x0a\xfe\x87\
\xd7\x9f\xd6y\xff\x9cl9W_\x12\xff\x95e\xe1\xff\
\x14;w.x\x8ds`\x1d\xf6\xad,@\xda\x80P\
<\xf2=\xe8$\xb4\x80\xb4\x5c@\xd0\x19h!$\x9d\
\x89\xb2]\x05\xa1\x1c\xa9\xec|>[\x16\xf8~\x1b\x1d\
\xf8\x9d\x95c\x8d(\xaf\xae\xbc\xb2s\xcf\xee\x9f\xee\xd9\
\xbb\xf7\xf7\xc7\x9cw\xce\x0f\x87\x8f\x1e\x7fO\xbf\x1e\xdd\
\xbf:\xb8W\xf7;\x9f[0w\xf4\xac'\x9e\xec8\
k\xca\x94\xe23 \x8c\x7f\xdb\x97\xd1\xac\x0f\xe3\xe4\xf5\
\x87q\xd0\x1f\x801\x8b\xdfr\xd3k\xfa\xc3\x0fW\xcc\
zjj\xdf\xd1\x83\x07\x5c:\xa2\x7f\xdf\xcf\x8e\x1d\x7f\
\xce\xf7\xce\xbf\xf0\xe2_\xf4\x1a<\xf0\x87]{\xf7\xfe\
x\xab\x0e\x1doT\xb63&\xf4\x836\xd2R\xd5N\
,^\x22\x84\xb0\x09\xb2\xd2\x8d\xc6d6\xeb\x8bd*\
\x9bc\xabBY\x10R\xc2#sLe<\xf0\x0d\xbc\
l\x00\xcd|\x82AY\xc1\x95\x12\x10P\x90\xb9\x7f\x08\
\x05`\xd0\xd7\x5cg!6\xe7\xde\x9b\xfa\x81\xaf\x09\xd4\
,\xac\xa2\xffP x\xf2\x87\xc2\xea\xbc\x8f\xffgA\
\xee\xc5\xfa\xecI\x08s4\x17D\xce\x11px \xa9\
\xfd\xbf\x8aa\xd8\xb9k\x10\x08\x0d\xa8\xe6\x8a`\xfb\x02\
!\xaf\x99)\x98y\x99\xf3\xd3\x0d\x8d\x10\x8a\xc0\xcb:\
\xe69_s\x9c\x9c7\x8f\xc2\x8d\xc7\x85\x15\x8dJO\
\x07\xb6\xb0U\x91\xb0T\xb1\x17\xfa\xad\x04S-\x155\
\xd57v\xef\xd3\xf3\xae\xbeC\x86|w\xc4\xd9c\x7f\
\xdc\xb7W\x8f\xefu\xe9\xd1\xed\xeb\xbd;\xb6\xbbi\xc5\
\x829C\x17\xcez\xbcf\xe1\xc2\x07ct\x0e\x7f\x1c\
\xb0\x19\xf4\x99\xf2\x11\x96\x80\xfc\x08\xcf\xed\xdf~jd\
\xb2\x92\xb9E\xf5\xc4\x13O\xc4g\xccx\xac\xc3\xd2y\
\xb3G\x0f\xe8\xdb\xe3\xd6\xbeC\x07\xfd`\xc2\x05\x17\xff\
\xea\xec\xf3\xce\xffe\xaf\x01\x03>S^]u\xa9R\
\xf6\x00\xa2MI\x98\xc9\x16\x10q\x88\x90\x12\x8a\xcc5\
\xf4\x08=\x06\xedL(N\xe4\x12d\xaa\x96c#\x1a\
cj\xd6R\xc8d\xb3H\xa53\xb0-\x1b\x91\x88\x03\
?\xf0`;\x0a\xb6\xad \x95\x00\x88\xba\x04\x94\xdc\x11\
l\x18\x22\x84\xe456\xc3#@\xdc\x02\xb1\x0c\x8au\
\xd9\x1c\x04Q\xd8\x14\xc2\x1bL\x11|\xe6/-DW\
B\xa5\xce=g\xce9\x1f \xf7\xeb\xfd>\x85\x00L\
a'l\x95\xf3\xe2XB\xde\x0f\x89\xf8\xa6\x80\xaf\x90\
\xfd\xfb&\x17\xa1\xc1\xb1\x09X\x96\x83\x80\xef\x0b\x0b\x0a\
\x91\xa6S1 \xad!XS\xf1I\x09H\x0b\x04^\
\xa4\xbcl\xee\xbd\xa7A\x07\x14\xc0\x8e\xb8\x089\xa7P\
k;\x93N\x15\xf3\x81\x92h\xc4\x1d\xd2\xa9[\xb7+\
z\xf7\xef\xff\xf1\xc1\xc3\x86\x7f{\xf8\xf0\x11?\xe9\xd5\
w\xc0\xcfj\xcb{~r\xcd\x8a\xa5\xe3_\x98?\xbf\
\x0b\xd7\xab\x80Ei\xad\x05\x9f9\xf3\xf3\x11\x94\x00\xb5\
\xe6#8\xab\x7f\xe3)\x19\x835l\x96\xc7\xe2\xd1\x03\
\x06t\xae.\xce\x1f\xd5\x95\x1b_}{\xf4\xff\xee\xc0\
\xa1g\xfdx\xc0\xe0\xc1_\xe8\xda\xa3\xfb\xe5\xf1\xfc\x82\
Q\x04\x9cV\xa1P\x05*\x12\x8fJ\xdb\xa1\x91K\x90\
\xb2A\x93\x8d\xe6r\x9d\x12\x90\x8e\x82\xc1\x18^\x22\xf8\
h\xf8\x9e\xc7\xfb!``\xcb\xf7a\x00\xd46hi\
\x80\x8b\x80\x0b\x04\xf0\xb5\x9f+<C\xc0\xf30W\x02\
\x08\x82\xad6\xf5\xf8^\xeb\x10\xef\x9f\x07\xcc\xadz\x08\
\xc2 \xf7^\xb0]\xc1\xfb\x08\xb2\xc8\x95\xd0\xe3\x91\xc5\
\xe7{s\xfe?\x96\x0c\xeb\xb2\x84i\xc0\xcf@\x07\xe6\
\xdcc\xbf>t\xe8#\xe4\xf8B\xf3<\xc7`\x80\xd7\
\x14\xcd\xf1j\x11\xc2\x94,\xeb\x9b\xf1\x0a\xce\x9b<\x16\
\x01\xc7h\xde\x87\xac\xe3q|\x8a\xb2\x08\xf8l\xc81\
\x86\xd0\x80\x00_\x1a!\x91\xd8R\xdc7\x93\x92\x97$\
\xb4P|V\xf0)\xc9\x9a\x82\x00\x1c\x05L\xa3\xb6-\
\xe0\xd8\x0e\x94\x8a\x0aK\xb5r\xf3\x0bF\xb6\xea\xd8y\
b\x8f>}?\xde\x97\x9bs\x1d{u\xffI\x8f\xf6\
mooSR0\xfa\x95\xe7\x9f\xef\xc45,0y\
v\xe3<\xf1\xaf}\xe5f\xfa\xaf\x1d\xc2G\xa7w\xf9\
\xd1\x99\xca\xbf\xefL4Y\x11\x0d\xd4Y\xf4\xd4SE\
\xc5\x09\xa7K\xff\x9e=\xc7ui\xdb\xf6\xd6N\xdd:\
\x7f\xb7g\xaf\xde?\xea\xdf\xbf\xef\x17\xbat\xebra\
aI\xc9`!U\x07?\xd4E\x848\x19\x107\x08\
\x85\x08\x09\x15\xe6\x18@\x22\x10\x04\x0b)\xe0\x93\xdd\x19\
\x86g\xc0ECC(@Y\x12\x96\xc5t\x82\x00\x81\
&\x80\xa2\xf6X\x04\x5cs\x14l\xc5\x1cm\xfe\xd2\x86\
\xf5\xf9\x04\xbb\xc0\x87\xd2\x1a\x16\x00\x8b\x00&\x08\xd2\x8a\
l\xd9\x14\xa4S\xf0\x9b\x9a\xe1\xd5\xd7#[\xdf\x80d\
]\x1d\x9a\x8e\x9dD\xdd\xfe\x838\xb5w?N\xbc\xb7\
\x0f\xc7v\xbf\x87#;w\xe3\xf0\x8e]8\xb8c'\
\xf6\xbf\xb3\x1d\xfb\xdey\x97e\x1b\x8b9\xfe\x9f\xf7\xfb\
y\xfd\xe0\xb6\x1d8\xb4}\x07\x0e\xf3\x99\xa3{\xf6\xe0\
\xe4\xde}8u\xe0\x10N\x1f<\x8a\xa6\xe3'\x90<\
y\x0a\xd9\xbaz\x04\xf5L\x154'a\xa52\xb0\x99\
\x0a\xb1\xc9\xe6-\x16\xdb\x80'\x85\x229N3\xd6?\
\xce\xc3\xa2|,\x0dP\x04\xb0\x09\x9e\x8eT\xb0\x84 \
\xa8\x87\x08\xfd\xc0\x08\xc3|\xd4\x82EB\xf2\xbe\x10\x8a\
\x8c?@\x86r\x08\x05\xde\x97)\x8f!\xe5`Jn\
S\x91i\x99PH\x11\x84:\x0e\xa9\xda\xe4\xe5\x17\x0e\
j\xd5\xb6\xdd\xb9]\xbbw\xffT\xd7\xae=\x7f\xd0\xae\
C\xfb\xff\x18\xd0\xad\xdb\xb5\x1d\xcf9{\xd4\xf9#F\
t\x5c1kV\xc1\xa6M\x9bl\xb3\xd6l\xe6\x9f\xfd\
\xc3\xd9\xff\xb3\xbb\xfc\xe8\xf6'?\xbaS\xfb\xe8\xcf\x8c\
\x0c\xc8\xba\xef\xbe\xfb\x12\xf3g\xcc\xa8\xad--<\xab\
c\x8fnWw\xe8\xd8\xf5\x0b\xdd\xbaw\xfff\x8f\xde\
\xbd?V\xd5\xaa\xd5y\x05\xc5\xc5\x83\xc9b\xdb\x87\xd0\
\x85B*!\xa5\x22\x84\x12'(\x9e\x9c\xf1K\xa2\x01\
\x8b\xf8C\xe1m\x08\xc5k\xa6H\x8d\x90`\x19\x90\xe5\
\x99#\xdf\x11Z\x03h\xb2=\x22\x0e4\xafk\x02T\
Hp\x09\xb2>B\xcf\x07Q\x04.$\x1c\x02\x98L\
\xf3ZK\x0a\xe9\xd3\x0d\xa8?|\x1c\xc7\xf6\xec\xc7A\
\x02\xe7\xde-[\xb1\xe3\xe5W\xf1\xe6\xea\xb5xu\xe9\
J\xac\x9e\xfd,\x96>\xfa$\xe6?\xf0\x10f\xfd\xea\
^L\xff\xc5o\xf0\xf8\x8f~\x8e)\xff\xf1c<\xf0\
\xed\xef\xe1\xde\xaf\x7f\x1b\xbf\xf9\xca7\xf0\xf3\xcf\x7f\x19\
?\xfb\xec\x97\xfe\xa4|\xf1\xff?\xff\xf9\xe7\xbf\x82_\
\x7f\xe5\x9b\xf8-\xeb\xde\xf7\xad\xef\xe1\xa1\xff\xf8\x11\xa6\
\xfe\xf8\xe7\x98\xfe\xf3_c&\xdb|\xf6\xf7\x0f\xb3\x8f\
'\xb0j\xc6\x5c\xbc\xba\xf89\xbc\xbbz=\xf6l\xd8\
\x82\xfd\x9b\xb7\xe2\xd0\x9b\xdb\x08\xf2\x07\xd0x\xe88\xb2\
\xa7\x1a\x00\x02\xb2Lga\x13\x80\xcd\x5c\x94\x99\x0b\x9d\
\x90\xc8z\xd0\xc6\x99p\xde\x0a\x1a\xcc\xa0\xc0U\x0a\x8e\
\xb4(PJ\xc7\xc8\x82 ,X\xdf\xb1,D\x1c\x17\
\x10\x22'oJ\x0d>e\xe9\x93U\xfbd\xfc\x06\x8c\
\x05\x9fU\xca\x86T\xef\xaf\x89\x0etT:N\x9b\xfc\
\xe2\xe2!e\xd5\x95\xe3\xdbu\xea\xf8\x95\x8e]\xbb\xdf\
\xd3\xa6s\xfb/w\xe9\xdb\xfb\xda\x080d\xc5\x82\x05\
U\xe6s\xc1t\xb2\x0ag^\x1fJ\x09\x9c\x01\xdd\xff\
\xf5\xb2\x89\xff\xf5\x93\xff\xed\x83\x7fEs\xb9\xf4\xc1\xa3\
\x8f\x96\x8d\x19\xdc\xaf\xd7Y}{]\xd4\xa5G\x97\xdb\
;v\xe9\xf2\xc5v\x9d;~\xb6M\xfb\xf6\x97\x17\x96\
\x16\x0f\x86\x14\xed\x85e\x15\x80V\x1f\x04\x01\x022L\
\x02/4\xc15w$\x03\x85\xe9Shh\x96?\x9e\
\x83 \x01^\x0f\xc1g\x08\xae!\xc1&\xe4Q\x130\
\x88,\x08\xc9^\xcdQ\xb1\x92$\xb8\xe4\x0a\xc1I\x9b\
\xdc.7\x9b\xea\x8f\x1d\xc3\xfe7\xdf\xc1\xceW6\xe3\
\xf5\x17_\xc2\xfa\xc5K\xb1r\xe6l,x\xf41\xcc\
\xbc\xff\xf7x\xe2\xd7\xbf\xc5#?\xfb%\xa6\xfc\xf4\xe7\
\x98\xfa\xf3_\xe2\xa9{\x7f\x87g\x1f}\x14\xcb\xa7?\
\x8d\x17\x9e\x99\x87\x97\x97\xad\xc0++W\xe1\xf55k\
\xf1\xce\xcb\x1b\xb1\x8b\xa0\xb8\xff\xcd\xb7q\x88`}\x92\
\xcc\xb7n\xef\x01\x9c~o?\xfe\xf3\xf1\xe4\x9e}8\
\xb2}'\x0e\xbc\xbd\x0d{^\xdb\x8aw7\xbc\xca\xfe\
\xd7\xb2\xad\xe7\xb1~\xd9r\xac\x9a\xb7\x00K\x9e\x9e\x85\
g\xa6<\x82\xc7\xd9\xe7\x94\x9f\xff\x0a\x8f\xb0\xff\xc7\x7f\
\xf9k<\xf5\x9b\xdf\xe1\x99\xfb\x1f\xc0\xa2\xa9O`\xd5\
\xecy\xd8\xb8\xf49\xbc\xf1\xd2z\xec\xda\xf4\x1a\x0ep\
.M\x87\x8f E\x96\x1c\xb6$!\x99\xd7\x85\x01_\
\x93f!\xc8\x82r\x15,\x96\x16p\x84\xcc1\xe1\x1c\
\x84\xf2Z\xc0\xfb\x12\xa0\xa4\x00My\x87\xb9\x02JV\
\xe7\x8a\x86\xce\xdd\x03\x9f5\xf7L\x1dm\xd0XY\x02\
\xca*\x02\xd06QP8\xa4\xbc\xaa\xe6\xca\xea\xda\xea\
/\xb7jS\xfb\xe5\x8e]\xda\xdf\xd2\xae\x7f\x9f\xf3;\
WWw}i\xd1\xa2\xa23\x9f\x82\xa0\x94>d?\
F'>\xf0C&\x06\xfc\xaf\xc6\xf8\xbf}\xee/\xeb\
L\xffe\xd5\xfe\xd2Z\x7fAs\xb3~\xf9\xcb\xe8\xd4\
\xa9\xf7U\xf6\xea\xd4\xee\xac~C\x06N\xee\xda\xb7\x1f\
\x81\xb6\xd3\x17\xdau\xe8xkIy\xc5\xd9R\xd9\x9d\
\xd8L!\x0dX\x09K\x11<G\xbfQ\x00\x00\x10\x00\
IDAT\x0f4|\x0aA\xd86\x14Y\x97T\x0a\
\x10\x02\x82\xb9G\xc9B$ \x1a\x80\x85O\xc1\x94?\
\x9c\x13\x1cl%!yM3\x07\xaa\x09\xb4\xa6\x08\x82\
\xb7\x22\x08#\x93E\xeat=N\xee\xdb\x8f\xf7\xdex\
\x13o\xac[\x8f\xb5K\x96b\x11\x81s\xf6\xc3\x8f`\
\xfa\x83\x0f\xe3\x89\xdf\xdd\x8fG\x7f}/\x1e\xfd\xcd\xbd\
\x98\xc1k\xcbf?C@}\x8e@\xba\x01{\xf9\xcc\
\x91\x1d;\xd0p\xe0\x00\xb2'N <}\x1a\xb2\xa9\
\x09*\x95\x84\xf22\xb0\xc8\x9c-\xf6\xe9\xea\x10Q:\
\x84\x18\x1dE\x8c\xe3\x89\x08\xc0\x5c\xe3\x16\xd5\x7f9F\
8VS/\xca\xba\x11\x16rL\xd8\x1c\xabE\xf6-\
\xe9\x10\xc2\x96\x16\x84\xcd-\xf0\xd8O\xeaT\x1dN\x1f\
>\x8c\x83;wa\xf7\x9bo\xe1\xad\x8d\xaf\x10\x98W\
\xe0\xb9\xd9s0\xfb\x91G\x09\xca\xf7\xe1\xf1\xdf\xfc\x16\
\xd3~w\x1f\x9e\xfa\xfd\x83\xb9k\x8b\x9f\x9e\x815K\
\x97\xe15\xceu\xd7[o\xe2\xf8\xbe}H\xd5\x9dF\
\x98J\x03\x04`\x10`A\x96\x0b\x1e\xb5)\x04]\xc9\
\x5c\x82\x82\xa0\x1cY\x04\x8b\x919\xe7`$\x9d+t\
Z\x9aE\xf2\xba\xb4l\x08\x16\xad$|\xce%\xe0u\
\xcd\xf5\xa2\xd3\xb3\xb8\x1c\xf9\xd2v\x09\xc0Ec\xab\xab\
\xdb\xdc\xd1\xbam\x87/\xb5\xe9\xdc\xee\xf3m\xba\xb4\xb9\
fh\xefN\xfd\x97\xcf}\xa2\xdc\xe4~q\xe6\xf5\xa1\
\x90\xc0\x87\x02t\x8d\x82\xfeo\xa4\xf9\xbf}\xee\x7f\xd3\
\xd7?\xf2\x19\x86\x92\xd1G\x1ey\xa4\xba\xaaw\xefq\
\x13\xce\x9epg\xcf\xde}\xbfP\xdb\xaa\xd5\xc7\x8a\x8a\
\x8b/)(*\xeam9Vm\x08\x9d\x80\x14\xcc\xd3\
r\xd64\xdct6\x93cS\x81 &\x10\xbcLh\
K0&\xce\xf2>\xad\x98\x97\xa18h\xc5\x13S\x04\
\xafI\x16\xc1\xba\x86\xbd\x86\xa9\x14\xc1\xcf\x87+\x05\x1c\
\x0d\xf8\x8dM8\xb2{\x0f\xde}\xe5U\xac%{]\
H\x80\x9d5u*\x9e\xfc\xfd\x03x\xf2\xfe\xfb1\xf3\
\xa1G0\xff\xc9\xe9X:\xeb\x19\xbc\xb1\xf6e\xec\xde\
\xfaf\x0e\x943u\xf5@\x92m\x11\xa8m\x82\x91\x93\
\x03\xd3\x00\x0e\x13\x156G\xa8\x08\xea\x167\xb9\x5c\x22\
\x94k\x09XLi\xc8\xdc\xa7~C\x8e.`z\xc3\
G\xc0:\x017\xd6\x04\xebK\xde\x17,\xff\xf9h\xee\
y^\x1a\xa6\x1e\xb4OQ\x04PlS\xb1-K\x02\
6\xdb\xb6-\x0d\x93\x12\xb0\x08\xe4\x8am)\x11@\x9a\
\xba\xdc`\x13\x99\x0c4\x01\xd4'('O\x9e\xc4\xb1\
\xf7\xf6b\x07\x19\xf3kk\xd7b\x09\x1d\xc6\xdc'\xa7\
a\xfaCS\xe8L\xee#\x18\xdf\x9fc\xccK\xa6M\
\xc7\xba\xc5K\xb0\xfd\xd5\xcd8\xbasO\x8e\x0d\x83y\
b\xe5\x85\xb0|\xf6E\xb9\x09\x02\xb1$\x00\xb3kX\
\x9c\xd1\xfbE@\x02\x08\xe9\x14\xccf\x1dq\x19$\xbb\
\x1c\x91\x86Y'\xb3f\x01Y\xb3\xc7\xf5\xd0LS\x84\
\x04e([h-\xe2\x96\x1bm\x95WX\xd4\xaf\xb0\
\xb0dRye\xf5'\xdau\xea\xfc\xc5\xbe\x03\x86\xdd\
\xdc\xf1\xdcs\x87N\x9f\xfep\xc5\x92%\xbf5\xfe\x86\
\xad\x7f\x84~\xa8\xa3\x1f\xa1\xd9\xe4\xd6\xfe\xa34\x9f\xbf\
y.\x1f\x94\xf5\xbd\xe7\x9e{\xe4\xac\xfb\xeeK<\xf1\
\xc4\x13\xadiEc\xc7\x9d5\xfc\xee\xce]\xba|\xb2\
\xbc\xba\xea\xce\x92\x8a\xf2q\xb6\xeb\xb6\x13B\xc6\xb5&\
~\xd1@\x8d\xd1\x1a\x83\xcd\x12\xc0\x02^\xd4dV \
S\xd2\x04M\xcdIih\xc2\x9c\xce\x81.q(\xb7\
\xc1e@V2?)\x08\x0a\xa6\x80LV\xe4\x8a\x0f\
A\x00\xaa?x\x08o3\xc4_1g\x0efO\x99\
\x82'\xef\xbb\x1f\x8f\x93\xc1>M\xf0Y\xf8\xd4\xd3X\
\xb3h\x09\xde\x5c\xff2\xf3\xb4\xdb`BpA&\x19\
#\xd8Xd~6\x01%\xc2q\xb8\x04\x1e\xee\xfe\x10\
pB8\x04KAh!\x84\xbf\x0f\x82\x8e\x84 \x0a\
\x05\xc2C&H#\xcb\xa2s\x83\xe32*\x16\xde3\
\xf7\x05\x01Sp\xe3\x1f\xe6h\xae\xf1\x9e \x8a\x09z\
\x8b\xf7\x8f\xff\xa7\xae\xb4\x01\xc9\xba\xef\x17^g{Z\
\x06\x04\xb3\x0c\x02\x02,\x98S5)Xi\x9e'(\
k\xe1C\xf2\x9acI6\x1f\x12\x84\x03\xca&\x80M\
i9\x94\x99C\xf9D\xe8\x88D2\x89\xe6\xa3\xc7r\
\x1bu\xeflx\x05\xeb\x97.\xc7\xd2\x99\xb30\xf3\xe1\
)x\x8c\xe9\x8a\xa7\xe8|\xe6M}\x1c/\xcc\x9d\x87\
\xb7\xd6\xaf\xe7f\xe0^\x84tT\xc8\xf8\x10d\xdb\x22\
\x07\xbe\x1a*\x04,\xb2X\xc5\x22\x01\x08P\x1a\x94y\
\xc0\xc2\xd5\x01\xccZr,!\xe7\xc6\x0c2\xb4\xb2\x10\
\x0a\x81,\x9f79x>.}\xad\x1d\xa6\x22\xf2\x1d\
;\xd29\xaf\xb0\xf4\xfc\xd2\xca\xaa\x8fu\xec\xd6\xf1s\
\xa3\x86\x8e\xb93\xe6t\x19\xb5d\xce\xb4Z\xea\x0du\
\xc3\xac<>\xfc/\xfdA\x9b\x82Y\xb5\xff\xfd\x98\xcc\
\xba\xff\xef\x9f\xfe\x08>\xf9\xaf^_\x1a\x93 \xab\xcd\
\x1b\xd4\xbbw\xc76\xbd{\x5c<b\xf0\x80O\x0e\x1a\
<\xe8\xe3U\xadjn)-+\x1b!\x94U\x0d!\
\xa3\xd2\xb2\x94b\xda \x94\x02\xa6\x109 \xc8py\
\xd9\x9c\xc2qh\xac9\x80\xd3\x10\xc2(I\x08\x13\xf6\
\x0a\x1a71\x0bf\xe1\x05\x0d\x1f\xdc\xb5\x07\x01\x16d\
\xa3aC\x13\x0eo\xdbA\xf6\xb6\x14\xb3\xa6<\x8a\xc7\
\x98\x1e\x98\xfa\xab\xdfb\xce\xa3\x8f\xe1\xf9\xf9\x0b\xb1\x85\
9\xda\xbdo\xbc\x85\xd3\xfb\x0e\xc0;u\x1av*\x8b\
x\x08\xc4X\xa2\x04\xd9\x04\x04\x0al\x87\x9bi\x1e\xb1\
-\x00\xe8\x004YjH\x96\xea\xb3dY\x0c\xa8\x86\
\xb6F\x0a\x19\xb4\x84I\x96\x14Z4\x8b\xcc\x22\xa5<\
^\xe71\xcc \xa3\xb3H\x87Y$\xfd4Z\xbc$\
R\xe6\xe8\xa7\xd0\x94m\xf9\xffK3\xaf\xb7x)\xb4\
\x10\xac\x93A\x0a\x1e\xb2H\xf3<\xc5\xeb)\xaf\x85x\
\x97\x86\xc7\xfe\x03\xca!\x14!\x022[\x8fmf\x83\
\x0cL\x09\x18\xc8\x0b\x02\x1c(\x90\x8cy\x9e\xfd\x86\x04\
\xe1\x1c\x93f]\xc9\xfb6\x9f\x8bZ\x0a\x8a\x0c\xdd1\
s\x94\x0aq\xea\xbd\x95f\x1bL/4\xd01\x1dx\
\xf7]lY\xfb\x12\x9e\x9b\xbf\x00s\x9ex\x12\xd3\x98\
\x92x\x92\xf9\xeb\x19\x0f?\x8a\xf5\xcb\x9f\xc3\xbe\xb7\xde\
\x81w\xba\x11\xe0f\xa3`NXp\x93N\xfa!,\
\x02\xac\xe2\xda\x08\x82\xbaf\xfb\xe0Qr=\x05W\xc7\
\xe7\xb9V\x02Y:\x0a\x9fr5k\xac\xb9\xbe\xe0X\
4\x9f\x81\xb2\xc1bC\xa8\xb8Tv\x9bD\xa2`|\
Ye\xf9\xad=z\xf4\xf8t\xaf\x01C?\xdd\xabk\
\xa7K\x9f_\xb2\xa4\xd3\xaaU\xab\x12\xc6\x81\xe3#\xff\
\x12\xff\xc4\x19\xea\xbf\xa9/\xf97=}\xe6\xe1\xbf\x9b\
\x04\xfe\x08\xb6\x8b\x17\xcf\xeb1t\xd0\x80I\xc3G\x9e\
\xf5\xb9\xde}\xfb}\xac\xb2\xba\xea\x06\x1a\xd3h'\x16\
\xad\x96\x8e\x15\x87\x14\xc2\x18\x9da?\x81\xe6\xe2K\x05\
\x936\xf0\x18\xbak\x1a*\xc8\xce\xcc\xa7\x0d<\xe6E\
\x05\xcfM\x91\xbcn\x0b\x01G)XR\xc2\xb0\xae\xa0\
\xa9\x99;\xf5\xa7\x909q\x12\x87\xde\xdd\x86\xd5\x0b\x16\
\xe0\x91_\xff\x1a\x0f\xfc\xecg\x98\xf1\xd0CX9\xf7\
YlY\xb3\x06\x07\xdey\x17\xf5\x87\x0e\xc3c\x0e\xd7\
an4\xc1\xe7\xf3m\x1by\x0c{c\x12p\xd9\x87\
E6(\xc9nu&\x0d?\xcdT\x02\xc1B\x08\x8e\
\x8d\x80\xa5\xc9&Av\x0a[ \xe4\xd1\x80fC\xba\
\x11i\xe9\xc3wy-\xa6\xe0\xc5,dI\x89\xd3V\
\x08O\xf1\xb9\x88\x05\xb7 \x86Di\x01\x0a*KP\
\xd6\xba\x0a\xb5\x1d\xdb\xa25\x8b9\xd6th\x83\x9a\x0e\
my\x8dGs\xadCkT\xb7k\x85\xe2\x9ar\x14\
V\x14#V\x9c\x80\x9d\x88@D-h\x07\xf0I/\
=\x19\xbe\x0f\xe2\x06\x94\x09\xaeY\xe1\x13\xf6\x83\x1c\xa8\
'y\xcd8\x82\xc0\x0e\x11\xb0\xae/}\xc2\xad\x8f\x90\
\xbf\x05\x9fS\x9c\x8b\xe0f\xa2$\x80[t$\xca\xf7\
\x98r\x09\x11\xa7,\x22\x02\xb0\x8c#\xa3\xfc\xfd\xe6f\
\xd4\x1f=\x8a\xfd\xdb\xb7c\xcb\xbauX\xb9`~\x8e\
\x09O\xf9\xc5\xaf\xf0(e\xfb\xc2\x9c\xb98\xf8\xce6\
d\x09\xd6F\x9e>7\x1e\xc1\xb4\x86\xa2\x16\xd9\x5c\x1b\
\xae$L?\xc6Y\x812\x15\x04\xdb\x5c\x11@\xc8\x92\
%0\xfb\x5cK(\x89\x10\x12\x9ak\xaf\xa1\xa0M8\
#\xad\xb8\xe3\xc6Z\x15\x17\x15\x8f)))\xb9\xa1k\
\x8f\xee\x1f\x1b8x\xc0\xe7\xdbV\x96M\x9a0vD\
\xd7%K\xa6\xe5\xdfs\xcf=\x92]}D\x7f\xf4\x87\
f^\x1f\xe1E\xf8\xd0\xac\x01\xcc\x0e\xf4\xb33g\xb6\
\x1f\xd8\xbb\xf7e\xc3\x87\x0e\xffb\xe7.\x9d?c\xbb\
\x91k-\xc7\x1e\xec\xc6\x12\x15\xcaq\x0c\xd8\xd2\xfc5\
\xb4\xa0\x91\x91!\x85Z \xcd]\xf4\xfa\x86\x06f\x05\
B8\x96\x03\x9bFH\xbc\x83E\x03u\x09\x8a\xa4A\
 \x8e\xb0h\x18P4\x8cV3\xe4\xf5\xeb\x1b\xd0x\
\xf80^y\xe1\x05<\xf0\xf3\x9f\xe3G\xdf\xf8\x06\x1e\
\xbd\xf7^\xacZ\xbc\x08\xdb_\x7f\x0d\xa7\x0e\xeeG\xcb\
\x89\xe3\xb0\xd8~\xbe\xb2\x10\xa3\x81\xbbdy\x16\x8d\xde\
K\xb6 \x9blF\x90%\x8b$\xc8\xe6\xc0]h\xd8\
\x8e\x82\xe3\xdaP\x96\x82\xe0\x00\x02\x15\xc0\x13\x04/\x19\
\xc0\x80-\x98J@T\xa1\x88\xc0\xd8\xb6{gt\xea\
\xdd\x1d\x9d\xfb\xf4@\xcf\xc1\x030\xf6\xa2\xf3p\xedm\
7\xe1\x8eO\x7f\x02w~\xee\x13\xb8\xebs\x9f\xe4\xf1\
\x93\xb8\xed\xd3\x1f\xc3\xcd\x1f\xbf\x1d7\xde}\x1bn\xe2\
\xf1\xae/|\x12\x9f\xf8\xf2g\xf1I\x96?=~\xe2\
K\xe6\xda\xe7\xf0\xa9\xaf|\x81\xf7?\x87\x8f\x7f\xf1\xb3\
\xb9\xe7o\xfd\xe4]\x98|\xf7\xad\xb8\xee\x8e\x9bp\xd9\
\xf5Wa\xc2\x15\x17c\xe4\x84\xb1\x180j(\xba\x0f\
\xec\x8d\xda.\xed\x90WQ\x04\x95\xef\x22\xa0\x03\xc8\x12\
lS:\x8d\x16?\x05\x03\xc4i\xb2\xed,<$\xb3\
I\xf8d\xc8\x10\x01@ \x0e\xfc,\x02:5\xcd\x5c\
\xb0\x97\xe6\xbdL\x0b,^wx\xdf\xa1\xa31\xf9\xe9\
\x90\xe9\x88\xbaC\x07q\xf4\xbd\xf7\xf0\xde;o\xe3\xa5\
e\xcb1\xe5W\xbf\xc6\x8f\xbe\xfa\x0d\x1e\x7f\x83\x8d+\
\x9fG\xdd\xfe\xfd\xc8\xe4\x00\xb8\x01!\x9d\xe0\xfb\x0c\xd8\
'\x88\xb3\x10t\xa3\x04u\xfa*\x03\xab\x14\x9f\x84\xc5\
\xb5\xd0\xbc\xde\xd4\xdc\x844\x81_\xd3\x91\x9a\x12R\x1f\
\x8c^@H%l;\x1eq\xa3\x15\x11720/\
?\xef\xea\x9a\xb6\xad?\xdf\xadK\x97\xafvi\xd3\xed\
\x8a\xf1#\x07\xb7\x9b5k\x16\xdd\x10\xce\xbc\xfe\x85\x12\
8\x03\xba\xff\x14\xe1\x8b\xff\xb6\x17\xad\xb5 \xe0\x96V\
U\x95\x0d\xeb\xde\xab\xc7gz\xf6\xed\xf3\xe5\xfc\x82\xc2\
IJ\x88\x9e\x91h\xb4\x80\x8c\xd5\x0d\x82@j:\xf1\
\x80\x0c' \xf0\x05\xe6\x8da@44\x87\xa1|a\
^\x01l\x9e{\x04@\x9fLT\xb2\x8e\xc5\x22y\xae\
B\x0d\xe9\x070\xc6\xac\xb9\xc1\x93<~\x02\x9bV\xaf\
\xc1\xfd?\xf9)\xbe\xf1\x99\xcf\xe1\xb7?\xfe\x09\xd6\xd3\
\xf8\x9b\x8e\x1fg\x9d4\x82\xe6Fn&\xb5 N\xc0\
\x8e\xdbd\x89\xdc\x8ckil@\x9a\xd7C\x1a\xb9\x92\
\x02\xb6%!-\x01\xad\x80@i\xf8\xc2C\x8a\xcc\xb1\
\x89!}C\xaa\x19\xf5\x99\x06\x80\xec5^\x9c\x87\xaa\
\xf6\xb5\xe8=\xa8/\xce\xb9`<\xae\xb9\xf1Z\xdc\xfd\
\xa9\x8f\xe3\xe3\x04\xd6O|\xf6\xd3\xf8\xdc\x97\xbe\x80\xcf\
\x7f\xf9K\xf8\xd4\xe7?\x83\x1b\xef\xbc\x03\x17]}\x15\
\xc6]p>F\x8d?\x07\xc3\xcf\x19\x83AcGc\
\xc0\xd9#1p\xf4H\xf4\x1b5\x1c\xddF\x9c\x85v\
}z\xa1]\xf7\xaeh\xd7\x83\xa5{7\xb4\xe9\xd1\x0d\
m{\xf6@\x9b^\xdd\xd1\xb6W\x0ft\xe8\xdd\x03\xdd\
\x06\xf4C\x9faC0x\xec\xd9\x18~\xfex\x8c\xb9\
\xf8\x02\x8c\xbf\xf4b\x5cz\xebM\xb8\xee\xae;p\xeb\
\xc7\xef\xc2\x9d\x1c\xc3]\x1c\xc3\xc7>\xf7)|\xec\xf3\
\x9f\xc6\xdd\x9f\xf98n\xba\xf3f\x5cr\xd5e\x18>\
v$\xba\xf5\xeb\x81\xaa\xb6\xd5\x88\x17\xc6A\xe1B\x93\
\x81\x87*\xe0\x5c\xfd\x5c\xda#\x0b\x82.\x01\xdag\xb1\
\x22\x0a\x91\x98\x0d\xdf\xcf\xa0\xa5\xa5\x01)\x960\x93\xa2\
\x03\x0c\x91\x1fu\x11\xa3\xac@\xd9\x9b\x0d:0\x8d\xd3\
|\xfc\x18\x9d\xdd*\xdc\xff\xd3\x9f\xe1\x9b\x9f\xfb<~\
\xf7\x93\x9f\xf0\xfd\x0bHq\x0d\x90\xc9B\xb0(_\xc3\
\x95\x16B\xe6\xc8%\xc1]\x1ag\x97J\x22\x9bj\xe1\
\xca\x03\x89x\x1c\xb6mC\x9bw\x82\xaa%\x04\xd9\xae\
\xe6{\xf0\x8a\x84\x16Bz\x9e\xef\x86@!4\xba\xe7\
\x95\x94\x5c\xd1\xb6S\x97/\xb5n\xdf\xfeS\xe5\xc5\xb1\
\xe1\x0b\x17N/\xfdh\xb3^|\xa0_\xf2\x03=\xba\
\x8f\xcc\xe0\xf4\x7f\x99\x89\xf9\xa3\x86\x99\xd3\xa6\xf5\xee\xd9\
\xb9\xe3m\xc3\x06\x9f\xf5\xad\xd6m\xdb^&-\xd5\x9d\
\xa0\x1a\xf7!\x0c^\xd2\xb0\x5c(\xcb\x82\x90\x12RX\
P\xca\x86 \xc0\x9a\xc6\x88\x7f\xc8-\x1e\x01\xd6\xe2\xb5\
\xa8\xe3\xc2\xb5lH\xd3\x15C]c\xbchlF\xe6\
\xe8ql{e\x13\x9e\xfc\xed\xef\xf0\xf5O}\x1a?\
\xff\xce=\xb9\x8f>50e\xa0\xd2i\xb2\xd9\x0c\xcc\
\xc7\xa94\x0d\x9a\xbb3\xb0\x19*'\x1b\xebA\x80\xd5\
Z\xfb\xb0\x99\x1b\xce/L\xc0%\x80d\x98\x93m&\
\x0b\xcc\xc0\x87\xc7\x8d(\xdf\x01t\xc2F\xac\xa2\x10\xad\
{u\xc6\xf0\x0b\xc6b\xe2\x8dWa\xf2\xc7n%\xe3\
\xfc,\xbe\xfa\xddo\xe2\x0b\xdf\xf9\x1an\xf8\xd4\xdd\x98\
p\xe5\xa5\x186f$\x01q(\xda\xf5\xed\x8b\xd2\xb6\
mQPZ\x8a<:\x8dX\x94\xedK\x87\xf8&a\
G\xa3\xb08_+\x08\xb9\xe1\x14r\xe3)\x04\x18\x82\
\xeb\xc6F\x04--\x04\x9eT\xae\x984F\xc0T\x06\
\xe8l\xc0\xfb0\xe0\x84\x10\x82E)\x09\xcbV\x1c\xbb\
\x0d\xdbu\xc8\xc0\x1d\x90\xcb\x22\xea*\xe4\x97\x14\xa3\xb8\
\xba\x0a\x15\xed\xda\xc0\x00x\xdf\x81\xfdp\xd6\xd9\xa30\
\xe1\xb2\x89\xb8\xfe\x96\xc9\xf8\xcc\x17?\x87\xaf}\xfb\xeb\
\xf8\xdc\x97?\x8fko\x9d\x8c\xf1\x97\x5c\x80^\x83\xfb\
\xb2n'\xb2\xf42X\xf9\x11\xe88\x011*\x91u\
42\x04c\x8fr\x0a\x09\xc0\xb1\xbc\x08\x0a\x8a\xe9\x04\
\xa36\xb3\x03>B2b\x13\x19\x80\xf9h\x9b\xeb\xa4\
L\x0a&\x95BH\x16\xac\x98\xd7M\x1f?\x89WW\
\xbe\x80\xdf~\xf7?\xf0\xedO\x7f\x0e\xe6\xf3\xc2\xdb\xd7\
m@\xf6\xc8q\x88\xfa&\xd8t\xb0*\x140\xeb\x1b\
sl\xc4m\x9b\xf2\x08\xd8\x1c\xd7\x8c\x9bs\x9aN\x95\
\xa0J\xfd\xd0\xa0\xc8 \x84\x809\x91\xd4\x19\xcbq \
\x85\x84\xb2m\x15xA\x8c7:\xd7\xb4jsE\xff\
~\x83\xbe\xd9\xb6\xb6\xd3]\x83\x06\xf5\xeb?m\xda\xb4\
|\x9cy\xfd\xd3%\x90\xb3\xdb\x7fz\xaf\xff\xa6\x1d\x1a\
f;\xeb\xbe\xfb\x12s\x9f|\xa4\xcf\xc0\xbe\xbdn\x19\
4h\xd0\x0f\x87\x8d\x1c}WIY\xd9\x18\xd7qk\
\x03\xdf\xe7\x9eJ\x983\x1eI+2\xb9Z?\x0c\x10\
\x92\xe5\xfeQd\xb4C\x98E\x13\x10P\xc2\x82%\x14\
\xf3\x80\x00\xb8I\x03n\xee\xe8\x96\x14<\xa6\x1c\x0c{\
5\xbb\xeb\xbf\xfb\xd1O\xf0\xa3\xaf}\x033\x1f}\x0c\
\x07\xb7\xefD\x84\xc6\x1fe#\x9a\xc6\xef\x10\xd8b\x96\
b\xe8*@\xaaF\xc0\x0e`\x93\x99)\xa1\xe1\x07Y\
\x06\xcadOD\xf1,\xc7`\x98l\x86\xe9\x82DY\
!\xca\xda\xd5\xa0C\x9f\xae8\xe7\xb2\x0bp\xc7\xe7?\
\x85/\xfe\xc77\xf1\xd9o\x7f\x95\xe0z;&N\xbe\
\x0a\xa3\x09T=\xcf\x1a\x88\xe2\xda\x0aH[B\x98\xd0\
\xdcx\x89X\x0c\xe6\xbb\x1b2du\xcd\x04\xfdF2\
\xef\xa6\x13\xa7r\x1bs\x07\xde\xdd\x8em\xaf\xbf\x815\
\x8b\x97rCj!\x16\xcc\x9a\x8d9\xd3\xa6\xe3\xe9\xa9\
O\xe0\x89\x87\xa6`\xca}\xbf\xc7\xc3\xf7\xde\x8f)\xf7\
\xde\x87\x87X\x1e\xfe\xdd\xfd0\xe5\x8f\xe7\x0f\xfd\xf6>\
\xdco\xfe\xf0\x82\x9bXOO}\x1c\x8bg\xcf\xc1\x8b\
K\x97\xe3\xd5\xd5/\xe1\xb5\x977b\xc7\x9boc\xef\
\xae\xdd8v\xe0 \x9a\x8e\x9d@\x969\xea\xd0\xc8K\
Y\x90\xae\x03\xc1\xf1i\x84\x08E\x80hA\x1c\x86M\
\x9fs\xc9E\xb8\xf1\x13w\xe1\xcb\xf7|\x83\xe5\x9bL\
k|.\x97\xaa\x18{\xf1y\xe8\xd8\xbf\x07\xe2\x95E\
\x08\x99\x96H3%a6\xfa2\x9c\xa7\xa73\xc4\x7f\
\xa6^\x98'\x96\x0ap\x1d\xc5u\x02\xd7,$\xf0\xf3\
\xbd\x10\xb9\xa3\xc3\x1c\xb1\xa2\xb3\x88p#3\xcah\xc4\
\xfca\xc7\xbc\xc7\x1e\xc7\x8f\xbf\xfe-\xfc\xf6\x87?\x80\
\xf9\x5cp\x9a\x0e3`\xfaA7'\xe9x<\xae\x8f\
\x86\xc3\xf1F]\x1b\x0e\xe5\xaa\x14\xdb\x15`\xdb\x02B\
\x88\xf7\xd9.q\xa6u\xc1\x00\x00\x10\x00IDAT\
\xd76$\x18\xf3\x87\xb2w\x10h\x01\x9fE\x0b\xa5B\
-k\x13\x85Eg\xf7\xec\xd5\xeb\xee^\xdd\xba\xfd\xa0\
G\xc76\xb7\xacZ\xf5\x5c\xdf\x15+V\x14\x18\xdd\xc4\
\x99\xd7?E\x02\xf2\x9f\xd2\xcb\xbfy'F\xa1\x99F\
\xb0\x17\xcc\x9e\xdd\xa1C\xdf\xdeW\x8e<\xfb\x9c\x1f\x0c\
\x1e4\xf8\x8b\xed;w8\x07\x08\xda\x85A !e\
\xcep$\x8dJ\xd3H@0\xf5i9\xc4H\x1a\x93\
\x809\x06\xbe\x06\x08\x94\x9a\x07\xe2\x22\xccE\xcd\xbck\
\x90\xa4\x91\x13l[\xea\xea\xb1\xf3\xcd\xb70\x9d@\xf5\
\xd5\xcf~\x1e\xd3\xa6<\x8a\x8d/\xacF\xfd\xa1\xa3\x04\
[\x81<i#\xa2%\x1c\xb6\x1ba\x7f\x11KA\x93\
1\x85L#Xl\xd0!;\xb4\x94\x00Q\x12\x01\xff\
)nhE\xc8\xec\xcc\xe6T\x8f\xbe=q\xe1\xe5\x97\
\xe0\xa6\xbbn\xc3W\x08B\xdf\xfc\xd1\xf7p\xfd\x9d\xb7\
a\xc89\xa3\xd0\xaa[\x07\xe4W\x97\x22R^\x08\xb7\
\xb4\x08MM\xf5hh\xa8\xc3\xe9\xc6\xd38y\xfa\x14\
\xf6\xee\xdf\x87\xcd\x1b7\xe0\xb9ys1\x7f\xe6L<\
\xfe\xc8T\xfc\xfc'?\xc3w\xbf\xf6m|\xed\x0b_\
\xc6W>\xf7E|\xefk\xdf\xc2/\xbf\xff\x13n8\
\xdd\x87'~\xf7\x10f>\xfc\x18\xe6>6\x1d\x0b\x9f\
\x9a\x85\xe5\xb3\xe7c\xd5\xb3K\xf0\xe2\xc2eX\xbd`\
\x19^dY=\x7f\x09V\xcf_\xca\xeb\x8b\xf1\xfc\xdc\
Ex\xe1\xd9\xc5X\xb7d%\xcf\x17c\xfe\x933\xf1\
\xe4\xfd\x0f3\x84\xff%~v\xcf\xf7\xf1\x83\xaf\x7f\x1b\
\xdfg\xf9\xd1\xd7\xbf\x83\x9f~\xf3{\xf8\xd5\xf7\x7f\xcc\
\x5c\xf6o0\xedw\x0f\xe2\xd9)\x8fa\xe5\xec\xb9x\
}\xe3F\xec\xdb\xfb\x1e\x9aZ\x9a\x90${N\x91\xf9\
\xa7y\x9ea\x09\xe9x\x0a\xcbK\xd0yp?\x8c\xbb\
b\x22\xf3\xcbw\xe0\xf3\xdf\xfa*\xbe\xf3\xe3\xef\xe3S\
_\xfe\x1c.\x9et)\xce\x1a=\x0c\x95\xad\xaa@/\
\x88\xd0\x16\x88\xc6#\xc8\xcb\x8f\xc38L\xcbR\x04I\
\x0b\x922\x0e\xc9~\xc3\xc0#xJfa\x14b\x5c\
\x8bh\x08$\x88\xd0\x11?D\xd3\xe1\xa3\xd8\xb4j\x0d\
f\xd3q|\xe9\xe3\x9f\xc2c\xf7?\x80w^y\x15\
\xcd'N\xe6\x18\xaef\x9aG0\x1a\x91\xa4\xb8\xd28\
c\xb2l\xcd\x12r\x83\xcf\x94\x80m\xfb\x81\xcfL\x85\
G\xc7\xa9M-8\x91\x18\xa4\xe5 \x84\x84\x17p6\
\x1a\xb5\xad\xda\xb4\x1e\xd5\xa7O\xff\xcft\xeb\xdc\xe5'\
m\xabJ\xaf\x7f~\xe9\xd2n\xcc\xf7F\xcf\xa4\x1d\xf0\
\x0f\x7f\xc9\x7fx\x0f\x7f\xef\x0e\x88\x09\x7f\xef&\xff\x81\
\xed\x09\x03\xb6s\xe7N\xabl\xdd\xbazT\xc7\xae\x1d\
?\xd3k`\xff/\x94\xd6T\x8f\x83\xa5Z#\x0c\x18\
\xa0\x0a\x04A\xc0!h\xe2\xae\xc1^\x05\xa9\x14\x88\xc0\
P\x96\x0d\xc9\x90RKcb4 \xa2\xad\x04M\xc7\
\x18\x1b\xc1\x12\xe94\xb2\x0cUO\x1d:\x84\xcd\xdc\x14\
{\xe4\x97\xbf\xc4/\xbe\xf3],}z\x16\xcc\x17\xc6\
\xa4O\x9e\x86\x93\xd5(\x8d%P\xcc\xbd8\x9b\x80\x1d\
\xb4$\x112\x14\x07\xcd\xd1\xa3\xa1j\xa6\x09D\xcc\x02\
\xb8\xc9\xe5q\xd3+\xb0\x81\x18\xf3\xb1\xe5d\xb3\xfdG\
\x9f\x85+n\xbe\x0ew\x7f\xf1\xd3\xf8\xec\xd7\xbe\x88\x9b\
>v\x1bF\x9d;\x0e\xd5\xadja9\x0e\x94\xeb\x00\
\x04r\x8f}\x9c>^\x87\x9do\xef\xc0\xebk7b\
\xcd\xb2\xe7\xf1\xec\xb4\xd9x\xe8\x17\xbf\xc3\xaf\xbf\xffs\
\xdc\xfb\xa3_\xe1\xe1_\xff\x1eO\xfc~*f?6\
\x03\xcb\xe7-\xc1\xd6\xf5\x9bqd\xcfA4\x9flD\
\xba\xae\x05\xcd\xa7\x9a\xd0\xc2\xe27g\x81L\x08\xcb\x97\
LuH:\x08\x85\x88p\x90\xb0bH\xd81D\xe1\
 \x06\x171\x11\x81\xcb\xc1\xba\x81\x05\xdbSp<\x09\
\x95\xd1P\xd9\x90\xe7@\x84\xcfGx-\xa6m\xc4\xf9\
\x8cNzh9\xd9\x80\xc3{\x0f\xe0\x9d-ob\xfd\
\x0b/\xd1\x09,\xc2\xbci\xb3\xf0\xe4\x83Sq\xdf\xcf\
\xef\xc5\xaf\x7f\xf2k\xfc\xea\x07\xbf  \xdf\x8b\x19\x8f\
<\x89\x17\x9f[\x8d\xdd\xef\xec\xc2\xe1}Gp\xe2\xf0\
q4S\x9e\xd9\xa6$\x04\xc1+\xaf\xa0\x00U\xad[\
\xe1\xac\x91\xc3q\xfdm7\xe3\xae\xcf~\x0awq\x03\
\xf0zn\xda\x8d\xbb\xf0\x5c\xb4\xe2&]\xc6\x0a9\x10\
\x81\x8c\xc8\x22\x15\xa4\x90U>\x04\x1d\x99\xe0\xa6b.\
%\x91\x03K\x0f>s\xc0\x8a@Y\xc8\xd4JI\x22\
\x86\x08\x81\xd8;}\x1a\x0d\x87\x8e`\xc5\x9c\xb9\xf8\xc5\
=\xdf\xc5\xef\x99\x03~y\xe92\x1c\xdd\xf3\x1e\xd2\x0d\
\x8d\xd0L\xadh\xe6\x91\xc3 K5\xcar5\x03h\
\xc6&P\x80\xa0\xf3\xb4#6\xb4\x14\x5c\x1e\x8b\xfa\x15\
\xc2\xf7\x03(\xa9\xc8\x96Y\x81\xc70\xebG\x84m\xb7\
\xab\xa8\xac\x1e\xdb\xbeS\x97/th\xdf\xee\x8b5\xa5\
\xa5c\x87\x0c\xe9\xd3\x9a\xe0\xeb\x18\xa2\x803\xaf\x7f\x88\
\x04\xe4?\xa4\xd5\x7fd\xa3\xfa\x1f\xd9\xf8\xdf\xafm*\
\xaeZ\xb4hQa\x87\x0e\xad\xfb\xd6\xb6nwC\x87\
\xae\x1d\xbfT\xd5\xae\xf5\xa5\xb0eW\x1fa$$x\
\x864\x0a\xcd\xa3\xb2-\xf8\x04D?\xd0\xf0\x08\xa6>\
C\xce\x80\xd46$\xc8j\x9a\xb8\x01\xc7\x80\x06\xaa\xc8\
\xb8$C}\x93\xcbl>v\x0c\x87\xc9j_\x9e;\
\x0f\x8f\xfd\xf8\xa7\xb9\x9c\xedk\xcf\xafF\xfa\xd0Q\xc4\
\x99j0%\x01\x8by@\x07\xe6\x13\x0c\xd2\xf7\x99#\
\x05\xe1\x82EJh2\xda\x14s\xb3-\xf0\x90\xb4\x02\
D\xca\x0b\xd1\xbag'\x0c\x1e3\x1c\x97\xdct5n\
\xf9\xcc\x9d\xb8\xf1S\xb7\xe3\xdc+'\xa2s\xbf\xee\x88\
\x95\xe6C[\x80\xe7\xa5\xc9bO\xe3\xd0\xbe}d`\
[\xb0\x8e\xacs\xc1\xd4\xe9x\xea\xde)x\xecg\xf7\
\xe3\xd1\x1f\xff\x0e\xf3\x1e\x98\x8e\xe7\xa7/\xc4\x9b\xcf\xbf\
\x8aco\xbe\x87\x96}u\xd0\xa72\x88gm\xc4\x99\
\x08.P\x09\x14\xb9d\xc5\xa1\x03\x91\x16\xb0\x11AD\
\xc6\xa0\x08\x90R\xd8\xb0\xa4\x03\xc9\x22xn\x8e\x92\xa0\
\xabC\x0b\x8e\x15\xa7\xaf`m7\x81D\xb4\x10\x82\x80\
k\xf1YG\xbbpU\x14\x0e\xeb)\x82mTF\x11\
c{\xb6o#\xc6\xfb6\xeb)_Q\x1a\x0e\xebE\
\xe0\x92\xf5\x11q\xe0\xf0J\x94\xbd;\xbe\x05\xaf>\xc3\
\x88\xe04\xf6\xbe\xb5\x07\xefl|\x0b\xcf?\xbb\x12\xd3\
\xee{\x0c\xf7\xfd\xf8^<\xfc\x8b\x07\x08\xc2Oa\xc9\
\x8c\xf9\xd8\xb0r-v\xbd\xf1.\x0e\xeex\x0f\xf5G\
O\x90Q\x12\xf0\x98B\x88S~\x9d\xfat\xc7\xd8\x89\
\xe73\x02\xb8\x197}\xf2Nn\xdc\xdd\x84\xb3\xce\x1d\
\x85N\xfd\xba Q]\x880\x0e\xa4T\x1a-\x22\x8d\
\x94\xcc\x12\x8c=hnFZ\xae$`\xfa\x08\x08\xa2\
\xe6s\xc1q\x82fT \x97o\x8f\x0b\xc1T\xc8i\
l]\xbb\x96\x11\xc0}x\xf8'?\xc1jF\x0c\xfb\
\xde~\x0b\xcdu\xa7\x00\xea\x89a\xbe\xccK\xb1\x0d\x8d\
\x80\xff\xbc\xd0CF{\xf0E@\xbd\x0a\x10Pgt\
\x10\x82y\x06\xae?\x1b\xd6\x0a\xd2fn\x9a\xfa\xc6k\
\x96\xb4\xdc\xb6U\xb5\xad.l\xd7\xbe\xfd\xd7\xdaT\xb4\
\xb9\xadMu\xf9\x90\xd5\x8b\x16\x95\x18\x1d\x06_|\x82\
\xbf\xcf\xfc\xfc\xbd$ \xff^\x0d\x9di\xe7}\x09\x18\
\x860u\xea\xd4HaT\xb6o]U~I\xf7.\
]>\xdd\xa1C\xc7[\xaajj\x86%\xe2\x89\x1a@\
*\x03\xa6\x10\x14=K(\x04<\xb2\x9c\x0c\xf3{\x9e\
\x09\x1dy\x192D@\xf6\xabY$\x0d\xc6\xe2\x91\xd4\
\x03`*\xa1\xf1\xe4)\xec~\xedu\xbc0\xffY<\
\xf5\xe8\x14L\x7f\xf4\x11\xbc\xb2f\x0d\x1a\x8e\x1e%3\
\x0c`\x18\x936\xe9\x02\x02\xba\xb28&+D\x96\xb9\
\xc6\xb4\x97D =\x08\x1ax@v\xabm\x81\xe2\xaa\
\x12t\xe9\xdb\x1df\xc7\xfe\x02\x86\xcd\xd7\xddq\x0b\xae\
\xbf\xfdfL\xb8\xe4bt\xeb\xd9\x03\x85ds>s\
\xbf\x0d\xa7N\xe2\xf0\xc1\x83x\xeb\x8d7\xf1\xd2\xf3\xab\
0\x97Lz\xea\xfd\x0f\xe1\x91\xdf=\x80iL\x03,\
\x9f\xb7\x18on|\x0dGw\xefG\xe3\x91\x93\xc86\
$\xe1\xd2\xb0\xf3\x9d(,-\x11p\xd3\x88\xcc*g\
\xf0\x16Cm\xc9\xb1ih\xf8t8>\xd9Y\xf0\x87\
B\xd8\x81\xe6=s-\xcb\x9c\xa7g\xaeS\x1e\x01\xaf\
\x05B3\xf4o\x86E\x86-$\xdb\xf4\x09\x22\x1a\x08\
\xb2\x01\xe2\xb18\xc1\x87\x92\xd5\x92DO\x11\x8c\xc1\x1b\
\x9a\xe7\x12\x9a\xc0B\xdf\x05\xa9\x14r\xb2f\x94\xe0S\
\xa6\x01/\x86\x04,\x9f\xce\xc8\xa7\xec\x03\xf3\x97c\x01\
\xdb\x08\x04(&\xb8\xb0s\xc7\x13\x07\x8eb\xcf;;\
\xb0u\xc3kX\xc6\x14\xc6\xd4\x87\x1e\xc1\x03\xbf\xbd\x1f\
\x8f?\xfc(\xe6\xcf\x9a\x8b\x17W\xbc\x80\xad\x9b\xb7\xe0\
\xc0\x9e\xbdh`\xfe5\x93LA\xb1\xafv\x1d;`\
\xecy\xe7\xe2\xba\x1b'\xe3\x8eO}\x1c\xb7}\xf2c\
\xb8\xe8\xb2K\xd1\xbd\x7fo\x14U\x95\xc2N\xb8\x08\x1c\
\x01\xfa \x84\x5c\x13\x1dQ\xf0T\x80\xa4\x97B&\xc8\
p\xbc\x22\xc7`\x15\xc7\xeap\x9c\x167\xe1\xd2d\xbf\
\xef\xbc\xba\x19O=\xf80\x1e\xfa\xd5\xaf\xb1l\xe6,\
\xec\xda\xf2:R\xa7\xea \xcc\xa7\x1e\xa8\x1f\xd2\x0b!\
97\x8bz%\xf8\xac\xa6\x1c\x95\x92\xb0\xb9!*\x94\
\x80\xc7\xf9\x86\xbc\x1e\x02\xd0\x94c(xD(\x1d\xd7\
-\xe7\xde\xc2\xa0\xda\xb6m\xaek\xdb\xae\xfd\xe7j;\
\xb4\xbd\xa4\xba4\xaf#\x817\x1aj\x93\xef\xe2\x03g\
~\xfe.\x12\x90\x7f\x97V\xce4\x92\x93\x80\xbe\xe7\x1e\
9{\xf6\xd4\xd2.\x1d\xda\x0ci\xdb\xa1\xf3\xe4\xd6m\
\xdb\xdcUY]sqqAQ\x97\xb8\x15\xc9\x93Z\
\x08M\x10\x10\xd4t\x01#z\x01\xad\x01\x8bi\x047\
\xea\x826\x00\x9f9?^\x85E\x03\x09\xbd\x0c\x04\x8d\
\xcdN{Hr\xa7{\xe7\xa6\xcd\xdc`\x99\xc9p\xf8\
!<;c\x06^^\xfd\x22N\x1d;\x8e\xbcx\x1c\
Q\xd7A:\x95d{\x1an$\x82@\x84\xc8\x90M\
5\xe9$\x9aE\x12Y7D\xe0\xb2\xaf<\x07U\xed\
\xaa1p\xe4 \x5cv\xed\x15\xb8\x89@{\xd3m\xb7\
`\xc2E\x17\xa0k\xdf^\xc8/.\x82\xdf\xdc\x8cS\
\x87\x8f1\xb4\xde\x86\x8d/\xae\xc5\xe2\xb9\x0b\xf1\xd4\xc3\
\x8f\xe1\x91\xdf\xdc\x8f\xc7~\xff0\x96\xce]\x80\xb7^\
\xdd\x8a\x13\xfb\x0f#hI\x13\x9ct\xae\xd8\xa1\x84c\
;\xb0];\xd7\x7f2\x9bB\xdaOC\xdb\x80p\x15\
2d\xd5->\xaf!\x8b\xc0\xd1Pyn\x8eA\x17\
\xb7\xaa@m\x97\xb6h\xd7\xb3#Zwo\x97\x0b\xcd\
[un\x83\xea\xf6\xb5(\xa9\xad@\xbc$\x0f2\xc6\
F\x18\x9ak:\x8b&\xe6[3\x0c\xab\xf3\x0a\xf2 \
\x14\xe0\xd3)\x99\x08\xc1\xc8\x12B  \xd0\x18vg\
D\x9c%\xeb\x13\xb6DAY\x11\xf2J\xf2a\x9bv\
\x08v\xda\x06B\x1e\x03\x9b\x0b\xe0H\xd8l[\x11\xdc\
\x95\xe0u:\xbf\x0c\xc3w\xc1[\x85\xf1<\x84\x19\x0f\
\x81\x01\xe6T\x06\x99\xc6\x16\x9c`\xd8\xff&\xc1n\xd9\
\xc2\xc5\x98\xf6\xc8cx\xf4\xb7\x0f\x90\x09?\xc9t\xc5\
bl\x5c\xbd\x0eo\xbf\xf6\x06\x8e\xed;\x84,e\x13\
\xcb\xcbGu\xab\xb6\x184\xf4,\x5cv\xe5$\xdcr\
\xc7\xed\xb8\xfe\xe6\x1b1\xee\x82s\xd1\xa1g\x17D\x18\
A\xa4T\x88fd\x09\xc0\x12\x889 AG\x86\xeb\
'8.\x932\x08\xa8\x13&\x8d\x14\xb4\xb4\xc0\xfcy\
v\xd0\xd4\x8c\x9d\x9b\xb7b\xde\x13\xd31\xf5\x97\xbf\xc1\
\xd2\x19\xb3\xf1\xde\xd67\xd1\xc2\x8d7\xcdt\x93K\xe7\
c1\xcdbk\x01\x9b\xf2\xd0\xc6\xd1\xb0py\xa0\x98\
v\x0881\xcd\xeb\x82\x93\xd5R\xe7\xe4\xa7\xe9\x04\xed\
\x88\xeb$\x0a\xf2\xdb\x95V\x94\x8f\xaf\xaa\xa9\xbe\xbbU\
\xab\xb67ul\xd7j\xf8\x92%K*\x08\xbe\x0ag\
^\x7f\x17\x09p\x95\xff.\xed\xfc\xdb7B\xa5t\x16\
\xf7\xea\xd5\xb6}\xabn\x97t\xec\xd4\xf9\x13\xb5\xad\xdb\
LN\xe4\x15\xf4\xa1\xae\x17\x10\x03$\xc8\xa0\x04\x8dA\
\x19\xfe%$h\xdb0L\xcb\x94\x9cQ\x10\x5c\x15\x0d\
!F\xc0\xb4\x8c4i\xf8\xaee\xc1c\xfen\x0f\x0d\
|\xe9\xf4\x19\x98v\xff\xef\xb1\xe8\xe9\x19x\xe7\xd5M\
\xccO\xd6\xc1a=\xd7\x92\xf0\x19\xf2g\x98\x174F\
$-\x91\x03\xba\xe6L\x12-H\xc1\x84\xb2\x81\xab\x91\
_U\x88\xce\xfd\xbbc\xec\xc5\xe3q\xcd\xad7\xe0\xba\
\xdbo\xc2\xd8\x09\xe3\xd1\xbe;C\xdf\xa2\x02\x18\xb0?\
q\xe80\xde\xde\xba\x15/\xbe`\xd8\xecL<5\xe5\
qL\x7f\xe4q,\x9d\xb3\x10[7l\xc2\xf1\xbdG\
\xa0\x93>\x12\x0c\xdf\xf3\xac(\xd9\xac\x05\xe5\x83%\x04\
q\x83\xacV@\x10\xf9|\x02b\xc0\xfc\xb0&\xa8\x81\
,\xce\x14\xcd]\xfe\x90\xa0_TS\x8a\xae\x03z`\
\x18\xc3\xee\x0b\xaf\x9a\x88+n\xba\x0aW\xddz\x0d\xae\
\xba\xfd:\x5c}\xe7d\x5c{\xe7\x8d\x0c\xcb\xcdq2\
\xae\xb9\xe3F\x5cu\xcbu\xb8\xec\xfaI\xb8\x98i\x8e\
\x11\xe3F\xa2]\x97\x0e((-\xe6fW\x12!4\
@\x99e\xc8\xec#\x94\x9b\x90\x0a\xca\xb2s\xd7@\x00\
\x95\x04[\x034\xf9%\x05\x98x\xe5\xa5\xb8\xfa\xc6k\
0\xf1\xaaK0\xe6\x82s\xd0w\xd8\x00\xb4&\xd0'\
\xca\x0a\xa0\x08\xc4\x06\xdc\xb2\x94\xa3a\x81\x8ek\xd3y\
\xb0\x1d\x86\xe4A6\x8b\xa8\xed\xc2\x11\x0a\xc2ld\x9a\
\xdc\xa8\x16\xb0\xc9\xe4\x0d\xab\x0c\x9a\xd38I6\xbc\x85\
\xb9\xecE\xb3\xe7a\xc6\xd4ix\xfa\x91'0w\xfa\
,2\xe3\x05\xd8\xba\xe5\x0d\xe6\x84\x0f K\x06l\xbb\
\x11T\xb7n\x8d!#F`\xe25W\xe1\xe6O\xdc\
\xc5\xf9M\xc6\xa0\xb3\x87\xa3\xacm\x0dD~\x14\x19\x07\
H\x0a\x1f-a\x1a\xe6s\xd0-YF(\xa1\x8fx\
\xc4EA,\x86\x84m3\xed\xe0\xc35L\xbf1\x89\
\x9d[\xb6\xe2\xd9\xc7\x9f\xc2\x13\xf7\xde\xcfM\xc4\x05\xd8\
\xb7\xf5m\xa4\x8e\x9e\x84\xa4\xa3Pt\xf0\x16\x045N\
S\xd7|f\x12\x02\xaaa\x08\xfa|P\x15y\x14\x08\
)'VA@Y\x1a=4\xac6\x0cu\xc2\x8d\xc6\
{\x96W\xd7^\xdf\xa1]\xc7Owj\xdd\xfa\xca\xb2\
\x82\x82N\xdc\x9f\x88\x01\xa66\xce\xbc\xfe\x06\x09\xc8\xbf\
\xe1\xd93\x8f\xfeA\x02\x8f?\xfexIi\x221\xa8\
S\xd7\xae7u\xea\xdc\xe9\x96\x92\xb2\xf2\xf3\x22\xd1x\
\x1b!U\x149\x80U\xd4T\x05),\x16\xc5\xa7\xa8\
\xec!\x08P\x80\x92\x92\xd7$l\x86\xa4&,\x04\xc1\
W\xd2\xd83\x0d\x0dx\xef\xad\xb7\xb1t\xfa\xd3\x98\xfd\
\xf0\x14\xb2\x99Y\xb9o\xf8\xca\xd4\xd5!&\x04\x1c\xa1\
\x01\xeeT\x13W \xc9VB\xbe\x17\xb6\x00X|\xc1\
8\x99\x80g\xc0\xa4}\x8f\x8e8\xe7\xe2saX\xed\
\x957_\x8f\x09\xd7LB\xcfA\xfdPPV\x8c\x80\
\xcf\x1c?~\x0co\xbf\xf36V>\xb7\x12\xb3\xa6=\
\x85\x19OL\xc3\xdc\x99\xcf`\x03\x19\xee\xbbdl'\
\x0f\x1e\x03R\x1e\xa2\xa4\x86Q\xd0\xe0=\xf6\x91\x0e\x10\
\xf2Z\xc0\xc2\xdc\x05\xc1V\xc2\xa1i\x0b\x1ay\xc0\x9c\
4\xf7\xc7\xc14*B\x22\xb1\xd9\x9cS\x09\x1bm\xbb\
w\xc0y\x97_\x88\xabo\xbb\x1eW\xdfz=.\xbf\
\xe5Z\x5cp\xdde8\xfb\xe2q\x18x\xf6`t\x1f\
\xd2\x1b]\x06\xf6@\xfb\xde\x9d\xd0\xa1o\x17t\xe5y\
\xefa\xfd0d\xec0\x8c\xb9\xf0\x1cL\xb8\xe2\x22L\
\x22h^s\xe3\xb58\xff\xe2\xf3\x11\xcfO\xc0'\x18\
)\xdb\x82\xcf\xf4\x8c\x10\x22\xc7\xf2\x85\x90\x84\x0f\x9e\x0b\
\xe4\xe6g\xc6PVS\x8e\xdeC\x07`\x18A\xfb\xdc\
K\xce\xc7e\xd7]\x81ko\xbb\xfe}\x80'\xb0O\
\xba\xfe*\x8c?\xff\x5c\x0c\x1a2\x10\x89\x828C\xf0\
,\x5cF\x0eqnlYRA3\xc7\xae \xe1(\
\xcb\xcc\x12\xec\x18\xe0\x1aI\x00f\xce\x82)\x0e'\x94\
\xb0\xe8X\xd3\xf5\xcd\xd8\xb7c\x0f^~q\x1d\x96<\
\xbb\x08s\x9f\xe4\xfa=\xf54\x16=\xbb\x00\xafn|\
\x05G\x0f\x1f!\x00\x86\x88'\x12\xa8n\xd3\x0aCG\
\x0d\xc3\x957\xdf\x90\xfb\xa3\x8d\x8b\xae\xbe\x0c=\x06\xf5\
E\x01\xd3\x0f\x22f#\x0d\x1fY\xe6\xf2%\x19\xaf\xe0\
Ze\xc9\xf0C2\xee\xa8\x92\xa0b\xe56\xdc\x12D\
OAF\xbdk\xd3\xebx\xf6\xb1'1\x9di\x9f\x15\
\xb3\xe6`\xff[\xef\xa0\xe9\xc81h\xd6\x17\x94\x88D\
\x08!BH\xcaIH\x81\x90L\xc0D\x04!\xf8\xa2\
\xee\x09\xb6\x99\x03c\x01\x08\xceYH\x19q#\xd1V\
\xf9EE\xe3jZ\xb7\xbe\xa5C\x87\x0e\xb7\xf5\xe9\xd1\
c\xf8\xdc\xb9s\x8bq\xe6\xf57I\xc0\xe8\xcd\xdf\xd4\
\xc0\x87\xfd\xe1\xbfe\xfc\xf7\xdcs\x8f5m\xda\xb4\xda\
U\xdb\x92\xde\x00\x00\x10\x00IDAT\x9a\xca\xca\x8b\
\x06\x0d\x1b\xf6\x99\xda6\xadoN\x14\x14\xf6\x0b\x03\x9d\
\xcfpWP\xcb\x09\x04\x80\xc9\x1f\x12\x8f\x10\xd0P\x03\
\xe6\xe7B\x16\xd3\xaf$\xe0*\xa3\xe0\xa4\xc39\xe3\xa0\
q\x87\x0ca\x0f\xef\xd8\xc9\x8d\x9c\x05\x98~\xdf\xfdX\
>\xfb\x19\xbc\xbbi\x13\xfc\xc6\x06\x1486\xa2\x0aL\
9d`\xd1\x88\xa2\x0c\x15\x95Ms\xa21\x99\x0d\x19\
\x03vMdF\x92\xa1r\x8f~\xbdp\xe9\xa4\xcbq\
\xdd\x0d\xd7\xe2\x8a\xab&a8w\xd9\xdb\xb5o\x8bD\
\x82\xa0\x92\xce\xe0\xc0\x9e=x\xfe\xb9\x15\x98\xfd\xd4\x0c\
<=\xf5I\xcc\x9f=\x17\x1b\xd7\xbc\x8c\xfd;\xdf\xc3\
i\x93\x97m\xce \x22m\xe4G\x12\x04T\xf6\x96\x09\
\xd8\xafFLE\x10\xb3\x22\x88Z.\xf2\xa3\x09D\x9d\
\x08B\xb2\xbf\x14s\xbf\x9eq\x18d\xde\xd1\xfc\x18\xb2\
\x04\x0c+\xee\xa0\xe7\x80^\xb9\xbf\xf4\xba\xf2\xc6\xabq\
\xfe\x15\x17b\x00\xd3\x1amz\xb4'\xb0\x14\x011\x81\
\xa4\xc8\xa0I\xa7xL##\xb3\xd0q\xce\x87\xbbH\
Y;DZd\xc1\xab\xf0\x09\xde\x92s*d\x8a\xa0\
S\xf7\xceh\xdd\xbe5\x04\xe7\x0d%`\x98\xbdM\xe0\
\x0d\x08\xbcF\xbe!S\x0dF\xde>ej>!`\
\xf2\xc3\xe5\xb5U\xb0\x13.\x04\x85g\xe59H\x94\x17\
\xa2\xb2}\x0d\xf3\xab=1t\xcc0\x8c\xbdp<.\
\xbc\xea2\x1e'\xa0\xbau-|\x02\x92\xc7\x90\xdeg\
\xeeS\x03\xf0\xc8v\x03\xceQ\x1b\xf0\x92\x12\x16S(\
\x96cC\xfc\x01\xac\x1c\xc7\x81M\x86-\xc8\x80M\x8e\
9W\xe8\x982\x94\xe1^\xcas\xe3\xda\x97\xf1,Y\
\xf0\xb4G\x1f\xc7\xb4\xa9\x8fc)\x01\xf8\xcdW6\xa1\
\x91\xf9y\x9bc//+C\xcf>\xbdp\xc1\xc5\x17\
b\xf2\xad7\xe3\xca\xeb\xaf\xc6\xa8s\xc7\xa0\xaam-\
\x22\xc6\x09p}\xd3a\x06\xb0\x04\x5c\xa6\x1f8\x04\x08\
:\x1c\xf3\xb1\xbf\x18\xc7`s\xce\x0e\x0b\x92i\xecy\
\xe3-,\x9d9\x1b3\x99\xf7}i\xd1\x12\x1c\xdc\xb6\
\x1d>\xd3\x11\x16\x15P\xd2!z\xe9$s\xbe\x01\xc0\
\xb9h\xca\x08,\x86\xe5\x1b\xa7m@7\xe4\xf5\x80\x85\
\x15\x8c3\x13\x5c\xd3X$\x16\xeb^QU}m\x8f\
\x1e=>\xd1\xa1\xa6\xe6\xb2\xc5s\x9ejc\xbeH\xdf\
\xd49S\xfez\x09\xc8\xbf\xfe\x913O\x18\x09\x10l\
\xf3\x87\xf4\xef\xdf\xafg\xd7\xcew\x0c\x19:\xf4\x8ex\
^\xfc\xfch,\xdaJ\x08\x19%K\x80\xc5\xd4@@\
p\x0d\x18nKK\xd1@\x05\x0c\xc30E\xd1P\x84\
\x00L(N\xad&\x1b\xc9Bi\xa0\x81,\xe8\xc5\x85\
\x8b\xf0\xe4\xef\xee\xc7b\xa6\x13vny\x8d\xe9\x85z\
\x08\xe6F%A\xc0\x16\x1a\xae\x92d\xc7\x1aa\xe8q\
\xe7\x9c\x90\xc4\x1do\xc5|\xa9&\xc3\x8d\x16%0`\
\xd8`\x5cA\xa3\xbd\xfe\xa6\x1bp\xc9\xa5\x97\xa2o\x9f\
\xbe(-\xab@,\xbf\x08\x99\xa6\x16\xbc\xf6\xd2:\xcc\
\x99>\x93\xc6\xff$f=9\x03\xab\x9e{\x01\xdb\x18\
\x92\x9e<x\x1cA\xb3\x077\xb4\xc9\xd8d\x8e\xd5Y\
\xd2\x82\xa0%J\xb2)G\xb9\x88\xd8\xae\xf1 $\xd8\
4K\xda\xadO'\xe1\xd3\x91\x80\xf3\xb3\x22\x0e\xa4k\
\x81\xd5a\x80\xbf\xb2u%\xc6^p.&M\xbe\x06\
\x06\xd4\xdaw\xef\x88\xbc\xb2BH\x02\xb1\xc9Yf\xb9\
[\xe5\x91\x91\x9b\xbc\xaa\x8cZ\x80#\xe1\xcb\x10\x19d\
a\xd8q\xa84\xd9r\x08\x9f\x80\x1b\xb0\x98ON\x04\
\x22${\x0dq\xbc\xee$\x9a\x92\x8d\x10\x04\xddt:\
\x0d\x87\xac\xd4\xc8\x5c\x12\x8d\xa4RP\x1c\x8fa\xc0\xe0\
}I\xd9\x94\x91\xe9Z\xec#`\x9b\xbe\xa5\x91\x95\x01\
K\xc8\xb65B\xa6?\x1c\x86\xf5\x05\xa5\x85\xb0\x09\xec\
i\xcaY\x0b\x01\xc1v<\x02\x99P\x12\x11\x86\xf5\x10\
\xe0>\xa6\x07\xd3nQE\x09*[U\xa3\xb0\xac\x04\
n\x22\x0amK2\xd2\x80i\x1d\x0f\xe0\x18\x22\x918\
\xd3\x13\x0e\x0c\xf8r\xc8\xa0\xff\x81G6zt\xdfA\
l$\x03\x9eMG\xf7\xd8\x03S\xf087\xe5V.\
^\x86\xc3{\xf7\x22$\xb0G]\x17\xb5\xad[a\xe4\
\xd81\xb8f\xf2\xf5\x98\xcc\x5c\xfb\xf8\x8b&0\xa5\xd2\
\x11*\xe6\xc2\xe3\xf8\x11Q\x1cw\xc8&C\x84\xc69\
0\x95\x03\xb2aG\x088`\xf7L+d\xea\x1b\xe8\
\xa8_\xc3\xc2\xa7gb\xda\xfd\x0f\xe0\xc5\x05\x8bpj\
\xdf\xfe\xdc\x9f\x84;Z\xc0\xa2^*\xa3\x97\xacO\x11\
\xf17\x7f\x08\xbeB\x08\x08\xc1u\xa0\x83Ie\xd2\x90\
\x9c\x0b\x84$.k\xd7\xb6\xed\xea\x88\x1b\x19\xc7h\xee\
\x8e\xae\xdd\xfa||@\x8f.C\xe6\xcd\x9bW\xc8'\
\xcf\xfc\xfc\x95\x12\x90\x7fe\xfd3\xd5)\x81Y\xb3\xa6\
\x14W\x97\x96\x8e\x1f1b\xc4\xe7\xbb\xf6\xe8ys,\
\xe2\x0e\x14\x90\x09\x16\x11\x90\x1d1/\x06A\xa35\x0a\
\x1c\x90a\x18\xe0\xcd0G\x9b!\x1b\x13R\xc00\xdd\
\x90\xac\x10T|\x10\xb4|\xe6m\xdf\xdd\xb0\x113\x1e\
~\x08\xb3\x1e\x9a\x82\xed\xcc\xd9\x8a\x86fH2\x17\xc5\
\xf6,>\x03\x03Pd7\xc6\x0e\x02\x9a\x5c\x86\x1bT\
\x01\xaf\x19\x86\x0b\x1a}\xcf~\xbdp\xcd\x0d\xd7\xc10\
\xa5s.\x98\x80\xf6]\xbb!?\x91\x0f\x91\x0e\xe1\x9d\
n\xc6\xc6\x95\xab1\xf5\xfeG\xf0\xec\x8c\xb9X\xfd\xdc\
j\xbc\xc1\x8d\xb0\xc6\x93\x0d \xb9\x84\xf0$l\xf3\x91\
\xac\xd0&\xf0\xfa\x88\xdbqX\xd2FHC\xf49f\
\x1dj\x98\x122\x8fH{%\xf3\x0b`\x8e&4U\
dy\x01\xb5(\xc31\x89(\x81\x86\x96_XQ\x8c\
\x8b\xae\xb8\x04&\x8f\xda\xa6K{\xc8\xa8\x0ds\xdf\x93\
!\x84C\x80%c\x0b\xc8\xa6|>\x13\x22\x04\x94\x80\
a[\xa9L\x12i\x86\xc3\xa6Os\xdd\xf4o\x18\x98\
\xb0$,\x97c\xe3x\x02h\xbc\xf1\xf6[\x88\xc5c\
h\xe2\x86\x9f\x01XM\x19\x09! \x84@H\x99J\
\x82\xae\xcfk!\xdf\xdb\x04\xab\xc2\xf2b\x80N\xc9\x80\
z\xc0\xbe|\x82\x97\xf9\xeb\xba4<\xfe\x0b8\x8a\x00\
\x1e\x9d\xd8\xa9\xfa:40\x84\xf7\xe8\xdcB\xca<0\
\xfd\xb1\x98\xfe\x05\xd73M\xf9\x83\xe3\x1f6z8n\
g>\xf6\xd6\x8f\xdf\x91\xcb\x8d\x9fw\xd9E\xe89\xb8\
/\xcaZU!Z\x98\x07\x9f\xcf\x9b1d\xc9,\x0d\
\xe8\xda\xb0`\xd3k8\xa1b\x9aFA$=\x9c:\
p\x18\xaf\xaf\xdb\x88\xb9\xd3f\xe01\xa6\x04\x16\xcf\x9d\
\x8f\xedo\xbe\x85$\xd3J\xd1H\x04\xa5\xa5\xa5\xe83\
d\x00&N\xba\x147\xdf};\xae\xb8\xe1j\xb4\xe7\
\xc6[\x0bG\xdc\x22|\x04\xae\x80\xf9\xce\x8b\x0c\xc7\x0d\
\xca3dG\x01\x01XQ'l\x8e\xd9DN-\xa7\
\xea\xf0\xd6\x86W\xf1\xec\x93Oa\xc1\x93\xd3\xb1\xe3\xe5\
W`\xfe\xc2M\x10T%\x9d\xbc2\x8bH\xfd#g\
\x87\x02_t2\x9a\xeb-(c\x02,/ 'S\
\xe3\xd0X\x84\xb2\xadD4\x12\xed\xdb\xba}\xbb\xc9\x03\
\x86\x0c\xfbFMU\xf9Es\x9fx\xa2\x1cg^\x7f\
\x95\x04\xe4_U\xfb_Q\xf9\x03\xd4'7\xcb\xd4\xac\
\xc7\x1f\xaf\xa9*isI\xef>\xbdn\x8a\xe7\xe7\x9f\
\xeb\xbanm\xda\xcb\xba\xcd\xcd-0!\xa8\x10\x029\
\x86\x00Pa\x15\x1c\x86\xa1\x06\x88\x95\x92P4\xf8l\
6\x0dE\x83\x96D\xcf\xa0\xa1\x09'\xde{\x0f\xcf2\
\x97z\xef\x0f\x7f\x84\x0d\xcf\xaf\xe2FU\x12Ac3\
\xbc\xa6FD\xa8\xfc!\xc1Z:\x80\xe5ZHf\x9a\
p\xaa\xa9\x0e\xe9 \x03'\x1eAAi\x11z\x0f\xe8\
\x8b\xdb\xef\xbe\x03w|\xecn\x0c\x1b5\x12U\xed\xda\
 VT\x08\xf3\x11\xb4\xe3\xfb\x8fb\xf1\xac\x05\xf8\xc5\
\xf7\x7f\x86\xd9\x8f=\x8d-\xeb7\xe1\xe0\xae\x03d]\
\x19$\xdc8\x12N\x0c1;\x8a\xfcX>\xbc\x14\x0d\
\x99\xb9I\xda3\xbc\x8c\x8f\x5cxN\xe0\x0ah\x98\x06\
|4\xc1\xcc\x9c\x87\x04`\x9bs2\x0c7C\xc7\x91\
\x09\xb3\x90\x04\xc4XQ\x1eN4\xd6\xa1\xb8\xba\x0c\x9f\
\xf8\xdc'1\xf2\x9c\xd1\xc8/-\x84p(\x83D\x04\
V\xc4E\x96\xa0U\xdf\xdcH\x80\x0b(\x1b\x01\x229\
\xe2\xd18\xfcL\x16\xa9\xc6\x16\x94\x95\x94!b9d\
\xf3\x0e\x1c\xc5b\xb9\x04\x7f\x8br\x0d\xd1\xc2\x8d(!\
\x15N\x9e:\x85C\x87\x0e\xf2Y\x09\xc7\xb6a\xb3\xf8\
\x94Q@ 1\xcc;\xe0f\x17\x87\x0cA\xf9\x0a%\
QPT\x88\xe2\xb2b\x08\x02\x93q\x0e!\x81?\x94\
@@`\x0c(_37s\xe4\x1a\xa2\xae\xb1\x09I\
2\xe7\x80s\xf5s\x8d\x08\x98\xf3\xc6d\x0b<\xb2J\
\x15\xb5\xe12uR\xd5\xae\x16\xed{tB\xaf\xa1}\
1\xe2\xbc\xb3q\xe1\xb5\x97\xe3\xa6O\xdc\x89O}\xf5\
\xf3\xf8\xf4\xd7\xbe\x80\x1b\xb8Iy\xde\x85\x17\xa0\xa6\xa6\
\x16!\x1d\x95\xa2_\xb1\xb5d\x04!`y\x1a\x8e\x0f\
\xd8\x1e`eCh2\xe0C\xbb\xf7b\x11\xd3;\xbf\
\xfe\xe9\xcf1\x85\x9b\xa5\xeb^X\x8d\xbdL\xffxt\
@E\x95\x95h\xd7\xbd\x1b\x86\x8d=\x1b7\x7f\xec\x0e\
\xdcH\x006y_\x1d\xb3\xe09@\x18\x91th\x01\
2\xda\xa3\x8cm8Q\x07J\x81i\x1f\x0b\x11)`\
\xbed'y\xfc$\xd6,^\x82\xdf}\xff\x87\x98\xcf\
\xbc\xefQ\xa6\xaf\xb2\xa7\xeb!\xf8OA\x22\xdb\x92\x04\
\xfd\x10\xcf@Y\xfb\xb0\x95\x05I\xd9\xf1v\xee()\
K\xe3\x0c[\xa8\xe3$\xca\x8e\x97\xcdV:QwD\
g\xe6y\xbb\xf6\xedy\xcb\xcaE\x8b\xda\x9fI7\xe0\
/~\xc9\xbf\xb8\xe6\xbfyE\xf3\xd9\xdb\x98eu\xee\
\xdd\xb7\xef\xcd}z\xf7\xbd\xad\xa8\xa4ll\xe0yE\
~&#\xa3\xb1\x18\xe2\xf18\x14\xf3sJ)*\xbd\
BH\x06\xe1\x13\x94\xc2\x9c\xf1\x86\x08\x824\x09I\x08\
\xd7\xa1\xb10?\xab\x1b\xea\xb1u\xfd:\xfc\xe6\x87?\
\xc0\xc2\x19\xb3\x98Z8\x8at\xddi\xa4N\x9fF\xdc\
u\x90G\xb6\x130\xd4\x05-6E`K\xeb,\xdc\
\x82\x18\xf2K\x0a`\xc2\xdb^\x03\xfb\xe0\xda\x1b\xaf\xc5\
\xa7\xbe\xf0\x99\xdc\x17\xb6\x94UV\xc0\x8dF\xe0\xa7\xd2\
\xd8\xc1\x0d\xb8\x85s\xe6\xe3\xc7\xdf\xa5\x91\x91\xd9\xbe\xb9\
q\x0bN\x1e>\x81TS\x12^\xda\x83\x126\x02/\
D\x03A\xbf\x9e,\xdb\xb0\xc5\x9a\xd65\xe0& \xf2\
\x8b\x0b\xa0l\x85 \xf7O#$8ic\xbcJ\x00\
J\x82FG B\x0e\x84\x02\x05d\xc9\xaaRA\x16\
In\xea\xe5W\x14\xe1\x92k\xae@\x97\x9e=`G\
]\xb4dR\xc8\xf0\xbaG\xf06\x80+\xa5\x02\x99\x12\
b\x0c\xbf)%\x84\x04\x1dG\xba(\x8e\x17B\x11\x84\
\x1a\x8f\x9c\x82\x9d\x01\x90\xf4\x11\xb4d!2!\x1c2\
\xc4\xa8\xedR\x1e1D\x5c\x17\x07\xf7\x1fD\x92\xc6\x9f\
!P[\x04\x07\x8bm\xeaP\xc0\xc8Y\xf1\x5c*\x05\
!\x90\x03\x8b\x90@i\x007\xaf0\x1f\xe6bH\x16\
\xc8\xaa\xb99hB\x8c\x16\x12\x9a\xcfh\x08$\x99\x93\
>~\xf28\xc1=\x09\xf3\xf2\x09\xe2B\xf2\xbe\x06\x12\
\xf9y\x00e\x12\x0a\x1e\x98S-\xae.g\xee\x99\xeb\
\xe8h\xf8\x11 V\x9e\x87\xf2\xf6Uh\xd5\xb5-\xba\
\x0e\xee\x0b\x93V\xb9\xf4\xba\xab1p\xc8\x10\x84\xa6\x9d\
\x10\xb0 aQx\x82 ,\xe9\xdcl^sx-\
\xcb5i>U\x0f\xe5\x83k\xdf\x84\xe7\x97<\x07\xf3\
\x9d\x12O?\xfe$\x9e_\xb6\x1c{w\xec\x80\xa4\xfc\
\x8aJK\xd0\xbasG\x8c8g,n\xf9\xf8]\xb8\
\xf6\xd6\x1ba\xd8\xf5\xfb\x1bnYd\xa4\x8f\x86t\x13\
\x9a\xd3\xcd\x5c\xb9\x10Y:w\xf0\xb9(u\x12\xe9,\
\xbc\xfaF\x9c\xdcw\x00\x8bg\xcc\xc6}?\xfa)6\
\xaf^\x03\xff\xc4Ih\xae\xbfC9\x80\x8eFP_\
\xe9\x9bx\xea\xc3\x00\xbe\x97\xf5x\x0e\x80\xebo\xd3\xd1\
\xc6\xf2\xf2 ,\x1b\x91HLx\x99l,\xbf\xa8d\
X\xdb\xb6\x1dnn\xd5\xae\xed\xe7\x86\xf7\xef?x\xfe\
\xfc\xf9y\xac}\xe6\xe7\xcfH@\xfe\x99\xfbgnS\
\x02\xe6\x7frhSS3d\xc0\xc0\x81\x9f\xe8\xd0\xa5\
\xcb\xe4\xbc\x92\xe2AR\xc98\xd1K(*\xa3\xd1L\
\xda\x13\x15\x9d\xcaOv\x92\x03\x00%\xe1\xba6lK\
\xc1\xa1RG,\x9a\x9dO !`\x9c>|\x10S\
~\xf3[\xfc\xe4;\xf7\xe0\xad\x97_\x85G\x86UL\
\xd0\x8e\xd1@4Y\x9b\xe7e\xd0\x98l\x82\xa6\x05\x98\
\x22]\x0b\x01\xa9H2\xc8\xa2\xb8\xb2\x14\xe7]t\x01\
n\xb9\xfbN\x8c\xbd\xe22\xc4\xf3\x12Pl\x1b\xec\xe3\
\x10\xf3v3\x9e\x9c\x86\x9f\xff\xe8\xc7\x98\xf6\xd8c\xd8\
\xf5\xf6v\x1a\xbbB\xdc\x8e\xc1l~%by\xb9\x94\
\x03\xc7\x8e$\xf3\xc4\x05d\xca5\xedZc\xc8\xc8a\
\xf8\xc6\x0f\xbe\x8b\xaf\xfe\xc7\xb7\xd0{p?$\x83\x14\
Bh\x10s\xa0\x1c\x05\x8b\x80\x03!\xf8#\xa0\x94B\
\xc6\xcb\xc2q\x1d\xd8t V\xc4\x86\x07\x1fI?\x85\
s'\x9e\x8f1\x17\x9e\xc7\xb1\x86\x00\xe7\x1dI\xc4`\
\x13(\x0d\x8bL\x1b\xb9\xb0MM\xe3n\xa8\xab\x07\x08\
\xfa\xf9N\x02\xa7\x0f\x1dC\xead\x13*\xca[\xa1\xb4\
\xa8\x12y\x89\x12\xe4;y\x88\x93\xe7\xcb\x0c\xe07g\
\xe15e\x11pcJ\x93\x81\x9f<r\x1c\x96\xb0\xe0\
3\x07\x9a\xa5\x83a\x93\x1c\xa7\x84 8\x0a\x0eXH\
\xc1\xe5\xd0\xbc\xaca\x1cFYE\x05\xe2\x89\x04\x8c\xe3\
`\x15\x98u\xe2\x1b\x98\x17g\x04\xc9\x0b\x12\x9cS2\
\x83\xba\xe3ul\xd7\x87%m\xa6I5\x94Pl\x0b\
0\xa9\x95\xe6\x96f\xb4\xa4Sp\x99\xc3-\xac,\x06\
\x98[5\xf9`\xb3\x11\xd8\xe07\xa1E$\xd1\x14&\
\x11\xd29:\x09\x17\x0e\xeb\x1d=~\x18\xa1\x04\xaf\xe9\
\xdc\xf8\xcc\xb8m\xe5@)\x1b\x8a}\x98\xc1\xd8\xb6\xc3\
1H\xd4\xd3\xe1\xfat\x88\xf9d\xfe\x8d<_\xf7\xfc\
\xea\xdc\x97\xfc\xfc\xfa\xe7\xbf\xc0\x82\xf9\xf3q\xe2\xf8q\
H\xa9\xe0D\x5cT\xd5\xd4pS\xf22\xdcL\xd6k\
\xd2\x0f\x1dztF\x84\xf9\xfc\xdc\xa6\x9b\x0aq:\xd9\
\xc0\xb9\x87\xa8;}\x12\x99t\x0b\x14B$\xdc\x08\x8a\
cqd\x1b\x1b\x99\xef\xdd\x8c_\xfe\xc7\xf7s:\xd8\
t\xf4\x18\x04\x1d\x0e\x93\xe4\xb9\xf6m\x8e\xcdV\x16\x1c\
\xc7\x81m\xdb\x5cs\xe4\xf4\xda\xf3}\x08)`^!\
$\x1c7F\xc7\xed9\xd1x\xbcs\xa7.]\xae\xed\
\xd4\xad\xf3W\xdaVW^t&\xcfk$\xf4?\x17\
\xaa\xc4\xff\x5c\xe1\xcf\xdf\xfd\xe8\xd6 @\x08\xa3D\x1d\
\xdb\xb5\x1a\xd9\xbd{\x97\xdb\xcb+\xca/\xb1l\xa7\x83\
\x97\xf5\x9d4\xd9\x83\xb2\x1c@P\xa5i\xb8\xe0K@\
\xd0`\x15U\x92\x86\xcf0\x5c\x93\xed\x8292\xa9C\
\x04M\x0dH\x1e;\x86\x0d+\x9f\xc3\x8f\xbe\xfau\xe6\
\xd8\x9e\x82C\xd0\xc8\xa7\x22'X\xea\x8f\x1f\x83M\xa0\
\x8a\xe7\xc5\x91b\xfa\xc0l\x9ax6\xd0\xe0\xb5\xa0\x91\
\x80V\xde\xba\x1aWM\xbe\x0e_\xff\xee\xb7q\xf9\x8d\
\xd7\xa3\xb4\xba\x0a!\x81\xac)\x006\xad{\x19\xf7\xfe\
\xec\xe7\xf8\xf1\x7f\xfc\x10\xcb\x17,E\xfd\xd1S\x88*\
\x07\xd5\x95U0\x86\xde\xd4\xd4\x04\xc38\xd3\xcc\x99\x1e\
=u\x14\x192\xe7\xaa65dd\xe3\xf1\xb1/~\
\x12\x93n\xb9\x1a\xe5][\xa3I\xa6P\xd1\xb9\x1a\x95\
\x1dk\xe0\x91/AIX4@)\x04\x91\x83s`\
\xce\x8fS\x84M\x10v\x5c\x1b&\x7f\xaa\xa1\x11\x89E\
\xd0\xa3w\x0f\x8c\x1a7\x9a\xe1y3l\xbe\x0fd\x88\
\x94\x9fF\x9aE\x10\x0c\xa3\xe6\xe3W4\xffX<\x9f\
)\x84\x08|\xc3d\xb5\x8d\x84\x88\xa2\xf9h=\xf6\xac\
\x7f\x0d\x1b\x17>\x8f\xe7\x9f\x9a\x87\xcd+\xd7\xe3\xe8\x8e\
\x03\xf0\xeb\xd3\xb9\x9c\xb3\xc9\x87Z\x8a\xcf\x10x\x8f\x1c\
<\x82TK\x0aJX\x90,\x9a9s\xcdq\x09!\
r\xe0\xe0\x13\x1c|\xb2\xcb\x90\x11\x86K\xa0\xa9%@\
\xc5\xe8\xd04\xc7\xa9\x0dUe\xe1\xba\xc2\xac\x924\x9f\
\xb5\xd5l\x87\xeb\xd7B\xd6o\xc0\xce\xe6}G(\xd8\
B\x12\x0c\x05\xe7\xada\xd8\xaa\xe4\x1c\x8a\x8a\x0ba\x22\
\x02\xcb\xb5\x08\xc0\xcd\x08\xb8!\xe7$lD\x0a#\x88\
\x16D\x11\xc9s!\xb81\x07[\xa2\xe1\xf4\x09\xec\xd9\
\xbf\x0f\x96c\x13\xe3\x05|\xb2N6\x0d\xad$8p\
F\x0b\x1a\x8d\x04\xbb\x14\xc7)\xe8\x984\x01UpT\
\xb1H\x02yN\x9c\x8e2\x8a\xe2h>\xf6\xbe\xb3\x13\
\x8f\xfd\xfe!\xfc\xe8\x9e\xefq\xe3s\x1a\xf6\xed\xdc\x8d\
,\xf5*$\x8b\xaf\xea\xd0\x16W\xde|=>\xfd\xa5\
\xcf\xe5\xbe\xb38R\x9c\x80\xe6\xd8\xa2d\xf6\x01U\xb3\
\xb4\xba\x1c\xc2\x92\xcc0\xb4\xe4\xc07\xc5\x94U\x1ee\
\x92G\xddp\x08\xf0\xcb\x99\xd2\xf8\xc1\xd7\xbeA\x9d|\
\x1e\xcd\xa7N\x22hn\x82\x91\xa5&\xe3\xc3\x11\xd3P\
\x00\x00\x10\x00IDAT\xe5\x098e\x083\x5cK\
\xc0\x8cY\xd3aRT\xb9s\x08A\x0d\x11\xe0{\xa9\
uP\xc4h\xe0\xac\xb6\x1d\xdaM\xae\xad\xae8\x7f\xd5\
\xc2\x85\xa5\xf7\xdcs\x0f\x9f\xc4\x99\xd7\x7f#\x813\x82\
\xf9o\x84b.\xadZ\xb5\xcazi\xf9\xf2\xca\xea\xd2\
\xa2\xf1\xdd\xbav\xbf\xa5\xa2\xba\xe6\x5c\x1aM\x15\x8d\xd9\
\x12B\xc0\x89\xb8\xa6\x1a\x92\xc9$\x14\xd9\x9fyc\x91\
\xa9*\xcb\x02\xeb\x18\x16\x00\xcd\x8bFQ[N\x9d\x80\
\xf9\x7f\xb4\x9ey\xe2\x09\xdc\xf7\xe3\x9fb\xf7\xebo\xa0\
\x94\xcf\xc7\xa8\xb1\x11\x82\xb3d\x18\x97\x17\x8d\x92ee\
\x90!\x1bV\x0ca\xb3J#\xc9]\xe9\x9a\xf6mp\
\xf1e\x13\xf1\xb1O\x7f\x12\xe6#`\xa5\xadj\xa0\xb3\
\x194\xd5\xd5a\x077^fOy\x04\x0b\xe6>\x8b\
\xcd/o\xc4\xe1\xf7\xf6\xc3\x84\xab\xaePH\xd8Q4\
\x9e\xaeG\x8a\x8c\xd6\x8dE\xa1h|\x05\x04\x8d\x9e\xfd\
{\x93\x91N\xc0-\x9f\xb8\x03\x93n\xbe\x96\xe1p/\
D\xcb\xf3\x09\xb2)\x14\xd6\x96`\xe4\x85\xe3PP]\
\x02X\x02\xa4x\x9c\x8b\x8f\x90\xa0\x16\x124\xf8\x86\xb6\
\x18\xc2\xe6|}\xb2]\x90A\xa5\x99B\x10J`\xf0\
\xd0\xc1\xa8\xac\xad\xe6\x95\x00\xf5L\x9f4\xa7\x92\x08\x08\
(!\x0d5\xd0!m\x94\x06\xca\xb9\xa6N5\xc0\xf2\
A#o\x80\xf9v\xb0\x07\x7f\xf1;\xfc\xf2{?\xc5\
\xcf\xbe\xf3#L\xfd\xedC\x98\xf3\xc4L<\xf8\xab\xfb\
\xf1\x1f_\xff.\xbe\xf3\xa5o\xe27?\xfa\x05\x16\xcd\
\x9a\x87\xed\xaf\xbc\x8e]om\xc3\xde\x9d\xef\xa1\xa9\xbe\
\x09Q\xc7\x85c\xdb0\xf2\xf5\xb9aEQCq\x5c\
\x92H!\x94\xcc\xf5mR>\xe5\xe5\xe5`%h\xf6\
m\xea\x98\x22(w\xa1%L\x91<j\xe6Y\xebO\
\xd4\xa1\xb9\xae\x91Q\x89\xc5\xf1\x098\xb0 \x03\x01\xc5\
\xe7\x22n4\xf7\xbc\xe3\xd8\xa8\xe6\x1c#\xcc\x9b\xfa\xcc\
\xa1&\xe9\x10[\xb2-\x8c\x1aZ\xd0\xd8\xd2\x00\xb3\x11\
\x98\xca\xb4 \xe4\xba\x1d=~\x84d>\x0biQ\x1f\
\xa0\xe1Q\x0e\x9e\x91\x8e9jP\xde@\xa2\xa4\x04\xe5\
\xadZ\xa1\xa0\xbc\x14\xb1\xfc|(\xd7A\x9a\x0e%\xcb\
\x92 8\x9a\xb5,\x22\x08\x17\xb81\x1c\xdc\xb9\x07\x0b\
f\xcd\xc1\xd4\x07\x1e\xc2<F3;\xde|\x13\x8d'\
O \xa4\xbe\xd4tn\x8f\xebo\xba\x11\x9f\xf9\xf2\x17\
\x08\xbe\xe7\x22\xbf\xac\x10Y\xf6\xd5\xc4MAE\x10v\
\x08\xea\x8a2\x89R\x0f\x04\xd7B\x11\xb4#\xd4\xe1B\
\xb6\xbb\xf3\xad\xb7p\xefO\x7f\x91\x03\xf4\x03;w!\
Yw\x0a\x5c,p\x98\xf0\x08\xbe>\x9d\x98$\xf2\xda\
\x94\xb5\xb9\xee3=\xe2y\x01g\x04\xd8\x8e\x93\x93-\
\x1f\x90:\xd4\xc5yy\xf9\xa3\x98\xa2\xba\xad\xa8\xba\xec\
\xf2q\xe3F\xe4\xfe\x84\x18\x00\x15\x09g^\x7f\x22\x01\
\xf9'\xe7gN\xff \x01\x02n$n\xdb]\xe8\xb9\
\xaf\xed\xdc\xa9\xf3\xc7\x8b\x0b\x0b\xcf&\x03(W\xd2R\
\xb9*T#!D\xce\xb0#\x04\xcb\x90\x0a\x9e\xc9\xa4\
sJj\x00\xca\xd41\x0c1d\xde\xf1\xc4\x81C\xd8\
\xfc\xd2z<\xfe\xfb\x07\x09(O\x22C ,O\xe4\
\xc1\xa5\xe2+\xde\x17\x04\x5c\xf3\xf1\x1d\x9b\xc6\xe9\x99\xd4\
\x82\x08 #\x0e\xf2+K0t\xcc\x08\x5cq\xdd5\
\xb8\xe4\x8a\xcb\xd1\xb9oo\x08%\xd0\xc2\x9c\xef{\xdc\
|\x9b;g.~\xfb\xeb_\xe3\xb9e\xcb\xf1\x16A\
<\xd5\x94BA4\x0f\xf94R\xcb\x13\x08SY\xc4\
\x98\xe3\xcd\xcbK\xc0\x8d\xba\xc8\xb2\xed\xde\xfd\xfb\xe0N\
n\xf8\x5cu\xe35\xe81\xa87<;$\xb0\xa7\x91\
\xb5\x03\xa4T\x96\xef}\xd8\xc5\x11t\xec\xdd\x05N\xd4\
&\xb9\x910\xf3\x09\x09<J*X,D\x94\xdc\xb5\
\x80\xed)\x1a\xb2eI\x94W\x94\xa1K\xd7.\x04\x0d\
\x1b\xc6\xc0\x8dL\x0c\xcb\x8c\x91aFb1\x18\x0b\x0e\
2\xa4\xe4f\x93\x8b\x06\xfb\xce\xeboc\xd6\x133X\
\x9e\xc6\xda\xe7\xd7\xe0\xd0\xee\x03\xc8p\xfc\xa9\xd3\xcd\xcc\
k6#]\xdf\x82\x16\x02\xe0\xf1\x83G\xb1\xf5\x95\xd7\
r\x7f\xac\xf1\xdb_\xfe\x06Os\x07~\xdf{\xfb\xe0\
X\x0e\x1c\xdbE\x0b7\x80\x04mZ*\x0b\x01\x1d\x83\
R\x0a\x16\x97\xc8\xc8\x92\x97\x91\x9f\x9f\x87\xa2\x92b\xb3\
\x1c\x08\xe9\x004\x91\xe4\xfdt\x82 \x8b\x95\xb9\xa2 \
\x99[\xf6Qw\xec$\x92\x0d\xcd\xcc\xbbJh2e\
[H\x08\xb6)\xe9i}\xaeS\xaa\xb9\x99m\xf8(\
//C\x84r\x8dP\xa6\x8ek\x83\x93#\xc3N#\
$\xf3\x8c\xf2\x9a\xe5(^\x0b\xb1\x9d\xb9\xd8\xe3\xc7O\
  \xc8\x85\x06\xa2\xb8vZ\x0a\x04\x82kC\xb9I\
\xd6\xed3x\x00\xa3\x97\x1bp\xf1\xa4I\xe8\xda\xa77\
\x12d\xa8\x91x\x14\xb1x\x02\x8er\xe1H\x9b\xa0\x0f\
\xb8d\xe31\xe9\x22U\xd7\x94\xfb\x8e\x8b\x05\xb3\xe7a\
\xeaCS\xf0\xdc\x92\xa5xo\xcf{\x04\xdfS0m\
w\x1d\xc4\xf6\xae\xbf6\xf7\xfd\x19c\xce\x1d\x07\x8b\x9b\
\xad\x01\xfb\x8d\xe4\xc7si\x0e\x8f\xe9\xa9\x90\x0eA\x13\
\xa8%\xc1\xd4\xe2\xfc\x0a\xa31\xa4\x98r\x98\xc7}\x85\
)\xbf\x7f\x00\x1b^\x5c\x83\xe3\xcc\xfd\x06\xa9\x0c\xa4\x19\
+\xebxt\xb0\xa6dy\x94R\x10l-\x18\xf9f\
\x99\xe21r\x07_\x9au}\xdf\x8f'\xe2\xf1\xc1m\
\xda\xb6\xfdT\x87v\xed\xef\xec\xde\xbd]\xff\xb5k\xe7\
'\xb4\xd6\x82U>8?\xff\x84\xd1\xfcO\x93\x95\xff\
\xd3\xcd\x7f\xc7{\x0b\x17.\x8cE\x81\xbem\xda\xd4L\
\xaei\xd5\xea\xee\xc2\x92\x92\xe1d+\xa5\x9a \x09\x16\
M\xe35r\x09iL\x82\x0a\x98\xa5\x02\x83F\xe5\x12\
(mKB\x12\x80%Y\xa1\xc7\x90~\xf7\xd6\xadX\
6\xeb\x19<\xfd\xd0#x\x9b\x9bY\xd1@!.-\
\xd8\xa6\x0d*3D\x08\x87\xac\xc9\x84\xa9\xa4Vp\x0a\
\xa3\xb0\xf3\xa3h\xd3\xad\x03&^3\x09\x93n\xb8\x16\
\xc3\xce\x1e\x8b\x92\xc2rd\x98\xf7<\xb0\xe7 7W\
V\xe2\xa1\xdf=\x88e\x0b\x96\xe0\xc4\xc1\xe3\x08\x92\x1e\
\xe2N\x0c1;\x8a\x90\x1bO\x06\xdcl\xe1\xc0\x95\x11\
H_ \x9b\xcc\xc2\xb5\x5c\xd8\x86\xed\xb86\xcak*\
\xa1\xe2.B\xe6\xfe\xac\x98E\x10\x08\xe0\xf1\x1f,\xe4\
X\xb1&\xe8\x8f\x19w6*\xaa+\xa19\x1f\xcfL\
\x96G\x10\xd0 %\x04\xe7\x1cR\x0eJH\x18Y\xb8\
l\xb7[\x8f\xae(\xad*\x87\x16>\x9a\x99\xc2\xb0\xc8\
\xd8\xb2Y\x0fi\x1an\x8e\x85\x86\x80k;p\x84\x8d\
]\xafo\xc33S\x9f\xc6KKV!l\xf4(\x8f\
\x08\xc1\x0d\xf0\x08t\xd2\xb5\xe0\x0b\x01\x9f}\x1a\xb0\xf2\
\xb8\x09\x97&\x93nh\xac\xc7\xd1\x13G\xf0\xfa\xdb\xaf\
\xa39\xdd\x087\xe1\xc0|i\x8f\xcf\xb1f)k\xe5\
\xd8|\x02t\x06^\xaeh\x04\x90\x04\x9b\xfc\xe2B\xc4\
\x0a\x0b 9\x1eSA\x0a\x8e\x9f\xed\x83)\x09AG\
\x22\xb4&X\x86\xc8\x92)\x9f>\xdd\x844CnM\
\x90\xe5E\x83)\x9c_\xc0i\x0bp\xc9\xe0\xc4\x5c\x14\
\x16\x17\xa1\xa2\xaa\x02\x19\x82p\x86\xe9%vCGd\
\xc1&8\x0a\xe2\x8a\xcf6}:\x96\x0c\xdb9v\xe4\
\x18\xef)\x84<\xb7\x02\x01[K(\x0d@\x09h[\
\xc2|\xda\xa3c\xcf.\xe8}V?\x8c\xbbt\x02\xee\
\xfa\xfc\xc7q\xdbg\xef\xc6\xe0\xf1\xc3\x91_[\x0a\x99\
\xef@F\x15\x87\xea\xa3\x89\xf37\x1b\xa4\xf9d\xdc\x85\
t\xaca\x8b\x87=o\xef\xc4\xbc\xe9\xcf\xe0\xf7\xbf\xbc\
\x17\xab\x97\xbf\x80\x83{\x0f }\xe247\xfd\x0a0\
\xf4\xec\xd1\xb8\xf2\xfa\xab1\xf9\x8e\x9b\xd0\xa5wW\x84\
V\x08\x98M?\xe5\xc3\x93>T\xd4\xe2Z\x85\xf0\x09\
\xc2 \x90\xc6)\x97|\xcae\xe7+[0\xe3\xfe\x07\
\xb1|\xfaL\xec\xda\xb4\x05aS\x0b\xd7L\xc0Q\x12\
\x8e%a[\x0aB\x08\xe4\x98.egYV\xee}\
\x0e\x8c\x01H\xde\x13@^AAa\x8f\xca\xaa\xaa\xeb\
\xab\xca\xabo+\x88W\x0c\xdd\xb8qi\x1eo\xf3\x16\
\x7f\x7f\x10~\xcc:\xfc\x0b\xc7!\xff\x85}\x7f\xe0\xba\
~\xe2\x89'\xe21G\x0e\xacm\xd3z2\xc1v\x92\
\x96\xa2\xad\xa6\x89\x98528I=\xa3\x11\xaa\x5c1\
\xa0\xeb\x935(\x1a\x90Op\x08C\x1f~:\x09\xf3\
_\xb1\xa4\x8e\x1d\xc7V2\x86%\xd3\xa6c\xcd\xfc\x05\
8\xfd\xdeA\xe4\xc3E\x94\x8c%\xdb\x9c\x02\xd8\x90\xb4\
\x15<\x82\x94\x8eH2\xcc\x00\x19+@Ae1\x86\
\x9fC\x83\xb9\xe1j\x9c=~\x0c\xaajj\xe1s'\
\xff\xf0\x9e#\xd8\xb0z\x03\x9ex\xf01,\x989\x1f\
\xe6\xa3`v \x11\xb7\x22\x04\x5c\x025\x11S\xd2\xb0\
-a\xd1\xb0\x15\xccG7\x99\xb6\x85\x0am>\xefA\
3$\x14\x04\x937\x18\x92\x9a/\x14\xd7:\x84\xc7\xf1\
\x06\x847S\x14\x81\xc0\xe1xB:\x10K*\x94\x14\
\x95`\xf8\xe8\xd1\x9c9AP\x82F+\xe1!D\x86\
\xcf\xd0|\xdf_7\xce!$X\x99\xb6\xda\xb4k\x03\
+b\xe6\xa3!\x5c\x0b\x01\xfb\xb3\xa4\x0d)%\xcc?\
\xa1\x01EP:\xbe\xff0\xd6?\xf7\x22\xf6\xbd\xb5\x1b\
\x852\x0e+\x03\xca\xcc\xa7\xe3\x89\xa0\x91a\xb9g\x03\
)\x15 `[\xf4\x22dj\x0eC\xe5<T\xb7\xad\
B\x9bN\xad\xd0\xadoW\xf4=\xab/:\x93\x89\x9b\
Oo\x8c\x99p\x0e\x04\x99e\xc0\xb19\x11\x07\x92\x1d\
i\xae\x89\xcf\xc9\x0bG\xa2\xb8\xa2\x04.\xf3\xcb\xbc\x01\
\xa2\x03l\xdb\x82\x84@H\x96.\xa1\xcd\x19|\x9e\x9b\
\x8f\xa3\x9d\xaak\x80O06)\x11E\x19h.x\
HT\xb58\x16a\xf3)[ \x92\x88\xa2\xa4\xac\x0c\
\x1e\xeb\xd9\xca\x85%\x5c:\x0c\x05K:\xb0\xf8>\xe4\
\x1a\x08a\xa3\x89\xac\xfd\xc8\xc1c\xb0\x03\x8b9i\x0d\
\xdb\x17pC\x09\x86\x1b\x94\x89\x00l\xa0\xaa}-\xda\
\xf5bt\x90\xe7 ke\x11\xa9\xc8C\xf7\xe1}p\
\xe9\xadW\xe3\xaa\xbbo\xc0\xe0s\x87\xa3\xb8M\x15\xf2\
\xca\x8b`\x00\xdfa(\xaf\xa0\x00\xa6Bb\xcco\xc7\
E\x04vVb\xdf\xbb\xefa\xd1\xccg\xf1\xe8}\x0f\
c\xdd\xea\x97p\x88,\xd5c\xca+Q\x90G\x87=\
\x1cW1\xaa\x19w\xe9yh\xdd\xb5\x0dt\x0c\xb9\xbe\
\x92HC\x1b\xe0U\x1a\x01\x817*\x01\x97N2\x92\
\xe4\xf5\xe3u\xd8\xb8x\x19\x96>\xf9\x14\xde\x5c\xfd\x22\
Z\xb8\xd1\x160U$\xb8\xf6\x81\x9fA\xc8=\x0a\x87\
\xba\xa2)\x03##\x10h]7\x02\xfa\x1bJ\x14F\
\xb5\x11\xfa\xbe\xe0\xfd\xb2\xa2\xa2\xa2\xf3\xca\xcb\xcaoT\
:6|\xc5\x8aY\xf98\xf3\xcaI\x80\xe2\xce\x1d\xff\
\xed\x7f=\xf2\xc8#y]\xdb\xb5\x1b\xd9\xb6M\xdb\x1b\
\xcb*+&*e\xb5\x09\xc3\xd0\xd6R\xd2\xa4\xa9L\
R@S\xc1\xfc0\xa0\xd1\xf9\x08y\x94\x10\x0cQ5\
\xa8\xb94\x07\x01\xc3n\x8f\xec\xde\x8dU\x0b\x16a\xee\
c\x8fc\xcb\x9a\xb5\xf0\xeb\xc9\xcc\xfc\x10\x92\xcaj\xd1\
\xde@\xb0\xcaR\x81\xb3\x22DZj43\xfb\xe6\x96\
\x16\xa0\xef\xb0A\xb8\xfc\xda\xabp\xf9\xd5W\xa2{\x8f\
\x9ep\x1927\x9e<\x85\xcdk\xd7c\xce\xd330\
{\xc6L\xbc\xf3\xc6[H\x92}\xa4\x18V\xfb4\x12\
\xc7\xb6s\xfdg\xc8(3\xdc\x943\xcd;\xb6\x03%\
$\xc0\xb1e\xb3>\x22\x91\x18\x9a\xf9\x8c\xa9\x9f\xa1Q\
md\xee7M\xa3\x14\x1c\x87&\xbb\xcc\xd5\xe5y\xc0\
s\x8b\xcf\x82/\xa1$\x86\x0c\x1f\x86\xd2\x0a\xb2W\x9e\
g8v\xa2\x0a\xc0\xf3\x80\x80-y\x14B@)\x05\
\x86\x93\xc8\xcb\xcf\x87\xe5\xda \xae\x03dDY\xd3\x16\
A\x22EFh\xea\x0b)\x90\xe1\xa6\xd1\xf6w\xde\xc5\
\x8eww \xc8x\x04?\x09K\xd9((*F\x19\
Yu\xb7~=\x99\xd6\xe8\x81\xfe\xc3\x86b\xc8\xe8\xe1\
\x18u\xdeX\x9c\x7f\xe9\x85\xb8\x9c\x8c\xff\x9a\x1b\xaf\xc5\
\x0d\xb7\xde\x80[>v;n\xbc\xf3\x16\xe6\xa3\xef\xc2\
M<^\xc8\x5cwE\xab*\x04\x94c\x80\x90\xeb\x13\
BH.\x07\xcf\xa1\x04\xf2\x0a\xf2as\x5c\x1a\x80E\
\xc0\xd5\x9c\xa7q\x14\x82\xef\x95\x94\xe0\xb0XM\xa2\xa9\
\xa1\x11'N\x9c X\x04\x10Z@\x1b\xc0\xe5\xfa\x02\
\x9a\x1b`\x5ck\xce9d\x1f5\xadk\xd9f\x01\x94\
e\xf1\x0e[\x09\xc0\xe7-(\xa9\xc0\xa6a\x80G\x0a\
\x8b\xed5\xa1\xc5\xfc\x17;\x04&\x9b\xf7\xc0\xc8@\xb2\
O\x08@r\x5cn\xccE\xa7\xee\x9dQ\xd9\xa6\x86\x0e\
M#\xc3\xfc\xb0'9\x03G ^\x92\x8f\x9e\x03z\
\xe3\x92+/\xc3\xadw\xde\x86s\xcf\x9f\x80\xf6\xed\xdb\
s\xac276\x9f\xb2\x0b\x99\xa2\xb1a\xc1\x0a%\xa2\
\x04\xfc \xe5\xe1\xcd\xcd\xafc\xf6\x93Oc\xde\x8c\xd9\
\xd8\xf8\xe2K8}\xf2$\x1d\x1d\xd0\xbeK'\x5cp\
\xf9\xa5\x98t\xe3u\x18:f$\xca(/\xb8\x12\xa1\
\x01\x5c\x11p~\x8ce\x84\xe6\x1c\x04$\xe7,9\xf7\
\x0cS)\x9b\xd6Q\xef\x9e\x9a\x8e\x95\x0b\x16\xe0\xf0\xce\
\x9d\x08\xb8~\x96\x94\x00\xef\x1b\xf9PJ\x10\xc2\xbc\x0d\
9\xbd\x10ZHh\x98\xab\xfcm\xe4\xa3\xb9K\x09Y\
YP\x5czNue\xf5\x8d\xadJ\xdb\x9f;k\xd6\
\xac\x02|P^\xff\xc2qP\x8a\xff\xc2\xde\xff\x05]\
SO\xfeK\xaf\xb3\x1e|\xb0\xa0mm\xd5\xd9U\xd5\
\x95\xb72\xa5p\xa1e\xa9\x1a\xcf\xf7-i\xd9\xd41\
\x0dM\xed\x0ai\xa1Y2\x9f4\x99A\xc0\xfc\x9d\xa0\
\x82\xe5\xc0\x96\x06\xe5H\x0b\x1e7wNp#k\xc9\
\xccg\xb0\xe0\xe9\xa7\xb1\x7f\xfb\x0e\x08\x03\x84\x0cC]\
\x1a\x9a\x9fI\x91\xe8d\x90(\xca\x87v$N\xa7\x9b\
\xa1\x19&Wvl\x8b\x0bh`\x17_y9\x06\x9e\
5\x14EE\xc5H1\xb7\xb8\xf7\x9d\x1dX>o\x01\
\xe6\xcd\x9a\x85\xb5/\xbd\x88\xc3\x87\x0ep,\x01\x1c\xc7\
\xa2\x81\x00\x1eYG\x86m\x86\x1c\x8bT\x80Cp\xf1\
8\xb6\x96t\x0bB\x11\x22\xe4X\xa5%\x19:{\x88\
F\x99z\xa0A\xf9\xcc\xf3n\x7f\xe3m\xec\xdf\xf5\x1e\
y\xb7\xc5\x90W\xd10\x05B\xce!`X,\x95\x05\
\x03\xd4\xa1\x00\xaaZ\xd5b0\xc7\x13\xcb\x8b\x03lG\
\xf3Z\x86\xa1\xa8\xe0\xb9\xb9\x1f\x12e\xcc\xb5X\x22\x8e\
\xfc\x82\x02XFV\xb9\x94\x09+\x12\x94\xcd3>G\
\xe1\xb1_\x22\x06\xd2\xdc\xfc\xdb\xb7o/\x1a\x9b\x1a\xa1\
\x1c\xcaU\x22\xf7\xe7\xadW\x5cw\x15.\xbf\xf6jL\
\xbe\xe36\xdcp\xc7\xad\xb8\x86\xbb\xf1\xd7\xde2\x19\xd7\
\xb1L\x9a|-\x01c\x22F0\xdd\xd1g\xc8\x00t\
 P\xd5\xb4m\x852\xa6H\xa2\x05q\x14\x95\x97 \
\xaf\xa4\x10\xb0\x15\x0c\x0b7\x00\xaf\xb9V\xe6h;\x0e\
Yi)\x1c\xdb& \x86\x00\xaf{\xdc\x18\x0a9F\
\x01\x01h\xfe\x10\x14\x89\xa5\xa8?U\x97\x03)\x11j\
(\xd6#\x06A\xb2\x8e\xa2`\xb5\x99'A\x97O\xa0\
\xa6\xa6&\xc7\x96M\x1b\xa6\x98{J)\xd6\x94`\x95\
?<#q\x82\xb9\xdc\x96\xc6&\xf6\xa9)O\x0fn\
$\x82\xb4\x97\x81\xc5yk6^X\x5c\x88.\xdd\xba\
\x22b\xd6\x8c\xeb\x18\xf2\x9aT\x5c\x07\xf6E\xbd\x83b\
\x9b\x85\x85E\xe8\xda\x83Nh\xd0 \xe4\xe7\x17@\x10\
\xd4\xd8 \x9dh\x14\x82\xe7\x06\xf8\x8c#\x0d\xe9|\x15\
\xc7\x1d\xb3\x5c\xa4\xe8\xe0_yi\x1d\xa6M\x99\x8a%\
\xcf.\xa4\x83\xdb\x8e\x96\xd3\xf5\xc4X\x89\xee\xbd{\xe3\
\x92\xab&\xe5J\xd7\x9e\xdd\x11\x98\x88\x80\x91N$?\
\x86\xe6L2\x17\xc98y1\xca\xd1\x83g\x22\x05\x0a\
f\xe7\xb6mX8g\x0e\x16s\xff`\x0f\xf5\xc6o\
h\xe2\xb2R2t\xaa\xa0#\xa6\xa8`d\xe0\xfb>\
\xc5\xa9!L\xfa\x81c\x07_\x9ac\xf2\xb2\x9e\xb4\x95\
]QVV9\xbe\xbc\xa2\xe2\xe6v\x955\xe7\x98O\
\x03\xf1\xf6\xbf\xf5\x8f\xfcw\x9b\xbd\xfeO\x13~\xea\xa9\
\xa7\x8a\xf2\x09\xb8\xbd\xfb\xf7\xbf\xb5\xbc\xaar\xac\x1dq\
+BP\x9d\xa8<\xc6x\xb3T.\xd0\xe2|\x82\x98\
\x01]a[\xb0h\xc86\x15L\x99\xb6\x08d>\x95\
\xfd5\x86b3\x1f\x99\x8a\xf5+\x9eG\xcb\xf1S\xdc\
(\xd3p\xc8\x0a\x04\xc3W0\xfd \x95\x86\xaf3h\
\xf1Z\xa0]\x81\x82\xaa\x12\xf4\x1b1\x18\x93n\xba\x0e\
\xa3\xce=\x07\xd5\x1d;\xc0\xe2\x06\xcd\xf1\x03\x07\xf1\xfc\
\xa2%\x987m&\xd6\xadX\x8d\xc3\xfb\xf6\xb1\x97\x10\
\x05\x85y\x00\xc1\xb4\x89\xbb\xe4\x9a\xc7|\x82w\xebv\
\xad1z\xdch\x9c5r(\xca\xaaKa3G\xab\
\x08\xe8i?\x85\x80\xcc\x89\x88\x0a\xb3\x83\xed\xd2\xe8%\
\x0d\xd5\xa7\x030\x9fs}\x83\xb9\xbb$7\xadl\xa6\
(D6\x04X\xa4T4v\x8b\x06\xa7!m\x1bY\
\x8e\xd9\xfcW45\x049-VO\xca\x00\x00\x10\x00\
IDAT\xc3\xf2|\xf6id\xa0\x15\xc1\x81 \x11\
\x10P\xb5\x00\xdc\x88\x8b\x187\xcb\x84\xb4\x10p\xbe\x9a\
\xa2\x13\x04\xc1\x14\xc1\x84\xb24\xb58n\x81\x0cA\xb7\
\x91\x1b6\xbc\xcd\xf7\xe0N\x7f\x06\xe5d\xb8C.8\
\x97r\x18\x8a\xce}z\xa0]\xb7NhE'TZ\
]\x01\xd7l\xfe\x90\xf9\x99?\xd9\x0dl\xb0#\x05O\
\x04\xc8\xb2h\x19\xc2W@\xa4(\x8e\x22\xa6\x10\x98\xb5\
!Xda\xc6F\xd4\x04\xa4@~Q!J++\
\xa1\x1c'\xf7>$*\x06\x04\x07\xa5\x14\x94\x94\xa0\x07\
\xcb\x15F3\xa8\xaf\xabC\x9a\xccTq\xa1\x05\xe7`\
\xc6(\xd9\x86\xe2\x1a\x13U8\x87\x90\xf3\x8c\xa0\x82\xed\
\x99\xf9A\xf2y!!x\x94B\xc0\x00\x0c+\xb1k\
\x05\xc96\x8e\x1d9\xc2|v\x0aB\x08\x80?\x16S\
\x1f\xa1\x04\xc7\x07\x98\x88\xa0\x13\xd9gM\xeb\x1a\x08\x0b\
\xb0\x99\xd3\xb7\x98\x92\xf1B\x1fin\xc6\x9a\xf1H\xb6\
\x0d\xbe2\xe94N2Uu\x9cE\xb2/\xc1\xeb\xc4\
e\x08\x1e}\x02\x9f\xa9\xe72:\x09\x08\xbc`4%\
\xbc\x10\x92\xc7\xc6\x93\xa7s_6?s\xda\xd3X\xb6\
x)\x8e2\xbfLo\x81\xd2\xaaj\x9c5v,&\
]w5\xc6r\xa3\xcd\xa4_\x92t\x06>s\xbe\x19\
\xe9\xa3)\xdb\x82\x1c\xeb& \x07\x5c\x7f[\x0a4\x9d\
8\x89u\xcf\xbd\x809S\x1f\xc7\xc6\xe7\x9eG\x8a\xd1\
\x97\xd1iN\x0b\x8ac\xb4)#\x8b6\x11\x12v}\
\xca8\xe4\x9c}\x0eRX\x16\xa4\xb2!(0\xdb\x8e\
\x94\xe4\x17\x96\x0c\xeb\xdc\xb5\xd3\xcd\x95e\xc5c\xff\xdd\
\x81WRn\xff\xb6?\x8f?\xfexIUy\xc9\xf9\
\xfd\x06\x0c\xb8\xa9\xa8\xb8\xe8\xecP\xa0D\x03B\xd00\
A%\xa7\xbe\x98w\xd4\xe7\x10\x92Jd\x11\x8c\x84\x10\
\xf0\x08 \x9a\x8cI\xd2\xc4N\x1d>\x82\x0d\xcbW`\
\xce\xe3O\xe2\xedW6!}\xea4Y$\xa8\xfc>\
,*\x9f2\xd6H\x00\xd4\x96\x86\x15\xb7anF\x0a\
c\xb8\xe0\x8a\x8bq\xf5\xcd\x93\xd1\xa1kg\xc4\xc8|\
\x1a\x1b\x1a\xf0\xe6k\xafc\xc1\xdcyXAC\xd9\xf9\
\xe6;H\x9en\x80 c\x08\x0d\xe0\x93\xc5\xfa k\
\xe2&X\xbb.\xed1\xfe\x82\xf1\xb8\xe6\x96\x1bp\xc9\
\xe4\xabq\xf9\xf5W\xe2\xe2\xab/C\xfb\xae\x1d\xa0\xe2\
\x16\xe2\xc5\x09\x04* \xc0'\xa1h\xd0\x8d\xcd\x8dp\
]\x97V\xafaX\xb4\xf9\xa3\x89\xfd;\xde\x83\x09O\
mXP\xfc\xe7\xd0@4\x04{\x02\x02\xce\xd1G\x80\
\xaa\xd6\xd5\xe8\xd5\xaf\x0f\x88R0l\xcc\x8dG\xe1\x93\
Y\x0b%\xc1|7\xc0zJY0,W\x08\x01\x01\
@\xf1\xe8\xd3\xf8\xcc\x9f\xd3\x1a@\x96R\x82\xf6H\x99\
e\xc9\xfa2\x90J\xc2ql\x04\xacs\xfc\xd4Ix\
\x04\x1aMV\x95E\x88t\x90\xc9\x81iHY\xc1\x96\
\x10,!\x81\x89W\xd1\xec\xa5\xa0\x99W\x0d\x1d\x81T\
\x98F.<\xe6\x18\x0dpe)\x97(\xf3\xad\x01;\
\xf2\xd8.\xd71\xc7r\x0b\x8a\x8b\xd8*\xe7\xc3u\xd0\
\xa6p|\x0eA\xca\xe6\x98\xa5`\xfb\x1c\xaba\xbfu\
L-\x98\x94\x87\xd2\x1c*\xd7\xd5\x002O9\x1f\xcd\
q\x06t\x18Y\x14\x14\x15\xa0\xb4\xbc\x0c\xbc\x98\x1b?\
\x1fgo\x5c\x19\xd6\xd7\x81\x86I\xd7XZ\xc0g\xaa\
\xe7\xe8\xc1C\x08\x99\xef\x16\x00\x1c\x02nS\xaa\x19\xe6\
\xb3\xcb-\xd9\x14\x0aK\x8b\xd0\xbb\x7f_$\x0a\x120\
QI\x92\xd7\x02\x82\x9cP\x02\x96m\xe5\xda\xe6P\x91\
jI#\xc5\xb4\xd0k\x9b6\x939\x9f\xcc\xa5+\x94\
\xb4 \xa9\x87\xc6\xb9\x09\x0eDR\xff\x04\xfb\xd0\x8cT\
\x22t.>\xf5\xd2\x8c=\x16\x89\xc08\xd8\x03{\xf7\
a\x05u\xf3\xc9'\x9e\xc4\x9aU/\xa2\x85\xed\xb9\xb6\
\x8b\xce]\xba`\x22#\xab+\x09\xbe]zwC\x84\
c\xd1\xae\x84gi\x18\xa7\xe6S\xae\xc6\xb1\x87\x8cl\
l\x0e&K\xb6\xbc\x9d\x1bk\xf3\x99\xe7]\xb7l\x19\
N\x1d:\x0c!\x044\xe7\xe8\xb5\xb4@\xb2\x8e\xe2\xba\
\xf2bN\xde\x90\xd4z\xa1 8V\xc1#U\x06R\
\xa8\xc2\xfc\x82\xfc\x91=z\xf4\xb8\xb1UE\xd9\x05\x86\
\xec\xe0\x7f|}\x00o\x1aa\xff\x1d\x86%\xff\x0em\
\xfc\xd9&\xfeNc\xfd\xb3\xfd\xfc5\x15\xa6?\xf8`\
i\xdb\x9a\xca\x09\xbd\xfa\xf4\xbe\xa1\xa4\xa4\xe8l\xcf\xcb\
\x16X\xb6\x9d\x03\x95$\xc3v!\x05\xa4\x94P\x96\x82\
T\x8a\xd1\x94\x07\xdfKs\xe3\xc4\x87#\x15\x04\xf3j\
Gw\xec\xc4\xcag\xe7c\xfaCSr\xffa\xa0\xf9\
\x08\x98\x0b\xb0\x8e\x07\x97\x09\xdcl6\x0d\xc1#\xb8\x19\
\x93\xe1\xce\xb1E\xc0\x1c\xc0\xdc\xedmw\xdf\x81\xf1\xe7\
\x8dGYI\x09\x12\x89\x04N\x1d>\x8a\xc5\x04\xdb\x99\
O<\x85\x17W\xae\xc2)2e\xd0\x90\x14\x05\xe7\x92\
\x09\x19\xb0q\x09*\xbd\xfa\xf7\xc1\xa4\xc9\xd70\x14\xbf\
\x19\xe7]v!:\x0f\xe8\x89\x82\xd2|Tp\xa3i\
 Y\xf3\x0d\xdc\xad\x1e{\xe19\x90d\xbc\xa6\x18\x03\
\x8a\xe4E\x91\x22\x9b\x11R\xc0R\x164\xc7}\xf2\xf0\
1\xec|\xfb\x1d\x1av\x0a\xb6\xe5\xc2\x16\x16@\xa4\xca\
\x92%\x99\x0f\xef\xa7\x0c;g\x1a\x01,\xbd\x07\xf4C\
\x0d\xd9\xae\xe6<\xa4c\x99j\xb9B|AH\xd8\x09\
\x98>0\xc5\x80\x1ag\x0e\xf3\xd2\xbc\xc6\xa1\xb3\xcd0\
\x07FRh\x82\xb1\x84\xa2\xdc\x0c{\x03\x9f\x8b\x93\x1d\
\x9b?\xbd\x0d\xc9\xe6\x94\xeb\xd0\xcc\xc3\xdc8\x0d\x08\x19\
\xf9\xa7\x08\xb2\xd9\x9c\xa3a/\x1c\x1e\x85\x8e\x0c\xdfg\
\xfc,\x0c;\xb3]\x05\xe5\xa8\x1c\xa3\xd5lO*\xc9\
6\x00\x9fLU\x13\x10J\xcb\xca(\xdb81( \
\x13\x0d\xcd\xb0h\xf8\x82c\x90\xec^\xe7\xce%\x04e\
\x90\xc4\xb1#G\xa1\xc9\x82\xcd{\xa9\x91\xbb\x17\x12L\
\x0d;fS0\x1f\xe5\xab\xac\xac@aI1\xdb\xf7\
a\x9c\x84\xcf\x08H\x1b\x807\xfd\x11t@\xf9!\x04\
\x9a\x99\x1f>B\xd0\x05\x9d\xa5`\xfb\x8a@\xda\x92b\
t\xa3\xd8\xad-\xb9!\xd8\x0e\xed\xbbt\xcc\xb5!9\
~I\xb9\xfa\x0c\xf3\x03>\xac\x05\x10\xb2=)$\xd7\
\xc5f\xca\xa3\x0e\xafl\xd8\xc8|x\x06\xd1h\x8c\xb3\
D\xee\x93\x13\x92\x0eRH\x89\x80\xfdg<\xa6\x038\
\x96\xb2\xcar\x14\x97\x96@(\xc51\x06\x90F\x1e\x9c\
\xd3i\xb2\xf87^\xdb\x0a\x93\xef}\xea\x91'`\xbe\
#\x99>\x02y\x8c$\xce\x1a3\x1aw~\xfa\xe38\
\xf7\xa2\x09d\xc1\x15PQ\x1b\x92\xba*\x19-i3\
\x1e\xb6k\xb3\xd7<\x02z\xc0tI\xc3\xa1Cxf\
\xea\x13X6g\x1e\x8emc\xfa\x8c}[\x04V#\
\xbb,\xd7\xd1D\x12\x9a\xb2\x08X\xc0\xf1i\xce?M\
`\xd6\x16'\x0f\xbe\xa4(H\xc4\x13gw\xee\xda\xe5\
\xfa\xae\xedk\xcf\x9d?\x7fz\x05\xf3\xbc\x7f\xb8\xc9\xfb\
\x1f\xf4\x1f\xfd\xd7\x0e\x90\x0b\xfa\xdf<\x22\xff\x9bk\x7f\
\xf7K\x7f\xf5X\xff\xee#\xf8?\x0dR)$\x17\xba\
\xb2U\xa7\x0e\x97w\xef\xd5\xf3\x96\xc2\xe2\xc2a\x99l\
\xb6\xd0\xb6l\x91\xce\x81\x93\x84\xe3\xb8\xc8\xb1\x09\x01\xd8\
\x04\x0a\x9b\x0a\x14\xa1rE\x85\x84C\xcb\xb0\xa8\xcc{\
^\x7f\x03\xb3\xa6<\x8ae\xcf\xccE\xe3\xf1\xe3\x88P\
\xc1\x14\x0d&\xca<\x9dR\x02\xc9l\x12\x9aa[\x92\
\xac\xac\x99i\x85\x82\xdar\x8c\xb9\xf8<\x5c=\xf9z\
\xf4\x1b<\x18\x85\xc5%Pl\xe7\xbd\xb7\xde\xc5\xb4\x07\
\xa7`\xd13\xcfb\xdf\x8e\xdd\xc8\x92\xe1XB\xd1\xf8\
4\x0dS@\xba\x16z\xf4\xeb\x85\xc9\xb7\xdd\x84\xdb?\
u\x17&\x5cr\x01:\xf4\xe8\x04\xa7 \x86\x80!a\
\xe8\x00:\xc2q\x15FP\xd3\xa9\x0d.\xben\x12n\
\xf9\xf4\x9d\xe8>\xa0\x17D\xcc\x86\x01^\x15\xb1\x913\
|\x1a\x83\xe2|\x1a\xc9\xa0\xf71\xafkR\x0d\xe0n\
\xb8f>\xd7|\xb4\xcb\x18|\xc4\x18\xb7\x94\xc8pl\
\xa1\x02ZuhC\xb6\xdb\x1b!\xe7\xd4BV\xaa8\
?\x9f\xa0j\x0c+\xe0|\xb34\xbcl6\x0b\x03R\
\x9a\xef5\x9d\x85\xc3\xe7\xe3n\x04\xd9t&w]Q\
n1\xb6\x9b\x88\xc5a)E F\xeezc}=\
\x9a\xb9iCa3\x03\xe3C*\x05\x09@\x08\x0dA\
\xa3\x07\x0d>$M\x0a\x18\xeaz\x04[\x03\x82.\x99\
cHf\x98!\xab\xd3\x04\x1d\xe6\xe1\xe1\xd0\xa8\xcdW\
\x11Z\x048\xc9s\x9bu\x0c+M\xc4\x13Pl\xd3\
v\x1d\x08!\x11r\xfe\x01\xc1\xd4\xe7\xdc\xc0sA`\
4\x9f\xbf=\xc5\xf5\x03\xc7n\x9b\xba\x5cgKY0\
}k\xfe\x16<\xb7\x1c\x0b\x955\xd5\xc8\xe3\xc6\x9c\xcf\
\xe7M;FV\xae\xe3\xc0\xa6\xa3\x16\x10d{\x00\xd1\
\x0e\xc9\xc6f\xd4\x9b\x10\xdc<\xccK!\xc7\xe8\xc6\x22\
H3OZ\x5cY\xc2h\xa4#\xd9n!\x0cp\x1b\
\xc0\x0dE\x08\x8f\xe0f\xe6\x0c\xce9C\xa6\xecQ\x9e\
\x9ac\xdb\xb0\xfee:\xe0:X\xd2\x02\xa8w-d\
\x95\x8e\x89X\x04\x905s `\x1bgX\xc8\x14\xcb\
D\xee\x0b\x98\xcd\xc5\xaed\xae-^\x920\xae9\x9c\
\x00\x084\xb2L\x9d\x1c\xd9\xb3\x1f\x1b_x\x09O=\
\xfc\x18V.Z\x8a\x96\xc6F\xb8t\xf85\xb55\xb8\
\xf8\x8a\xcb1\xe9\xda+\xd1\xb1[gX\xd4\x15/\xf4\
 $'@\xd9\xb3gD\x84@\x9ckjsc\xb6\
\xf9\xd81,yf6\x9e\xfa\xfd\xfd\xd8\xf9\xdak\x90\
\x1c\x87\xe4}W)D(\x0b\xc99k\xca\xd6\xc8\xc9\
\xa3\x83\xb7\x1c\x1bRId9\x1f\x9ep<~~\x22\
/ox\x97\xce]o\xef\xd3\xb5\xdf\x0d55%m\
i\x8f\x0e\x1f\xfb\x08\xfeP\x86\xff\xcd\xac\x8c\x8c\xfe\x9b\
\xcb\x1f\xcdK\x5c\x5c\xb5n\xe5\xca\xda^\x9d;^\xd7\
\xae}\xfb\x9b\x13\xf1\xf8`%U\xbe\xe5\xb8\x22TT\
\x1a7\x06)\x14$\xa7\xefX6D\x08x\x04\x8e\x80\
93K\xf3*\x01\x114\xaa]\x9b^\xc3\x0c\xb2\xdb\
\x97W\xae\x84\xc7\xcd\x85<\xdb\x81$\x10y\x0c\x15=\
\x86\xc8)?\x8d\xd0\x11\xf0\xa8J\xbe+r\x1f\xfd\xb9\
\xd8\xfc\x973\xd7\x5c\x81\x0a\xee\x1e[\xec\x8b(\x88\xd7\
\xd6n\xc4\xd4\xdf\xfc\x1e[\xd7\xbe\x02;\xa3\x11\x81M\
\x90\xb7\xa8\x9b\x126\xf3\xbb\xad\xdaw\xc0\x957\x5c\x87\
\x8f}\xea\x93\x18:z\x04\x8a\xc8f\xa2E\x09\x9ch\
\xa9\x87\x9d\x1f\x85\x95O`\xb34Z\x08\xea-\x0c\xb1\
=G#\xc6\xd4E\x8f\x01\xbd1\xf9\xee[1\xf1\xaa\
\xcb\x10/-@C\xaa\x09\xa0\x81*G\xd1\xd8\xc10\
?\x8b\xfd\xfb\xf6c\x0f7\xfb|\xeeJG\x18\x8e\x82\
\x86\x131@I\x83\xf7\x09\x02\x1e\xcd\x96\xd6\x8e\x10\x1a\
]zvCQY1\xaf\x84H\x12x\xa5\xad\xa0,\
\xb2^\x1aWcS\x13S\x07\x1e\xd9X\x0a\xc6N\x05\
A\x97\xd6\xce\x99\x08\xcaO\xf3\x08\xb2k\x1f\x8e\xa5P\
VV\x02\x9bG\x8b26\x8e\xccg\xf8\xda@&\xa6\
\x09\xa8\xf9\x85\x05\x082\x19X\xec/\x16\x89\x92\xd9\xc5\
\x01\xe6--\x00\x16\xe5eK\x05)\xd9\x16A\xcf\xb6\
\xac\x9c\x9c4\xc7i\xa2\x05s_\x09I|\x09a\xbe\
\x1f\xc1|\x9a\xa2\x84\xa9\x00Ic7\x00\x00\x08bl\
\x083\xbf4\x19\x19\x8d\x1eY\xf6eXw\xdd\xa9S\
\x04\xfe\x16\x18\xd05\xa9\x0e)\x05B\x82\x8dQ\x82P\
h\x98\xe2\xf3\xd8\xbes'(\x82\xaf0mr\x8c\x16\
\xc7@g\x0d\x03\xe2\x01\xe7lQ\x07\x0c\x08\x9f`\xfe\
T\xd0\x91\x19\xbd\xd1\x1c\xabi\x87\x93GV{(\xae\
,E\xb7^= l\xca\x86\xac\x97b\x80\xcd5a\
\x93f\x849\xf9\xc5\xb8\x16Q\xc7\xc5\xde\x1d\xbb\xf0\xea\
\x86W\xc0\xae\x11\xa5<$\xd7GH\x01\xc5~\x8d*\
J\x82c\x96\x02\x0f]\x1b\x17N\xba\x14\xfd\xcf\x1e\x86\
\xeeC\xfa\xeaI7_\x8f^C\xfb#\xb4\x01i\xd3\
\xc1\xd1\x99\xb8P\x88q%T2\xc0\xb1]\xfb\xb0t\
\xde|<\xc5T\xc1\xfe\xed\xdb\xc1\xbc\x13\x0a(\xfb\xa1\
\xa3G\xe2\xba\xc97`\x14\xd9o4\x11\x03\x07\x04I\
y\xb705\xe5q\xa3\xcd\xe29U\x1a.\xd7\xdc\xe1\
\xbal^\xb7\x1eS~\xfd\x1b\xbcM&\xaei#!\
\xe5\xa9\xccC\xec/ \xbb\x05\xc7\x9b\x8b\x8c\xa4\x82/\
\x00\xe5:\x00\xc7\xafE\xee\x95\x1f/,\x1a\xde\xaa]\
\xdb;\x07\xf4\xeawG\x97.\xed\xda\xd16Y\x01\xff\
\x16/\x8a\xf2\xdfb\x9eX\xb5j\x95\xd5\xaaUY\xab\
\x0e\x9d:\x5cE\x03\xba\xb1\xbaUm?7\x16\xcb#\
c\x13,\x10\xfc\x07!\xd0X\xdf\x00snXP&\
\x99\x84\xa3l\xe8\x8c\x87\xf4\xb1\x13\xb0\x02\xe0\xd5\x17\xd7\
\xc0|\x0d\xe3\xb6-[\xb8Y\x06\xaa\xb2F\x92;\xf2\
\x1eS\x121\xe6<A\x832\xff\xd9\xa1\xf9\xa2nD\
-\xf4\x1b>\x087\xdeu\x0b7\xcb\xc6\xc0\x8dG\x10\
\xd2\xe3g\x18\x82\xde\xff\x8b\xdf\xe0\xa7\xf7|\x1f\x99S\
M\x88\x04\x02*\x13\x22C@W\xec\xdd0GMK\
\xbc\xe4\xca+\xb8\xe1qNn\xc3)\x15f\xc8l\x09\
\x814\xa4ha~\x0e\xd4\xdf\xffl\xabF\x10!T\
\xb1\xaf\xc0\x91\xc8\x92]#\xaa\x90_^\x84\xcb\xae\xbf\
\x02W\xdex\x15\xfa\x0f\x1f\x00\xc1k\xa7\x9b\xeba6\
\xc5\x5c\x8e\xf3D\xddIlf\xbe\xb0\x81c\xf1hD\
\x9a\xc0\x0136\x82R>s|\x82\xfdg\xe1C\x10\
\x1cj\xda\xb4F\xa7\xae] -\xc1*\x01\x0c3\x0b\
E\x08\x9b,\xc6'H\x9f\x22\xb33`\xe0\x90\xe9\x84\
l\x8b~\x00a&\x9b\x03PI\x99\x0a\x00\xe6^e\
U%\xf2\xf2\xf3\x102\x11\xe0\x10,24TA&\
(\x95\x8d\xfa\xa3G\x91g\xbb\x88Y\x0e\xfc\x96$\x02\
\x16\xdb\xb2s\x80\xa38.G)\xd84`m\xeak\
6(\x00\x8b\xef\xa3t\x14\x06\x94\xc0~Lq8&\
\xc7u\xd8\x9f\x03\xa9\x14\x14\xd9\xaf&Hj)\x88\xe1\
\x1e\xe7\xa0r\x9b\x5c\x1a\x02v<\x063\xff\xba\xd3u\
\xcc\xdbf 8\xe7\x90u\x03\xd3\x07\x9fe\x07hL\
7\xc3&\xbb,\xa9(\x05$\xa0\x1c\x8b\x9d\xf3\xc7\xa0\
!g\x12\x12dL\x11B\x82\x22\xc1)\xeaI\xb2\xb9\
\x05F.\x16Y\xb2\xe2x\x94k!Z\x90\x87\x9e\xfd\
z\xa3\xa0\xb4\x10\x81\xd2\x94l\x90s\x12\x9a\xcf+\xf6\
K\xc1Bh\x01\x8fr\x93\xc2\xc6\xee\xed\xbb\xd0p\xaa\
\x1e\x9aL\xd58\x07\x9f\x8c2N\xe6\x9e6\x9f\x05\xa7\
\xfc\xb2\xf0\x90&\x90\x0f\x1a1$\xb7\x09i\xe7E\x10\
\xad\xa9\x105]\xda\xe1\xf6O\xde\x0d\xf3\xe5C\xd2Q\
\x10\x9c7GF\xdd\xd5\xb0\xe9\x0ct\xd2C\xe3\x89z\
l\x22\xa0\xff\xec\x87?\xc1\xca\xf9\x0b\x01\xb6\x1d\xb1\x1c\
te\xae\xf7\xfa\x1b\xae\xc7\xa5\x97_\x063W\xcd\xf9\
\xe5\x17\xe6q\xfe6\xe5&\x10\x90P\x04\xe9\x16\xd8L\
?\xb9tL\x07v\xee\xc4\xfd?\xfd\x19\xd6.[\x0a\
Mb\xd2\xc4\x88!\xe4\x9aF)s[J\xf8\x8c\x82\
<\xb6\xcd)\x80\xc1\x14\x1d\x9f\x00\x04\x0b\x7f\xf3\x18\x95\
J\xb5\xb7#\x91+ZWV_\xd7\xb5}\xfb\xf6\xff\
.\xc0+\xf1\x9f_9\x99\xfc\xe7\x8b\x1f\xee\xf7\x5cL\
%e\xb6\xaauU\x9bI\xc5\x15\xe5\xb7:\x91H\xf7\
0\x0c\x22\x1e\x95\xc70\x15M\xef\xed\x935yT\x98\
x<nl\x0d\x8a\xc6gR\x0a\x9aa\xacc\xdbp\
h@k\xe7=\x8b\xa7\xee\xbd\x0fM\x04\x08M\x86\x98\
n\xaaGiQ!\x85\x13\xa2\xa0\xa4\x10\xc7\xeaN\xd0\
\x10|x9\x06ba\xe4\x84q\xb8\xea\xe6\x1b\xd0\x7f\
\xc8`\x08j\xb1\xd2\x92\x9be[\xf1\x8d\xaf|\x1d[\
_}\x0d5\xc5\x958\xbe\xf7\x10\x01\x17\x88)\x171\
;\x0a\xc7r\x01R\xa0\xba\xfa\xd3\xd8\xb8y#\x9a\xd2\
)\xc8X\x14\xd2\xb2\xa1h\xc0\xcd\x04wX\x8aF\x1b\
\xc2\x13\x9a%\x00\x08\xf4\x82\x06fv\xf9\xb3\xb4\xfc\xc0\
b\x131\x0bv~\x04c.\x99\x80/|\xf3\xcb\xb8\
\xe0\x8a\x89(\xa8,\xce\xedNg\x18\xea\xfa\x04\x96\xb7\
wl\xc3\xda\x97\xd7\xd3\x84\x01\xc59\x1aY\x14\x10\x1c\
L\x1e\xd0\xb6-\xf8\xdcQ\x87\x12\xa8\xa8*G\xbf\x81\
\xfd`\xf2\xa4\x92}s20@cBg\x8f\x86u\
\xe407\x8e\x08\xb6\x9a\xc0-\x08\x90\x8as\xf5\x08\x1e\
\x96\x94\x94\xa2\x86&\xc8\xc8\x88\x85\xdavm\xe8@\xaa\
PO\xf6\xd4\xd8\xd2\x8c\x93'Ob\xcf\xae=d\xde\
\x1e\x1a\xb9\xe3~\xfc\xe0al\xdd\xf4:\xd6\xbd\xf0\x22\
\x16\xcf_\x80\x97\xd7\xac\xc1\x09\xe6\xbb\x03\x86\xa9RH\
H\xb6\xc7\x06\xf1\xc7\x97T\x0aq\xb2\xc0\xc2\xbc|p\
@4j\xe3\x08\x1c\xd8d\x9d\x06x%\x01G\x08\x81\
\x90\x8cS\xb1n\x96\xe1\xb1\x90\x12\x1e\xa3\x12\xf0^\xc0\
\xc6\x1a\x1a\x1b\xd8\x9cF\x22?\x0e\xc5\xb9e\xc8\xba\xb3\
\x9cw\x86\xc5\x92\xfd+\xc6\x00\x00\x10\x00IDAT\
f\x9a\x22\x9a\x97@^qAn\xdc>\x9f\x13t<\
\xe6H\xfd\x01\x1f\xcf\x01\xa5--p\x8ad\xea>N\
0?\x1c\x9a~\x8c\x1c\xa4\x82\xc7\x94U\x96`UX\
V\x84\xde\x83\xfa\xc3\xc9\x8b\x22\x10\x9a\x02\xd7\x14\xa3\xce\
m\xb8\xd9\x5c\xef\xd0\xccQ\xb3I\xca\xb0\xe9T\x1d6\
\xbf\xba\x09\xcd\xcc\xa3\x1a\x19\x06\x94-+\x03R\xc3\xf4\
\x1f\x10\x0cM\x9e\xbfK\xdf\xee\xb8`\xd2Eh\xd7\xab\
\x13\xcc\x9eA\xc6of\xd4\x93BU\xc7\xd6\xb8\xfc\xba\
+q\xdb\xdd\xb7\xa3U\xbb\xd6p\x5c\xfb}\xd9\x11\xe0\
\xf3\x221\x08\xf6\xd1\xcc\x14\x93\x97\xccb\xf6\x933\xf0\
\xfb\xdf\xdc\x0f\x93j\x12\x04\xde\x82\xa2b\x5cz\xc5\x15\
\xf8\xd6w\xbe\x85N\xdd:\xe1\xd8\xa9\xe3h\xca4#\
\xc9\xe8-\xe7\x849\x86\x04\xf7\x19\x1aN\x9e\x80EY\
y$\x1c\xd3~\xff\x00V<3\x07\x11!\x11Q6\
\x04\xe7o@\xd8%+w\x5c\x8b\xa3\x05B\xda\x18}\
\x0a\xa0,@\xd2\xba\xb8&\xa1\xef[\xd2\xb2\xda\x16\x96\
\x96\xdc\xd8\xa6}\xeb\x1b:\xb7i\xd3\xf6\xc1\x07\x1f\xb4\
\xb9 \x1f\xe9\x1f\xf9_f\xa7\xff\xcb\x95\x0f\xf5\x05\x02\
\xaa((\xb0J\xda\xb7\xe9pIUM\xf5\xf5\x8e\xe3\
\xb4\x0a<\xcf\xf6\xc8\xd0\xcc\xc4l\x82\x99\xed8P4\
J\xf3\xde\xa1Rh\x86G^2\x0d)\xa9 T\x96\
&\xee\xd6\xae\x9c3\x07s\xa7M\xc3\x89\x83\x07\x91d\
.R0\xcfXH\xc6y\xec\xf8\x11\x08J\xf1\xc8\xb1\
#\x88\x17\xc6!\x09.5mj1\x89Jo>\xd8\
\xdf\xa6C[\x18#\xac;|\x02\xcb\xe7/\xc1\xa3\xbf\
\x7f\x18G\xf6\x1e$3\xd08~\xe4$\x0a\x0b\x8aa\
S\xd9C\x1a\x16\xf5\x19\xd9T\x9a\x18*a\x80\xe4\xcd\
\xd7\xb7\xe2\xcd\xad[\x09JY\xc4\x22\x11\x18C7\xec\
\xd0\x8c3Mg -\x1a5\x0d\xc9#\xeb\xf0s%\
D@$\x08i\xd4\x81\x08\xa1\x1d\x81\xc6\x96\xd3\x88\x97\
\xe5\xe3\xaa[o\xc4\xc7\xbf\xf8Y\x0c\x1a5\x1cv\x22\
\x0e\x03\xce\xcdL\x87l\xdf\xb5\x03{w\xef\x80\xcf\xf6\
\x02\x1aQ\xc8\xb9\x17\xe4\xe5\xc1v-\x04\xcc\x9dj\xb6\
%\x08T\x9d:uD\xaf\xde=\x10\x8d\xba0\x00 \
\x00\x04d7>\xcb\x11\xca'E\x96\x1efCXR\
\x11\xa7y\x97\x00\xa5\x8cL\x15\xeb\xf1\xad/\x81\xe2\xaa\
\x0a\xf4\x1a\xd8\x1f%<\xc6(\xbb\xa2\xe2B<\xb7b\
\x19~\xfc\xcdo\xe1\xc7\xff\xf1}|\xe5\x0b_\xc2\x8f\
\xbf\xf7}Ly\xe8\x11<\xf1\xe8\xe3X\xb2`\x09\x8e\
\x1c:\x0a)T.\x05\x90e_\x9a\x96+\xf8\x9e\xeb\
\xca\x11H\xb8\xd1(\xf2\x0a\x8b\xe8 \x02\xcaG\x83\xd3\
\xa7<\xed\x5c*\x81\x15H\xe2<\x82,\xf3D\x10\xb0\
l\x0b\x1e\x99\x97\xeb\xba\x10J\x22\xc5\xd4H\x0e@\x85\
@\x8a\x0c\xdfl8j\xce\xd5\x89E\xe1Q\x92\xf5-\
M0\xb9\xe2\xb2\xear\xa6WJ`\x80\xd8\xb4o\x1c\
\xb4q:\xa6}!\x04\x94$\xb0x!\x1a\xb9\xcb\x7f\
\xf2\xe8q\x08\xae\x89d\x7f>\x1d\x92\x89\x0a\x04\xd7\xa9\
S\x8fn\xa84_V\xa4\x00\x9fmk\x1eC\xc2Q\
H\x1a\xa8\x84EY\x06\xb0\xa0\x18\x1cE\xf0\xc6\xe6\xad\
\xd8\xb3m'$\x81\xdbQ6\x5c\xc7\x86%\x05\x9a\xe8\
\xe4\x1d\xae\x8b\x96!\x8c\x93\x1f5nt.]e>\
\xc9\x11\xf2ZZg\x91_Z\x88\xc6T\x13\xe2%\xf9\
\x184bhn/\xa0C\xd7\x8ep\xe2n\xae\xdf\x16\
:\xed \xe3#*\xa2d\xbc\xa7\x11\xa4}\xbc\xb2v\
\x03\x1e{h\x0a\xb6\xbf\xfe:\x9d_\x1d,\x82e\x8f\
\xfe\xfdq\xdb]w\xe1\x82\xcb&\x22Z\x94\x8f\x94\x08\
\x90\x91\x1c\xa3#q\xe2\xf8Q\x94q\xed\xcc<\x1bO\
\x9dD\x13\x19\xee\xd29s\xb1t\xd6l4r\x13Q\
P\x87\x04\xe5\x1cP\xa6\x06\xe0m\x09\x08\xea#\xb8v\
\x1a\xc6\x11\x0b\x9eJ\xce\x9e\xc7 \xb4 de~A\
\xc1\xb5\xad;\xb4\x99\xd4\xa7s\xe7\x8a{\xee\xb9\x87O\
\xe0\x1f\xf4\x12\xff\xa0v\xff\xf2f\xff\x81\x93\xfb\xcb\x07\
\xf1\x0f\xac)f\xcf\x9e\x9d_\x9c(\x1d\x15\x8f\xc5\xae\
\x10Rv\xd3A\x90\x00\xe5N\xb6\x0b\xdb\xa6\x22j \
\xf8\x83\x91D\x18\xaa\xa6\x98R\x08\x09\x80\x8a\xd7}n\
\xf2\x98\x9d\xfe\xe7\x16.\xc2\xec\xe9\xd3q\x9c\x8c.\xe6\
PG\x0c\xa0Pr\x02\x1a9\x03$Z\xda\xdc,\xc9\
\x12\xf8\xdavh\x9f\xfb\xab\xb2\xf1\xe7\x9d\x87\xd2\xcaJ\
\xde\x0fq\xf4\xc0a<;m&f?\xfe4\xea\x8f\
\xd4A\x10\x81\x02\xc6[.YG\x0b\x81$C\xaf\x9f\
\xa6\xa2\x0642\x9bF&i\x88A2\x03\xaf\xb1%\
\xf7_\xb842dUR! \x83\xc8\x85\xd3\x04\x0d\
\xc3$\x8d\xdc\x14\x8d\xd1\x80q@' tH\x00\x00\
\x04\xe7\xa7y\x9e!\xa3\x0d\x99S\xf6T\x08\x1d\x15\xcc\
\xf9\xf5\xc35\xb7N\xc6\xc5W]\x8a\xd6\x9d\xda\xa39\
\x9b\xc6\xae\xbd\xef\xe1\x00w\xa5}\x1a\x89\x84 \xd3\xb6\
\xe1\x93\xa5\x82/!\x04\x94\xa5\x90\xf6\xd2(*)&\
\xdb\x1d\x88\xfc\xc2B\x98M7v\x01\x8b\xc6\x19p\xdc\
\x87\xf6\x1f@=s\xa3\x8eCp \xd0\x12\xa7a\x91\
9\x1b\x003\x85\xd3E\x86\xb2\x91Q\x1b=\x07\xf5E\
\xf7\x81}\x91$\x03l\xe2\xae\xfe1n\xccl\xde\xb2\
\x09'\x8e\x1ec\x9a\xa6\x09-M\xcd\xb9\xcf\xcc&y\
Lq\x03\xc8\xf4\x13a\xf4a\x8a\xb4\x1c\x84\x1c\x93\xe6\
\x9c\x03\xad\xe1S\xfe\x8a,.\x9f9Ic\xcc\x92\xf7\
\x023\x0f\x1e\xb9\xd60\xc5\xb0w%%\xb2\xcc\x1f\xc7\
\xe9l|\xcaZ\xf39\xa9\xc8\xb6\x84\x80K\x80%\x16\
@p\x9e\x8a\xa9\x1b\x9f\xadf\xc9L\xb5\x04B%`\
\xd6\xb5}\xe7\xce\x88\xf2Y\xc3\xd6B\x0eHPN\x92\
m*\xb6a\xc07\xa4\xac\x95\x90\xa8\xaf\xab\x87\xc9\x11\
g\x0d\xd8h@*\xb6!\x05\xca*+0d\xe8`\
\xb6\x11\x85\xb6\x00\xc3\xfc\x03>\xc3a\xd0\xc1Z\xa0\xd4\
\x08\xb0\x02\x16$\xc2\x8c\x87\x0d/\xadC\x9a\xe9\x95\x18\
\xf5\xd186[Yt(A\x8e\xc9'\x19\xde\xe7\x15\
\xe6\xe1\xec\xf1gc\xe8\xa8a0N\xbe1\xd5\x88\x90\
\xa0\x0b\x8b\xebE\xdd\xd0\x94u\x8a\xb2\x8d3\xff\xdfk\
P?L\xbe\xeb6\x8c<o\x1c\xf2\xaaJ\xe1)\x09\
\xc7\x89\x02\xc6AraZN5\xe6\xce\xdf\xdc\xf4:\
\x1ey\xe0\x11lyu3\x9aN\x13\x8c)\xaf\xb6\xcc\
?_v\xc3\xb5\x18{\xe1\xb9(\xae\xad \xe8R\xe6\
\x22\x84\x17z\xb0\x18YI\xa1\x91\xe5\xe6^\x94\x13=\
}\xf0 \x9e}jznc\xd9|\xd6\x5c\xd0\x86\x04\
#IMr\x13\x06>$em\xe4l\xd6)\xe0\xda\
\x09\xca\xcf\xe8\x88\xe0x(\x91\x08\x80\xd6\xaem_\x92\
_Z0f\xe8\xd0\xee\x85Z\x9b\xda\xbc\xfaw\xff\xe1\
\xc2\xfc\xdd\xdb\xfc\xeb\x1a\xa4j\xfdu\x0f|\x98j\xcf\
\x9f??Q]^2\xac\xaa\xaa\xfa\xca\xc2\xc2\xc2\x9e\
\xd4Z7\xe4\x04L1\xa2\xe7\xc2R\x99\xf9\x8e`\xc7\
{\xd0\x06|yC\x0a\x09M%9\xf2\xde^*\xd1\
3X\xbeh\x11Z\x1a\xeaaQA\x92T\xe6\xe2\x92\
\x228\xcc\x1b\x9e\xaa?\x85\x02\x86\x9e\xcd\x99\x16(2\
\x90\xfe\x83\x06\xe0\xa2K.\xc2\x90\xe1\xc3\x90(.D\
#S\x04[\x19&\xce|\xf4Il~q#2u\
\xcd\x80\xf9\xb6-Z\xae\x10\x0a\x16\xd9k@\xe5\xcb\xb0\
_\x97\xc0\xe2\x11\x10\x14\xfb\x8e;\x11\x84\xdc\xc5N7\
4\xe3\xdd\xd7\xdf\xc4\xcew\xb7q\xd4\x0aQ^7\xce\
\xc0\x18\xb5\x84\x84K\x80\xb6\xa9\xf0R\x0b\x80\xd30\x8b\
i\xb1=\x8bm\x80\xf3\xf0C\x1f*\xe6\x00\x11\x89\xa6\
d\x032\x0c\x11\xab:\xb4\xc69\x17\x9c\x87\xebn\x9e\
L\xc3\x1d\x8b\xe6T3\xde|\xfbM\xd47\x9c\x86\xcd\
\xf9Q \xf0\xc8zC\x03\xe2R\x10<-\x189\xd9\
\x9co\xbb\x8e\x1d\xd1\xb1C\x87\xdc5\xd3\xbeK\xe6h\
\x1c\x8fa\xba\xbbv\xec\x84\xef\x87\xb90\xdb\x00\x91\x13\
q\xe0\xd1\xd8<\x0e,P\x82\xc6\x8e\x5c\xa9h\xdb\x8a\
\xa1\xefU8\xff\xd2\x8b\xd1\xaeSG\x14\x15\x17#\x1e\
\x8b#\xc1|e,\x12Eiq)7\xdc*\xd0\xbd\
[Ot\xeb\xde\x03\xb1X\x1c\xc9\x96\x14\xb2tN\x9a\
R\xd0\x9c7\x94Eh\x04|\xae\x9bd\x94\x92W\x5c\
\x04\xa1\x14$\xe7\xae\x19:\xfb4\xf4$\x1d\xa6\x197\
 \xa0x\xcf8\x95\x9c\x91sNi\xde7\xc0\x1b\xcf\
K\xa0\xbc\xa2\x12\xe6\xa3VF\x84\xac\xc8\xd1\x02\x192\
TiY0,?Q\x94\x87\xee\x04\x1f\x03\xc2\xc2R\
\x085G\xa0$\xab\xca\x5c\x7f\x94<\x94TP\x8e\x8b\
SL\x0b\x98?\xd1\x0e\xf8\xbc\xcb\xe7\x1d\x8e-\xa4\x83\
n\xdd\xb6\x0d\xcc\x5c\xb9\xec\x00\xfb7\xe0.\x04\xc7e\
\x9e\x13\x8a\x13\xd1\x88X.4\xd9\xf2\x8ew\xb6c\xfb\
\xb6\xed\x5c\x0b\x1b\x8e\xa4\x93\xa1\x13\x09)G\x9f\xeb\x11\
c\x0eZZ\x12=\x19q\x8c\x18=\x92\x91U\x02\xd2\
\x960\xedY\xb6\x05A\xb0m\xa9?\x09\x9b\x80\xa8x\
\xdd\x00\xb4IC\xb4\xee\xde\x19\x13\xae\xbc\x04\xed{w\
\x87U\x10\xe7\xba\x84(\x88\x17\xc0\x15\x0ebV4\xc7\
v[\xe8\xe0\x0f\xef?\x88gf\xce\xc2\xe2\x05\x8bq\
\x90 \x9aI%Q\xc6\xa8\xe4\x9c\x8b/\xc0\x85\x93.\
C\x9b\xce\xed\x90f\x0c\x10\xcf\x8f\xc1Dx6\xc7R\
QZ\x82l\xb2\x05\x0e\xe5\x9c\xaa\xaf\xc7\x8b\xcb\x97c\
\xd5\xb3\xcf\xe6\xbe\xcaTJ\x09.=\xd2LAX<\
\xcf\xad\x1f\xe7\x1f\xb2\xae)<\x00\xe6W\xee\x86\xb6b\
\xf1X\xc7\xb2\xb2\xb2\xcb\xcb\xcaZ\x0d_\xb9re>\
/\x0b\xfc\xb5\xaf\xbf\xfe\x89\xbf\xb6\x87\xbf\xb9\xbe\xfc\x9b\
[\xf8\x8060k\xd6\xacDY~|x\xc7\xf6\x1d\
n \xd3\x18E[)5F(\x84\xa0\xdeKh.\
\xb6\xf1\xb8J)XL1\x98{\xe6\xf3\x86\x11\xdb\x81\
\xa6\x81\x1f\xdd\xb9\x0b/,Y\x86\x17\x96.\xc3)\xe6\
\xe9\x14\x1b\x00\x9f\xb2\x1d\x0b\xc9t\x12\xe9 \x0b\x8b\xb9\
\xad\x8cQB2\x8f~\x83\xfa\xe3\x86[n\xc2\xa0a\
CAt\xc6q2\xb7\xf5k\xd6b\xce\xcc\xd9\xd8\xba\
q\x13\x14\xc3\xb8\x04\x95\xdc(\xba\xe4\x18\x9a\x98\xd3\xcc\
\x104\xb4mCF\x5c\x04B\xd3\xa0\x01\x9f}\x83,\
\xa1(\x9e\x8f\x022\xe1SGN0\xdc|\x1d\xcd'\
\xeb`\x0b\x02\x01Y\xb0G6\xe4:6B\x1a\xa4\x01\
\x5c\xc3\x90L!\x09\x81\xe6\xfd\x5cC\x1ck\x84\x1bf\
M\x04\xd5\xfa\xa6\x068<w\x08\xc0Y\x02\xafK\xa3\
\xe9=\xb0/\xae\xba\xf6j\x5cr\xf9\xa5\xd0\x1c\x8f\xf9\
\xee\x81,\xc1(\xd9\xd8\xc8\xcd\xae|\x84\x1c[\x00 \
$#\x93J\xc1\xc8\xa7\xb0\xa8\x00}\x98\x1e(//\
C\xc0\x7fY2\x19\x8b\xe3o&+\xdd\xfc\xca&\xa6\
^\x0e\x11\x88,\x0e?\x80E\x96\x96\xe1\xf8<\x82`\
(\x05BK\xc2\x93@3Ys1s\xc4\x17^q\
\x09&\xdfy\x1b\xce\xa7\x93\x9ap\xc1\xf9\x98p\xd1\xf9\
\x18\x7f\xcex\x9c\xcf\xf3\xcb\xaf\x9c\x84\x9b\xef\xbc\x1d\x97\
^~\x19L\xe4`\x00\x5cZ\x16 \xb8n\xc2\x1cx\
\xe4\xfa\x85\xd0P\xbc\x9e\xc7\xcd9\xb3.\x9ac\x0e\xd9\
_\x92,\xd1\xfc\x15W\x96\xb2\x94R\xb1&`s\x8d\
S\xcc\xc3[\x04N\x08\x81,\x81L*\x89\xb6\xcc3\
\x8f\x1c=\x8aQI9L\xc8O\xb4\x83\xa2\xc3\x00\x81\
K\x92E\xf7\xee\xd7\x17\x1d:w\x22P\xf9P\xac\x1f\
\xd01r\x08\x048\xfef\x7f\x12\xef\xff3\x7f\x14q\
p\xdf\x01d\xd2\x19H\x02\x8c\xb2-d\xe8\xbc\x8aK\
\x0a\xd1\xb3O\x0f\xe4\x15\x17\x12\xd0C\xca\xc6\xe7\xa8\x91\
\xab# \xa0\xb9\xd6YF\x16.\xc7\x97nJb\xed\
\xea\x97`\xf2\xad\x16\x144\xe7b\xa2/\x9fc\xb5l\
\x0bv\xc4F\xe7n\x9d1r\xcc(\x94U\x97!C\
YzL\x09)\x22\x9b\x92\x00\x0f\xa6E8\x96\xe21\
\xcc\x8d9\xc9:>]\x94\x9b\x17Cy\xbbZ\xa4\xb8\
n\x1e\xe7\x90d:\xc8\x91\x16\x196`\xd3\xa3\xe4G\
\x12\x8c\xc04N\x1f?\x85\x85\xf3\xe6c\xc6S3\xf0\
\xc6V\xea\x1d\x01\xb5\xa8\xa2\x02g\x9f7\x1e\x17RW\
\xba\xf5\xed\x05\xe1\xb2}[\xd2\xe9y\xb4\x05\x02\xae\xad\
`s\xcev\x004\x1e?\x89\x17\x97=\x87\xe5\xf3\x9e\
\xc5\x81\xed;hK\x19(\x92\x8a\x90\xba\x12\xf2H\xd1\
\x9b\x05DNMC\xe4\xf4\x0a|\x99{a\xa8\x8b\x0b\
\x0b\x8b\x86\xb5\xadi}]Ei\xe1\xf0u$M\xbc\
\xf5\xd7\xfd\xe8\xbf\xae\xfa\xbf\xa2\xb6\xfc\xb3\x9d\x8a?[\
\xe3\x03W\xc1|=cMI\xe1\xb0V\xad\xdbL&\
\xe0\x8e\xb7m\xa7\xc2\x18\xa4Qpa\x0c\x85\x0aB\xab\
\xa1*\x860`\x17 \xe0\xe2\x07P\x04\x87lC\x03\
N\xd1x^Z\xb4\x14\x1b\x96\xaf\x84\xc7\x0d\x9e\x04\x95\
\xd2&\x0b\xb1\xa9).\x14@\xf6\x12\xf2i\xbawD\
\x8b\xe3\x18=a\x0c&\xdf}3Jk*\xa0\xa9\x80\
\xc7\x08\xb8+\x16.\xc3\xcaE+qh\xe7A\xa8@\
\xc1\x12\x16\xb2\x04\xa1,\xd9gE\xabj\xc4K\x8b\x00\
W\x22 R\x1aC\xce\xd2X\xa3dK\xae\xedrw\
=\x8b\x14s\xbb\x1ew\x9bM7\xdb\xde\xd8\xc6\x1c\xdf\
n\x84lC\xd1P,\x02\x8d\x92\x0aF\x91%\x0dS\
\xb0]E\x05\x16Z\x80\x8a\x8bPJ\x04\x9c\x8b\x01C\
\xc9k\xf9\x05\x05\xe0\xe4\x90\xa4\xa3\x00\x0d\xc6\xb0\x15\x93\
\xff+(+\xc4y\x17M\xc0\x84\x0b\xcfCAa>\
\x02\xce\xcbvl2\x97\x14|\xcaI(\x05\x9f\xa0\xa0\
E\xc8\xbe)\x1f>\xdb\xb6K\x07\xb4\xee\xd2\x0e\xe6#\
q\x19\xd6W96\x07\xecxw\x17\xb6\xbc\xbc\x85\x06\
\xe6\x90)\x87\x14\xaf\x82\xd4\x12\x8aHf\xc3\xe2?I\
=!\xa3cn1\xb45\xdc\xc2\x08\xba\x0e\xea\x85s\
/9\x1f\xd7\x92u_w\xf3\xcd\x98|\xebMd\xc1\
W\xe2\x9c\x89\xe7\xa1\xe7\x90\xfe(o\xcd\xf4\x8c\x0c\x91\
f*\xc2\x80\xa9Ie\x10& i\xdc\x82ka)\
\x0b\x82s\x8d\xe7\xe5qz\x16\xc1\xc3B\x5cF\x90j\
H\xd1Q\x9eD\xcb\xe9\xe6\xdc\xf5\x90\x0c\x5c\x0a\x89T\
2\x85\x90\xceSP6\x9a\xed\xfa\x08`d0r\xfc\
h\x5cp\xe5D\xf4\x1f=\x14m{uDe\x97\xd6\
h\xcd\xe3Y\xe7\x8d\xc6\x04n@\xe6\x97\x17#C\xd9\
\x85\xe0\xbc\x84\x80\x14\x0a!\xfb\x0f\xb9>\xd2\xe7\xbc\x92\
\x1a\x0d\xc7\x1b\xb0\x7f\xf7>d\xe8\x10\xad\x88K\xe7\x92\
\x82q\xc8\x1d\xbbwB\xd7^\xdd\xa0(;\x0a\x05\x01\
\xd7\xcb\xe8b\xc8c@\x87\xe6\xb1M\x10\x86%$\xf6\
\xef|\x0f\xbb\xdf\xdaA\x07\x0d(_P'%\xd7\x81\
w\xe9\xd84\x017Z\x9a\x8f\x81\x1cc\x87\xbe]a\
\xfe\xd0\xc6\xe25aI>\x1d\xc2#\xbb6m\x1a\x96\
\xeb\x91\x15\x07\x82\xb2ND\xa1\xa8\x8f!\xfb\x11J\xa0\
\x89\x1b\x98R\x01&W\x1f'\xcb\xf7\x09\x84\x01\x9fs\
\x95\x82\x01\xcc\xb8\xb0\xe1\x04\x12\x92\xf3\xda\xf6\xc6\xdbX\
4o!^~\xe9e4p\xd3\xcd\x8aD\xd0\xef\xac\
\xa1\x98x\xe5\x15\x188r\x18b\xa5\x85h\x0a(O\
[\x00\x04\xe0\x80z\x1d\xe1X\x22\x94o\xea\xe4)l\
Y\xbd\x06\xab\xe6\xce\xc3\xb1\xdd\xbba>\xe7\xab\xe9\x1c\
4SQ!\x817\xe0\xf8\xa8\x96\xccp\x84\xc8P\xbf\
B\xa8\xdc\x5c\xc1P\xc0Rv\x19\x81\xf7\x9c\xda\x8a\xea\
\x1b\xf2*K\x07\xad_\xbf>\x8a\x8f\xd8K\xfe\xd9\xf9\
\xe8?[\xe3\x03U\x81\x0c7\x1a\x15\xe1\x90\x8e\x1d:\
\xddTYY5.\x0cu)\x8b\x10\x92\x06J\xd02\
\x0bk\x943\xa7\xf0\xdc(\xf2\x19\x92i\xd0\x9c\xa8\x14\
\x192\xb6\xc3\x0c\x93W\xcf\x9d\x8f\xf5K\x9eC\xfa\xe8\
\x09D\xb2\x01\x22\xcc\xbf\xc6\xa9\x181i# {\xd1\
T0\x8fF\x18g\xe8y\xceE\xe7\xe2\xfc+.F\
\xbc8\x1fY\x1a\xf1n*\xd9\x92g\x17b\xfd\xea\xf5\
8u\xa8\x0eL\x84\x01\xa1Bs&\x8d(\xebt\xe8\
\xd5\x15\x93n\x99\x8ca4t_\x85`\xb3\x88\x90Y\
\xb9\xb6\x03S\x88\x0a\xb0hd\x82\xef\x8dB\x0a\x82\xd6\
\xb1\x03\xc7r\xbb\xfa\xe9t\x16\x10\x80\x22\x931@m\
\x09\x05EpT4`IeV4\x5cI \xf2\x09\
*2\x07\xe0\x91\x9c\x01yi\x0f\x19\xb2X\x8f\xc6\x87\
\xa8\xcd!\xf9@D\x02\x8e\x80\x15\xb1\xd0\xaamkp\
\x93\x91)\x13\x17B*JC\xe4\x8am90\xc6\x11\
BCr\x03\xc5\x8eZ(\xad(B\xf7~=\x91G\
\xa3\x0b,\x0e\xc7\xb2\xe0\xbaQ\xa4\x1aSX\xb5t\x15\
7c\xb6\xc1V\x11\xe6\xfa\xb2\xb0\xe8l\x5c\xce]e\
5\x14eh\xc6\xaa)s\xe1\x02:\xa2\xe1\x8b4T\
\xbe\x03\x95p\x08.>|\x1am\xe8\x02\x19\x91\xa5A\
\xc2\xd0\xc9J\x00\x00\x10\x00IDAT\xa6\x91Q\x1a\
\x9e\x08\x08\x12!\x1f\xa0\x22\x9ay\x12@\x03\xca\xc1\x11\
\x0a\x8e\xcb\xf9\x09\x81\xc2\xa2BD\x9c\x08\xa7c#j\
E\x98\x9a\x09p`\xf7~\xd4\x1d\xa3\xfc9\xd5\x90\x0e\
3\xa4qK\xd65\x80+\x08@\x922\xf4\xb9^\x1c\
\x1e\x8a\xc8\x1a\xcf:w4&\xdd~\x1d\xae\xbek2\
&\xddq\x1d.\xbf\xf5j\x5c2\xf9JTv\xac\x05\
G\x02\x8b\x00g96<\x02\x87\xc9iK(:\x15\
\x0b:\x0d\xc8\xb4\xc0\x89\x03\xc7q\xf4\xd0q\xa4\x99w\
\x0f\xd8~\x1a>\xd7;\x8e\xfe\xc3\x06\xa3\xbc\x15\x9d\x07\
\xf3\xc4!\xe5\xaf\x08p\xa0P}\x8e\xc78\xe1\x00!\
\x94m\xc1\xa3\x93}\xe3\xd5\xd7\x90<\xd9\x80\x08(\x04\
\xb3\xd4tZ):\xd4\xd0\xb5`\x15\xc4\xd1g\xf8`\
\xf4\x1e6\x10nA\x942\xf2\x91\xa6\x1ej#3\x00\
\x01\x1d\xa0\x99\x9bO\x16k\xda\xd4\x1c\x83\xcf\xfeBh\
\xdec\xdd4\x9d\x00\xf7+\x8c\x9e8\xec/M\x06\xac\
\xa5\x86\xcd\xe7\xe9\x7f\xe8\xc84\xe7\xe2\xc1\xa6\xbc\xcc\x9a\
\xd9\x04\xfd]t\x00K\xb9\x99\xb9b\xd9J\xec\xd9\xb5\
\x17\x16#\xafn\xbdz\xe1\x8a\xeb\xaf\xc1\x88\xf1\xe3\x10\
!\x8b\xf7l\x01Oq\x00,\xec\x92k\x1e \xcau\
\xca02\xdb\xbc\xfaE\xac \xf0\xeegz\xcc\xe2\xb8\
\xc0>\x05\xed\x0d\xd4U#C\x8f\xf5\xb2t^\x19/\
\x800\xb6\x19\x08h\x8f\xc2\x09tqAa\xc1\xd9\xad\
[\xb7\xbe\xde\x0d3}\x8cM\xe3#\xf4\x92\x1f\xa1\xb9\
\xc0,N\xeb\xea\xb2\x01\x1d;v4)\x85s\xc8\x02\
\xca\x83P\x0bAE\x17\xca\x82\xb0h$\x02\x5c\xf3\x10\
\xd2\xfc\xa3\x11\x06\xf4\xf6\x9a\xecD\xd0\x98\x8f\xee\xdcM\
v\xba\x18\xeb^x\x01'\xb8i\xa6XW\xf1W\xc8\
\xf0\xce'X\xf8\xa4X\xa1\x05\x04T\xd6\xea\xd6\xb5\xb8\
\xe4\xb2K0\xfe\x92\x89\xa8`^\xd0\xfc%\xd1\xde]\
{\xf0\x14w\xdd\xd7\xd1\xcb\xb7\xd47\x22\xcb0WQ\
\xc06\x0d\xd6\x00l\xff\xe1\x83p\xe5\x1d7c\xe0\xa8\
\xb3\xb8+|1\xce\x9dx>@\xb6\x9b\xa6Az\xa6\
}\xa3\x90\xec\xcf\xa3\x82*\x03\xbcJA\xe7\xc0J\xe0\
\x8d-[\xb1\xeb\xcd\xb7\x01-`Y6\x84\x10\xd04\
*\x01\x01e\xea\x85:7/^DcC#\xeaN\
\xd6!\xa42GT\xc4(2l\xa9\xe0\x12\x88C\xd3\
6\xcf\xc1\xe7!\xc0\x97\x80\x10\x02\x90l/W4h\
\xeb\xb0\xd9\xa6`\xfb\x9a\xa0 9&\xc3\xd2@m\x89\
\x90=u\xec\xda\x999\xca\xf6\xb9g\xd2\x99\x0c\xc1G\
\xc0\xb5\x1c\x1c\xddw\x08s\x9f\x9a\x89S\x87\x8f\x02\x0c\
\xed\x1de\xc3|lX\xd2\xb0,\x08\xb0y\xb2\xfd\x0c\
\xb2f\xbe\x94\xa5g\x05\x04\x0f\x0fIx\xc8\xf2\xdc\xa7\
\x130)\x08\x92-B\x16\x18\x1e\x07\xc8\x12\x9c85\
(\xce\xd9\xb6,\x84|\x1f\x89\xc6\x10ci\xaao\x80\
\xcf9\x9a\xbc\xaf\x94\x16\xc1\x85\xed\x91\xb9\x19\xb9\xec\xe5\
\x06\xe1\x9e]\xbb\xd0\x5cw\x9ac\xb3\xa08G%%\
$\x8f\x01\x01*\xa0\xac\x0d\xe8\xf8\x04^\x8fcq\xf3\
#(\xa9)C\xbb\xee\x1d\xd1\xb5o\x8f\xdc\xb1\xb0\xbc\
\x08\xe0\x98`\x01M\xa9&\x18\x19\x98\xb54\xcfk2\
:\xa5$$\xe7\xe5\xd3\xa9\xed|w\x07\x1a\xb8\xe6\x1e\
\xfbO2\x8da>jVV]\x89\x9e\xfd\xfa\xc0\xe2\
f\x9d\x91S\x08\x0d\xa9\xd4\x1f\xd6\x89\xcd\xf1\xd9\x90\xb2\
\x01\x19\x9e\xf9\xbf\xdf\xf6\xbf\xb7\x1f\xcd\xf5-\xb96C\
\x02\x92\xd1\x83h\x22\x8e\xd0\x12\xe8\xd2\xab\x1b\x86\x8f\x19\
\x89b:\x08_i\x8e:\x84\x16\x1a\xe6E\x95\x80\x19\
[\xae\x80*b\x0a\xc7\x97\xbb+\xcc\x08%\xf1.\x8b\
\x0c\x81\xdd\xc8OP\x0e\xec\x1a\xd2\x92hf\x9aK(\
\x01\xc5\x92b\x0e7\x16\x8dp=u\xee;$\x14m\
\xe2\xd8\xfe\x83x~\xf12,\x9e\xfd,\xf6m\xdb\x05\
)\x15\xcc\x7f\x81t)S?\x97^~9\x8a\xcb\xca\
\xe0\x11D9\x05\xf8\x94i`t\x86}\xc7\xc8\x8cS\
\x8dM\xb9\xf4\xdc\xe29sp\x80yj\xc5N\xcd\x9f\
};J\xc2\x90\x17[)XfM\x01\xceE\x00\xbc\
.\x14\xd7\xd1\xf3%/\x95\x17\x14\x17O\xa8m[;\
\xb9K\x97V\xbdW\xadZ\x15\xe15\xb6`~\x7f\xb8\
\x8b\x99\xdc\x87{\x06\x7f\x18=\x01\xd7)\x88\xc5\xba\xb7\
k\xdb\xfe\x86\xaa\xd6\xad\xc7C\x8a2/\x9b\x15\x86\x9d\
\x84\xd0\xd4kM\xe5\x08\xa0\xa5\x84`\x91B1\x1c\x95\
\x0c\xa7\x80\x90\x0c\xe0\xf4\xa1#xa\xf1\x12\xbc\xf8\xdc\
\x0a\x9c:v\x0c\xb1X\x04!\x810g\x98*@C\
\x90D\xd6\xd1\xd0d{\xe5\xadkp\xe5\xb5\xd7\xe0\xec\
\x0b.\x84\xf9\x22qZ\x00\xde~\xed-\xcc&\xe0\xbc\
Ep\xccr\xe3G\x13\xccm%\x08\x04\xa4,\x11\x81\
q\x97\x9c\x87s\x18J\xd7v\xa8\x85\x8c\xd9(\xa9*\
\xc3\x05\x97\x5c\x88\xd1\xe7\x8c1D\x18\xc2Q\xb9\xef\x1e\
\xf0\xa9\xb4\x1ce\xee\xa3J\x92\x0a\xae\x04\xc7K\xd49\
u\xf2$6\xac[\x0f\x13b\x07\x04\x1a\x8b g\x91\
\x0d\x0b*\xad\x01&e)JB#\xc34E\x86a\
\xf4\xab\x1b6\xe2\xed\xado2U\x90\x86+,\x082\
\x18\x8bhjs\xdeQ\xa60h!4.\xc9g@\
\xe9\xb0\x08\x91\x93\x91\x09K\xb5\x0c\xa1x\xcb0z\xcd\
P\x10\x08\xe1q>\x99l\x9aS\x0dQ\xce\x9cl\xcf\
^=QZV\x82\x14w\xaf}\x02lD\xda\xb0C\
\xe0\xdd-\xaf\xe3\xf9\x85\x8ba\xf2\xe0\x0e\x8d\xcf&\x22\
\xb8\x9c\x87\xcd\xa2\xa4\x80m+([BX\x22\xe7\xbc\
\xb2t`Y\x22s`\xae\xb9\x16\xb4PP\xd2\x86\xa5\
\xc8\xee\x0ch+\x87\xe76\xf1D\x02\xa1 \x80:0\
 \x97I\xa6aq\x17~\xdf\x9e}xm\xf3\x16\xa4\
\xc8\xe4<\x1a}\xc8\xf6\xd2~\x86\xef\x93\x94\xd7Z\xec\
\xdc\xc6MH3\x0e\xa1`\xc6\x00\x02D\x86u}:\
Re[\x90\xec7\x14\x01B\xce\xd9'\xd4{,\x01\
\xcf5\xdb\xf19[\x8fm\x85<\x9a\xb9\xfb\xdc\xb5\x8f\
\x9a\xa8\xc4\xb5\xa1yM\xb3?%\x80}\xef\xbd\x87\xad\
[^\xa3,\x92\x90R\xc2q]\xb0;\x0c\x18<\x08\
\xf1\xfc\x044\x19\xa9\x01jH\x01\x03J>\x1d\x87\x94\
\x16s\xaf\x0e\x1c\xc1y\xb2l\x7f{;\xf6\xee\xd9\x0b\
\xa5\x1477[`\x98\xaa\xe0\xd8\xb2\xec\xa7\x8c\xf2\x1e\
5\xeelT\xb5\xaa\x81\x16\x1a\x06yB\xea\x89\x06\xff\
\xf1\xbd\xb9\xf6~\x01\xcc\x11\xb9\x97\x80\xe6\xbc\xcd\xa9\x14\
\x02Y\x12\x8b\x0c#\x04M0\xcf\xa4\xd3\xb9q\x98\xb1\
\xc4\x08\xeai\xa6o\x8c\xec\x12\x05y\xec;I6\x9f\
\x05\xe8\x98$e\x85T\x16\xa9\x13\xa7\xb1c\xd3\xeb\x98\
7u\x1avs\x9c\x9a\xbaWZR\x82q\xe7M\xc0\
\xc4K.Am\xebV\x00\xd7\xd50\xef4e\xe4\x8b\
\x10F\xbe\x1es\xd5\xc6\x16^~q\x0d\x9e\x9d1\x03\
\xc7\xf7\xef\x87b\xa4\x10\xb2\xff\x18eo+\x09%)\
/F\x10f,!\xcf\xb5\x04\x14\xd33\x1c\xb7\x82\xa5\
*K\xca*/\xea\xd8\xb6\xfdM1KwY\xb2d\
\x89\xcb\xd9\xf3\xd6\x87\xfb\x87S\xfc\xe0O@\xfc\x99!\
\xdes\xcf=\xb2,\xdfm=pP\xbf\xabK\xca\xca\
\xce\x95\x96\xaa\x0a4\x84\xb4m\xfeR\x08\xa9\xa5\xa1\x90\
\x10T\xe8\x80m\xf9T\xc6\x90a\x9b\xa6\x12\x1a\xa5o\
>z\x12\xcf>>\x0d/,Z\x0c\x8f\x1b\x0c>\x99\
\x8a\xe4S\xb4\x0b\x86\xb9\x19\xf8\x04]\xc4\x142D\x95\
6\xdd:\xe4\xc2\xab\xfeg\x9d\x85D4\x0fas\x06\
olx\x0d\xf3\xa6\xcf\xc6\xce7\xdeE\xccva\xb3\
/I\x83\x14\xc2\x077\xa5\x99\x0b\xeb\xcf\xdd\xe3\x89h\
\xd5\xad=\xac\xb8\x85\xb4\xce\xa0)\xdb\x8c\x926\xd58\
\xe7\xfc\xf1\x182\xe2,d\x08\x02\xc4\x94\x9ccp\x5c\
\x87\x06\x03\xe2C\x08\xc9\xf1j\x1a)\xc8:\xb6\x12\xd0\
\x0e\xee=\x00Z\x0cg\x04h\xfe\x0ex?4\xcaj\
\xfa\xe4\xd1\x18XQA>\xb2\xcd-X4g>\xd6\
\xacx\x01uGN\x12\x10\x15t&D\xd3\xc9z\xb0\
\x138\x9c\x1c\xb1\x05\xec\x84-\x98\x1f\xcdfC\xf84\
\xe6\x90-\x07L\x9f\x84\x1e\x8d\x8f\xf3`\xb3`\xf30\
@$l\x91\x03\x12\xf3\x17j\xe6\xef\xf6\xcdX\x8b\x12\
y\xf0\x93d\xbc\x1e\x9bKyxi\xc5\xf3X8k\
\x0e\xf6o\xdb\x01\x03\xba\x82\x06/9~\x03\xbe\x82\x86\
\x1cp\xae\x06\x84\xcc|iulW\xc0\xe4\x87\xd3\xac\
G\xb1#\xf44|\xf3)\x0f\x1ema\x13\x98\x1c\xa6\
Q$\xa2v\x8ca0\xe7\x91\xf4\xc8\xaa\x8f`5S\
@\x8f?\xf2\x187\x9f\xd6\xc2\xe3X}\x8e5\xa4\xc1\
[\x8eb\xee\xd4\xc3{{vc\xcd\xca\x17\x08\x14\xef\
Bd\xfd\x5c\x8a\xc3\x15\x16\x0a\xf3\x0a\x91\x1fO\x98I\
\xc3\xa4]|\xb2\x7f\xad\x00a\x09\x98g\x1dn\x90\x1a\
F\xab\xf8>\xe4\x80\x92\xdc\x8c,\xaf,\x87\xa4\x22\xd6\
\x9f<\x05\xb3&Fn\x01\x9f\xab\xe7\xc6\xa3\xf9\x8e\x84\
}\xef\xed\x85&P\xb1\x0a,\xea]aqQ\x0et\
\x05QY\xf3\x01\x15\xb1\x01#H 7_)D.\
\x02\x89\xc8\x08\xf3\xc1ux\xf3\xf5\xadh$sw\x1c\
'WO\xf39\x93\xfaH\x14\xe7\x11\xdc\xc6\xa1[\xaf\
\xee\x10\x04\xe147B\xcdG\xce$A\xee}\x80\xd5\
\xa6E\x8eR\xb3 W4\xdb6}1\xca\xe30C\
@(\xca\xc7G\xc0T\x19\xb4\x80k\x9c\x82\x00\xe7\x9e\
\x81\x1ds\x8d\x9bA\x8a\xeb\xad\xa26\xb2\xda#\xcc\x87\
\x10Rp|\x1e\x04ARq]tc\x0b\xb6\x11x\
\x17=3\xf7\xfd\x88K\xd99\x19\x0e?\xfbl\x5cx\
\xe9DT\x18\x87@\xb9\x0b:$\xe3\xb8\x93\xdcl\x16\
\x1cM\x846'\x09\xbek\x96>\x87Y\x8f>\x8a\x86\
\x13\xc7\xb8\x96!(Z\x80\x8e<\xe0\xbai\xea\x04\xd8\
\x9fY;\x8f\xa0\x1d@C8t\xc0aH\xd7'j\
\xa2\x89\xfc\xf1\xbd\xfa\xf5\xbb\xb90\x1amEG\x22\xf1\
!\x7f\xfd\xdd&\xc05\xfc\x87\x89B\xff\x99\x96\xfbu\
\xee\x5cVTRyq,\x9e\xb8\xd0\x0f\x83Z\xa9\x94\
\xa5l*\xb9\xb2\xa8@\x5c[\x82l\x8a\x8b\xebi\x9a\
\x90\xd0P\x82\xa3\xa5\x81\xd8\x96\x8d\x93{\xf7c9\x15\
i#\x8dS\xb6\xa4a\xd3\x90\x8a\x12q*)A\x84\
J\xae\x98\xf3l\xcc4!E\xa0\xac\xed\xd4\x16\x17_\
q)\xfa\x8f\x1a\x8eH\x22\x1f\xe9\xbaFlZ\xff*\
\x1e\xb9o\x0a\x0e\xee>\x88<7\x0e\x90\x85\x82l\xc2\
\xa2Q\xd8T\xe2\xb1\x13\xc6\xe1\xb2\xc9W!\xaf\xaa\x08\
a\x04\x901\x0b)/\x09\x8b\xca\x0e\x82D\xab\xb6\xad\
p\xee\x84s\xd1\xbd'\x8dJ\x0984\x88\xdc|\xc9\
n]\xe5\xc0\xa6r\xdb\xc2\x82\xd9\x1d7;\xcb\xe6\xcf\
75=\x8a)\x1e\xc1\xd8c\xbdh\x22\x814\xe7\x17\
Ry]\xc7F\x01\x01\xa5_\xcf\xde0\x7f\xb0`\xd8\
\xf7c\x0f?\x8am[\xdfF\x8c\xf9\xceD4\x9f\xe0\
#\x08\xc0>\x0c\xe8\x0a\xb6%(\x1f\xe27U]S\
^!@\xe0\x02\xcf\xa4\x91\x95\x92\x90\x0a\x00\x8b1\x81\
\xc0\xc8\x90\xa6PU[\x0d\xb3\xab\x1f\x8d\xc5\xf8\xa8$\
P\x06\x04r\x05\x17\x12\x19n`\xbd\xb9q3\x1e\xfc\
\xd5\xef\xb0\xe2\xd9\xc50\x1f\xc0\x0f\x09z\xe6?\xcb$\
|2\xef'\x00\x02\xaa\xa6\xacL\xff\xb6\xb4\xe0\xda.\
\xa2\x91(\xa2V\x94 k\xb3\x8e\x84d^\xd1f\xa4\
i\xb1 \x1d\xa2\xf9x=C\xdc=X\xb3\xfc\x05<\
\xf8\xdb\xdf\xe3\xa9\x87\xa6b\xe7[\xef\xa2\xf9T\x03\x9a\
O3\xfc\xa7\xe0$\x81\xcdb{\x9a\xfdi\x82\xc5\x1b\
\xafn\xc6\xf2\xb9\x8b\xe8\x00vC\xd0!D\x85\x8d\x0c\
Cx\xf3'\xb6\xf40p\xd8\xaf\xe4\x04C\xca\xc0#\
\x08\x98\x0d\xcc$#\x9f\x1c\x1b\xa4\x8eH\xb6\x17\x8f\xc6\
\xd1t\xaa\x9ek\xe0!jG8>\x0b1\xb2\xecL\
S\x12\x9b\xd6m\xc8}\xb6\xd5\xd4\x07\xdb\xc8\x18\xd6\xc8\
\xe8\xc0||\xb0\x9c\x0c\xd5\x22\xd8\xfa\x5c\x17\x93*\xc8\
\xd2\xd9\x08\xb6g\xe6*9\xc6\x90\x8eE\xc1\xc2[\xaf\
\xbd\x89\xf7v\xec\x86\xe9\xab\xa9\xb9\x09\xb1x\x14-\xd9\
$B\x0b\x189n4\xce\x1a3\x02\x92\x11\x16\x05\x0c\
\x03\xbc\x9a\xeb\x13\x12\xd0`^\x5c#\xe2\xa89\xcb\x15\
mt\x9bE\x08\x05.\x158$pa\x91a\x04d\
r\xfb\x82\x1e\xc0\xa6]\x08h\xb8Q\x17)F/\xa1\
\x04\xf5;\x0b\x95\x88b<S^\xfd\xce\x1a\x08\xc3V\
!\x05\x12\x5c\xdf<7\x92\xfb\x9a\xd1\x04\x19\xee\xaew\
\xb6\xe1\xb1\x07\x1e\xcc\xfd\xef\x14\x92\x8d'\xa8{\x03\x87\
\x0e\xc1\xb9\x17\x9e\x8f\xaa6\xad\x90\xa1N\x9b\xf4\x90C\
\xfd\xb6\x94dz)D\x14\x126\xc1{\xcb\xdau\x98\
>\xe5\x11\xd4\x1f>\x02@\x00F\xbe\xac\x1f\x9a\x88\x92\
o=\xbe\x0f\xd8',\x0e\x88\xf2\x11\x1c\xa7\xb2l\x85\
P\xb7v\x1d\xe7\xe2\xfc|\xf7\xa2\xa5Kg\x97\xe0C\
\xfe\xe2\xec\xfe>3\xd0\x7f\x9ff\xfe\xeaV\x98V(\
(\xac\xa9\x1c]ZU~\xbe\xed:m\x1d'bg\
\x09F\xe6#Y\x9a\x0bi\xd6VR\xd1\x1d\xdb\x86\x01\
\x0cME\xb1\x94\x22\xf0h4\x1f:\x8a\xe7\xe7-\xc0\
sd\x84\xae\x07\xa6\x1aB$X/\xd9\xd2\x88H\xcc\
FS\xb2\x1e-\xd9&D\xf3\xa3\xe8\xd5\xaf\x17\xae\xbc\
\xe6J\xf4\xee\xd7\x9b\xcfzH\x9e:\x85\x17W>\x8f\
\x99O\xcc@\x137?\x0c@\x82\xd4\xad\xc5\xe4q\x1d\
\x05\x11Q8\xff\xb2\x0bq\xf1U\x97\xa0\xb4\xba\x14f\
C(\x0b\x1f\xe6\xdb\xc7\xd2\xd9\x14\xa2T\xca,7\xd7\
\xecx\x0c\xed;ub\xbdI(-/\x871|\xc9\
A\x9b?o\x0d\x18\xb6\xcb\x10\xb45\xc5\xf4\x80\x06S\
\x8f\xd8\xf4\xf2\xab\xd8\xbfg?1\x90\xb5h@\x82u\
\xc1\xc2\xbb\xf0h\xdcB\x08\xb2D\x0f\x1d\xdb\xb6\xc3\x80\
>\x03\xa8\xf4\x12olz\x0d\xf7\xff\xe6w\x98\xf1\xd8\
4\x9c\xd8w\x18\xb6\xf9\xa7m2\x0eI\xe0\x95P\x14\
\x94\x04\xd8\x0ah\x8a\x1a\x9am\x08!\xa0\x8c\xf2\xd3\xa8\
\x0d\x13\xf4i\x1c>B\xa4\xb8\xe1\xd8\xc2qG\xf2\xe2\
\xe8\xdd\xbf\x1f\xaa\xaa\xaa\xd0LV\xed\x10\xec\x13\xd1\x18\
\x8c\x83(\x8e\x15\xa0\xe5D\x13N\xbcw\x04\xcf>5\
\x07?\xf9\xc6\xf7\xb0n\xd1J\xd4\xef?\x0e4\xf9\x88\
i\x17\x09\xe1\x22N\x88\x8e\x04\x16\xac\x8c\x80\x9d\x05\xac\
\xac\x80\xd7\x90\x86\x9d\x06\xa2\xa1\x0d\x8b@\xdbx\xe4\x14\
vn}\x17\xaf\xbc\xb0\x16\xb3\x1f}\x12\xbf\xfc\xfe\x8f\
1\xe7\xc9\xa7qd\xd7^\x82g\x13\x814@\x9e\x15\
E>7y\x14g \xe8\x84BF0.\xc1\xcc\xca\
\x02aS\x16o\xbc\xbc\x05S~\xf9\x00\xd6-}\x11\
hf}7\x1f1B\x81\xc5\x1d \x99a\x1d\xf6C\
\x1f\x03\x9bN.N\x80\xcd\x8b$\x10\xb5cp\xc01\
\x04\x122\x0b\xa4\x9bRH\x10h#\xac\x93\xe5\xa6\xa1\
\xc7\xb2e\xed\xabXB\xa7Rw\xe2\x14\x1b\xd1\x04\xb8\
\x10B\x08\x14\x95\x16c\xf0\xb0\xa1\x10\x96\x82a\xacI\
\x02[\x96\x80n\x9c\x22+P\xbe\x12\x96\xb0\xb8\xae6\
\x1a\xb9\xd9\xb7\xf5\x95\xd7\xd0D\xa7aqU\xb3\x94o\
hi\x08W\xa1;u\xee<\x82\xa0\x1d\x8f\xe4\xdeg\
\xc9B-2I\x9fh\x1a\x10\xc0\x91{\xe9\xdc\xef\xff\
\xfb\x17\xc7B9H!\xd9\xa2\xe2\xd8\x80dS\x0bR\
t&\x12\x02>\xe5\xc3\xc1\x22\xc2\x88\xca0K\x9fJ\
VL\x1d\xed?r\x08.\xbb\xe1j\x5c\xca2l\xdc\
HD\x0a\xe3h\xc9$a>vXD\xe6\x9efZ\
\xc08\xb3\x03\xfb\x0e\xe2\x89G\xa7b\xcb\xa6\xcd\xd0\x04\
S7\x1a\xc5\xe0\x91#0\xe1\xe2\x0bQV\xc3MC\
:eN\x90\xbal\x84K\x9d?]\xcf5\xb2\xe0R\
\x87\x96\xcf\x9b\xc7\xfc\xf0,\xd4\xef\xdb\xcb\xb4^\x0a\xb6\
eAp>\xa0n\x19\x1bU\x04Z-\x05<\xce\xaf\
>\x97#\x0f \xa4\xe5\x10\xb7k\xe8\xc4\xce)),\
\x191\x7f\xfe#y\xff\xf7|?\x5c\xef\xe4\x87k\xb8\
\xff\xf7h\x09\xb8\x89\xc2DtH\xcf\xde=\xaf\xaa\xaa\
\xae\x1e\x9c\xf5\xfdX\x9a\x8cO\x118cd{Yn\
j\x18\x95TRR\xf9\x04\x1c\x82\xad\x97I!\x99l\
\x81\xc7\x14\xc2s\xf3\x17`\x15S\x0aq*g\x96\x9b\
O\x22\x9bE\x94\xe0\x11!;\xc9\xb0\x9eE\x96\xabm\
\x81\xb6d\xb8f\xd3\xac\x0b\xc1\xd1&32J\xbbt\
\xfeB<M\xe3?q\xec8\xd5\x18p,\x0bM\xcd\
\xcd(\xad\xacD\xa2\xb4\x10\xe6\xbb\x0eF]0\x16n\
I\x0c!s\xba\xd2\x95H\xb1O\xc7\xb1\x91\x88E\x90\
\xe5\x18$\x95Mp\xbcM\x8d\xf5\xd8\xbc~\x1d\xb2\xec\
S\xf3\x9a1\x86$\x81,b9\xd4]\x09\xcd\xcd\xb4\
\x88\xe5\x02~\x08\xb3Y\xf7\xda+[\x08\x81\x8f\xb8\x85\
\x00\x00\x10\x00IDAT\xc2\x82z\xc8{4\xaez\
\x86\xa5\xf1D\x1c\x8e\xcd\xfaTZc\x90J\x08\x8c<\
kX.\x04\xcc2\xc7{x\xdf\x01,\x9c3\x0f\x0f\
\xdf\xfb{lX\xb5\x96\x0a\xef\x11T,8Z\xc2\xca\
\x15\xc5y\x08\xcaIA\x09\x05\x93w\x0c\xc9\xfaC\x8e\
'\xa0A\x08\x02\x88\xe5\xbaP\x11\x07\x9a`l\x0c\xbf\
}\xc7\x8e\xe83\xa0\x1f\x0a\x8a\x0b\x01\xf6\xd7\xccM\x19\
\xf3l\xba)\x83\x84\xe2\x06PR\x93\xf5&q\xe0\xdd\
\xf7\xf0\xe4\xfd\x8f\xe1g\xdf\xf9\x09\xa6\xfc\xfa\x01\xcc\x7f\
\xe2\x19\xbc\xbab-\xf6\xbd\xbe\x13Gw\x1c\xc0\x91m\
{\xb1\xf7\xcd]\xd8\xfd\xda6\xec&\xc0nZ\xb3\x01\
\x0bf\xcc\xc1C\xbf\xb9\x1f\xbf\xfa\xc1Oq\xef\x8f~\
\x86\x87~u/\xd3?\xcf\xa1\xf1\xf0I\xb6\xd9B\xd6\
[\x87\xb2X\x11l\xca\xa6\xe1\xe8\x89\x1c *J$\
\xc3hEi\x05\x15(\x18PM\xc8\x18T\x0a\xa8\xdb\
\x7f\x02O?\xf4$~\xf8\xd5\xefb\xc3\xb2\xd5\x08\x1b\
\xb3\x10\xc9\x102\xa5\x11\x13\x11H\xee\xe0\x09\x83\x11\xc9\
\x00>\xd3\x17a\xd2\x87\xcc\x02vH\x99\xfa\x16\xaa\x8b\
\xab!XW\xa5\x05\xb2\xa73\x98\xcb9\xccz|&\
N\x134\x1dF#\x01\xc1\xc7\xac]<\x11E\x87N\
\x1dPK\xd6\x97\x03OK\x01\xd4\xbb\x08\x9dk\x84\xe0\
\x14r\xbdL>\xdal\x94\xd9\x04\xf5=\xef\xee\xc6\xde\
\x1d{`\x9e7\x8c\xb8\xb0\xa8\x08\x192\xe5\x9av\xb5\
\xb8d\xd2%((-\x82\xa2\x1e\x9a\x90](\xf6\xcd\
{B\x0a\xce\x94E\x83\x80%Y\xc0\x97dy\xffG\
s=5\xc9\x854zO}\xd0\xa1\xce\xfd\x81\x89a\
\xbb\xa6\x96\xcbu\x8c\x12p\x0d\xab\x96\x96\x80\x8cZ\xdc\
\xa8\xeb\x8e\xb3\xcf\x1f\x87DU\x09\xaa;\xb7\xc1%7\
\x5c\x85\xabn\xbe\x0e\xb5\x9d\xdbB\xc5]\xb4\xd0\x19\xc0\
R\xd4\x0b\x1f\x82\x91\x5c3u\xee\xf1)\x8fb\xc1\xb3\
\xf3\xc1\xbd\x138\x9c\x9b\xf9\xef\x9d\xcc^Gqy)\
\x09\x80\x0f7\xe2BSwJ\xa8\x1f\x01\x1du\xc3\x91\
\xa3hUZ\xca\xcd\xeaEX\xf2\xcc\x1ch\x82\xb8\xe0\
F\xac\x22Y\xb09\xb0\x80\xb9o\xa3o\x9a\xb33\xac\
7\xbf\xa0\x00\xb6\xe3\xc0\xe4\xebC\xdfwK+*\x86\
\xf7\xe8\xde\xeb\xea\xaa\xd2\xb6\xfd\x16.|0\x86\x0f\xe9\
\x8bS\xfdp\x8e\xfc\xc1\x07\x1f\xb4K\xf2\xf3;w\xeb\
\xd5\xe3J%\xc4p\xe2C^\xc0\xa9\xd8N\x04\x87\xb9\
{\x9e\xa5\x11D\xdd\x18B\xb2^\xa1y\x83\xe0\x01V\
\x8a\x12\x98b\xca\xc6\xda\x15+a@\xb7\x85,%*\
-\x02\x10PTT\x80\xba\xfaSd\xc4>`!\xc7\
J\xbb\xf6\xe8\x8a\xebn\xb8\x0e}\xfb\xf5\x85\x01\xed\x80\
9\xdfe\xf3\x16\xe2\xb9%KaKE\x85\xd7\x88P\
\x89Mn\xcf\x89\xbb\xa0\x8db\xe8\xd8\x11\x18}\xc19\
\x88\x94\xe6!\xeb\x00)\xe6\xe1\x1c\xe6\xa8l*\xb8\xad\
\x05bdKq\x16GX8v\xe0 f\xcfx\x1a\
kV\xafF\xfd\xe9\xd3\xb9\xf6<*b<\x16\xa1!\
\xa6\x11\xf8>\x1c\x02\xb5\xa2\x22ZZ\xc1&\x98\x98\x90\
\xf9\xf8\xc1\xa3\xb0\xf9^\x82wh\x5ci:\x8c\x90*\
\x9e\xe5\xd1\x18\x9bQ\xf6\xf6\xed\xdb\xc1lx\xd94\xbc\
\x88\xe3\x92\xd1*\xbc\xb9\xe5\x0d<r\xffC\xcc\xf7.\
 \x1bm\x84-\x22\x04]7\x97\x02\x10f\xda\x1c\x13\
\x09\x09b\x91\x18\xcc\xff\x92\xab\xa4\x0d\xd7\x84\x97\xdc0\
3,\x1c\x7f\xe8K\xf3\x18\xcd\x8b\xa3\xff\xc0\x01\x88$\
\x12\x04\x0a\x1fZIDcq\xf8Y\xf6\xee\x01\xae\x8a\
\xc2\xa6d-_\xc1%\xa3=\xb5\xf7\x18^Y\xf92\
\x9e}\xfc\x19<\xf0\xc3\xdf\xe2\xa7_\xff\x0f\xfc\xf2\xeb\
?\xc4\xbd\xdf\xf9\x19~\xf7\x9d\x9f\xe37\x04\xe5\xfb~\
\xf2+<\xf0\xcb\xdf`\xe6\xa3O`\xed\xb2\xe7\xb1\xe7\
\xcdmh>V\x9fc\xc2v6\x84\xc3tHT(\
\x942\xbd\x13p3-A'X\x10!\xc0\x93\xbdI\
\xde\x8b\xd9\x11\xd3#\x22\xc2\xa1C\xb1!\xc9\xa2uK\
\x00\x8bGI'\xb0k\xcb6L\xf9\xf9\x03\xf8\xc1\x97\
\xbf\x87g\x1e\x9d\x81\xbdo\xedf^\xdeCLFs\
\xe0\x9b\xb0\x13\x04\xf0B\xc4\xed|Du\x14\x91\xc0!\
C\x8b@4\x87\x04\xfcz\xbc\xb8x\x15\xd3&\x0f`\
\xe5\xfc\x15h>\xda\xc8\xf1XHs\xe34\xa0n\x85\
\x04\x8fD^\x1eF\x90\xf5\x99\xb5\x88\xc59.\x01H\
K@Y\x16\x9dn\x1a\x96\xb0\xe1Z.@\x19\xa5\x1a\
Z\xf0\x1a\xd30\x86\xe5\x86t\x1e\x8a\xc8\x93\xf4R`\
\xd4\x86\x0b.\xbf\x18]\x06\xf5A`\x05ha:\xca\
\xb0M\xaa\x0e\xf5!@@\xdd\x06\xdf\x98g\xfe\xa8\xdf\
1\xa6f2L\xa7D\xc9\xd4m\xdb\x82R\x0a\x01\xc7\
\xa3\x08\x94\x96e\xe5tTh \x07\xf8d\xdd-\x5c\
\xcf\xfc\xc2\x82\xdc\xba\x99\xfe\xc6]t.\xaa:\xb4B\
Zx\xb0\x0a\x22(j]\x8eQ\x17\x9f\x8b\xcb\x09\xbc\
\x05\xb5\x15\x08\x99\x16K\x86\x19x\x04p\x11J\xa3\x8d\
8\xc6Hq\xc5\xd2\xa5x\xe9\xf9\x17\xe0\x91E;\xd1\
\x08\xfa\x0d\xe8\x8b\x1bn\x99\x8c\xe2\xf2b4%\x9b\x99\
\x19\xe0\xf8[\x9aHf\x1c\x14\xe7\xe7s\x93\xfa(\x02\
^\x7f\xe9\xf9\xe7\xb0j\xe9\x12\x84\xdc\xd4\x0c\x99\xfa\xd0\
L5Y\xe0\x8bvj\x08\x8fcE\x90\xe5\xb5\x86\x06\
>K\x9d\xa2\x14\x05\xb4\xccS\x96\x1c\xd1\xb9k\xb7\xeb\
\xaa\xab\xbb\xb6Y\xb5\xea\x9e\xdc#|\xeaC\xf5#?\
T\xa3\xfd\xc3`\xe9\xc5EuuQyqY\xd1\xf9\
yyy\xa3\xf3\xf2\x0bJ\xa5R\xd2v\x1c\x84\xacS\
I\xb6\xe9\x10\x5c\xbdl\x86J\x96D\x86\x0a\xa6\x0dx\
A\x10\x013X\xb5`!fN\x9d\x8a\x80\xcc\xd4\x81\
FS\xddI\xb2D\x85\xd3\xf5dO\xd5\xe5\xd0\x5cJ\
S\xfa\x0c\xec\x0f\xf3\xd7Q\xdd\xbbwG\xa6\xa19\x07\
&3\x9e\x9e\x8dE\xcf.@c]=\x92\xcdM(\
)+E3C\xb0XA\x02\x89\xe2\x02\x5c\x7f\xeb\x8d\
\xb8\xfa\xe6\xeb\xc9p\xf3\x102\xa7+c.\x5c\xb2\x00\
\x9f\x9b\x18\x16U\x95q\x13\x95.\x8dls\x12\xe6\xcf\
\x8c\xa7M}\x1c/\xbe\xb0\x9a\x0c\xc2C\x8cl(\xc3\
P4\x99J\xd2\xb0<H!\xe13\xcf\x95\xa1\x91\x04\
4\xa0\x08\x151f98\xb0\xfd=\xbcC\xf0\x94\x9e\
\x80`n4fG\xc1i\xc0l\x0a\x09\xb2 \x97N\
@s\xae&%p\xde\x05\x17 \x12\x8b\xd2\xe0S\x94\
C\x8a\x00+P\xcf\xdd\xe8g\xa6\xcd\xc4o\x7f\xf6k\
lZ\xf322\xf5\xcd\xc8\x8b\x17\x22\x8fau\xc8\xbc\
'\xed\x0e\x1e\x8f%\x05%\xf02>A%\x8d\x82\xbc\
B(a1w\x1b\xa2 Q\x00\x97\xf2\x0d(\xebb\
2\x97n\xdd:#\x9e\x97\xc8\xed|7\xa7Z\xe8$\
\x08R\xb0\x10\x10$\xb3d\x8c\xd9T\x00\x9d\x01\x9d\x84\
\x05+\x0b\x16M\xb0R0 \x98:\xd9\x88\xba\x03'\
P\x7f\xe8\x04Z\x8e\xd7\xa3\xe1\xe4id\xc9V-(\
\xc4\xec\x08\xa2\xec\xc7\x16\x82\xa9\x15\xcd+\x9c\xaf\x06\x1d\
i\x88\x1c\xc8i\x1f\xb9\x97\xd0\x90R\x22\x1a\x8dAZ\
6<2\xb1\x14w\xdd\xb3\x1c\xbb%m\x14\xc6\x0b!\
\x98\x17V\xa1\x85\xa8\x15\x85\xc5\x94\x81\xf9x\xdbs\xf3\
\x97\xe1g\xdf\xfb)\xbe\xf0\xb1\xcf\xe2{_\xfa&\x9e\
z\xf8I,}f!V\xce]\x8c\x97\x96\xbc\x80u\
d\xe3\xcf\xcd_\x8e\x05O\xcf\xc3\xfd?\xff\x1d\xbe\xff\
\xb5\xef\xe3\x91{\xa7p\xe3t+\xfcF\x0f\x11\xb8d\
\xc5YXB\x22\x8f\x8e'\x9dN\xa3\xa6\xa6\x1a\x1d\xba\
uAau\x05\xea\x1b\xeb\x91\xf1\xd2P\x04A\xe3<\
\x85\xd6\xf0\xb9\xa9\x94\xfb\x9c\xb1\xe2:2\xfa0\xdf9\
\xd1\xdc\xd4\x04\xea1\x1d\xfei\xf8\x22\xc00\xe6p\xc7\
N\x18\x8fL\xb6\x05\xda\x91tjQD\x08hR*\
(iqeUN6^*\x83h$/\xb7\x91X\
w\xa2\x0eE\x05\x858}\xaa\x0e\xa03\xce2\xa7m\
\xd1\xd9\x12\xf5\xd0\xcc\xcd\xbe\xc3\x87\x0e\x22C\xb6YH\
\xa0\x8d1*\x0a\x05\xd0\x92nA\xac \x811\xdcw\
\xe8\xde\xb7'Z\xfc$\x92:\x85z\xd3/A\xb6\x91\
\xef\xbb\x0d\xee\x8b\xcf}\xe3+\x184j\x18\xdc\xfc8\
\x9b\xd3p,\x0b\x01\xfb\x96\x04\xe0F\xea\xd2\xb2\x05\x8b\
\xb0z\xd9s\xd4\x994m\xa0\x88\xa9\xb8~\xb8\xfc\xaa\
+\xd1\x93\xa98\x9b\x91\x91\xe5X\xf0\x99\x1aIrC\
\xb2\xa6\xa2\x02-\xf5\xf58y\xf0\x10\x16\xce\x98\x89u\
\xcb\x9fCH\xfb\x0c\x19\x05J\xea\xb8ft*\xf1\xfe\
+\xe2\xba\xc8\xe3\xa6\xb0\x91+\xa4\x84\x10RE\xe2y\
en$>2?QzYcc\xbfr\x83\x05\xef\
\xd7\xfe\xf0\xfc\x96\x7f\xc1P\xc5_P\xe7\x9fV\xc5\x08\
y\xd1\xa2\xa7Kj\xcb[\x9d_[Ss\xb1m\xb9\
\xb5A\xa0\xad\x14\xd9\xa1\xa0Y\x9a\x90XQ93\xf4\
\xa0\x86\xe1\xe5\xd3\x18\x22T\x12[\x03^S#\xde\x5c\
\xbf\x1e&\xaft\x8c\xbb\xcdA2\x05A\x86\xe2\x90\x0d\
42\x8f\xcb4\x22N4\xd6!\x0d\x1f\xd5m[\xe3\
|\x02V\xaf>\xbd\xa1\xb8\xf8i\x82\xd0\xe2\xe9\xcf`\
\xc3\xf3/\xa2\xa1\xee4\x8a\x8a\x8a\xa0\x1c\x85C'\x0e\
CE%\x8a\xaa\x8bq\xed\xad\xd7c\xe8\xd9#\x90!\
\xf4s\x0f\x08\x92\xe1U\x92y\xd9F\xee\xfc*\x1a\x82\
\x9f\xf2\xc1\xf1\xc2\xa6\xc6\x1f\xdd{\x00\xb3\xa6=\x8dW\
^\xde\x00K)xt\x0a\x8dd\x006\x8d+\x14\x1a\
\xca\xb5!i\xac!\xd14\x04 \x84\x80&k\x8fH\
\x17M\xdc8z\xfd\xe5\xcd8q\xe00X\x8b\xb3\x16\
\xd0\x04\x1a\xf0e6\x0b\x03\x82\x91 \xbbJ\x935\xb5\
'\x00\x8c\x1e;\x06\x8e\xe3@)\x85(\x01:\xe1\xc4\
\xc80\x02\xbc\xbeq\x0b7E\x1e\xc1\xe2g\xe6c\xef\
\x1b\xdb\xd0r\xbc\x01\x8e\xb6\x11U.bV\x0c @\
j22WD`\x0b\x17\x8a\xef%\x9d\x87&\xab<\
u\xe4\x18\xde|e3\xe6\xcd~\x06\x1b_y\x85!\
`\x12E\xcce\xc2Rh\xa1\xd3\xc82'g\xc0\xc6\
\x80\x85\xebD8~\x89\xc0\x0b\xc9\xe4%\x14\x99R\xc8\
M$?\x99\xe58|\xd8\x0c\x87\xe3\xcc\x97\xc6\xe3\x09\
X\x04MIf\xcfKda\x1e\x81'\x03\x9fag\
n\xc7\x9e\xf2\x16\x96\x849\x0f\x14\xe7l\x0b\x08W1\
\xba\x90\xb95;\xd5\x5cOV\x98\x86q\x98*\xe6\xf0\
\x9e\x85\x0c\x99S#\xc1\xd0\xd3\x1a>e\x94\xe6\xd8\xd3\
\xa94\xd3;i\xa4\x99\xc2i>u\x1a\xa7\x8f\x9c\xc0\
\xf67\xb7c\xfe\xacy\xdc\x14}\x88\x9bt\xf7\xe3\xde\
\x9f\xff\x06\xf7\xfd\xf2^L{\xf8\xf1\x5cY\xb3|\x15\
\xe5}\x0c\x91\xd0A\x91\x9b\x87(\x5ch\xa6\x22\x1cX\
\xb9\xaf\x97L\x134\x8a\x8b\x8b1|\xd8p$\xe8<\
=:t\xe3D\x85\x92\x9c;\x90\xe1\x18\x1cFXQ\
:M#\xdf\xa0%\x83mo\xbc\x83\x1d;v\xf1\xbe\
@\x1d\xa3\x9cr\x92\x85!#\x86a\xccy\xe7 \x8c\
\x9b\xf1+\x84R\x93]\x06\x94\x01\x0b\x19\xae\xa4`\x5c\
a\x03&\x92\x80\xcd\x94\xcb2\x1c\xd8\xb5\x1f\x9a\x0eN\
R\xafbd\xfd\x9a\x8eZQ_\x04\xe7\xac\xa9\xdf\x8a\
\x8e\xd8DO\x01\x9dw\x0bu,E\xc7.\x09\x86\xa9\
\xc0\xc3\xd8\xf3\xcf\xc5\xd9\xe3\xcf\x81\x88\xbap\xf3c\x10\
\xae\x05\x8b\xb2k`=\x18\x1d\xa4\x0eWq\xb3\xf7\xca\
\xc9\xd7\xe3\xb2\xab\xaf\x84\xf9\xe2\xa3t2\x03\xb3)W\
@\xc0w9\xff\x83\xbb\xf7a\xd5\xb2\xe5x\xe9\x85\xe7\
\xd1p\xba\x0e\xd1\xbc\x18\x06\x0c\x1d\x94s\x1eV\xc2\x85\
o\x85\x90L\x91\x80vQw\xe28\xca\x8bK\xa8c\
67\x9fwc\x05\x09\xd0\xdb\xcc\x0d\x0b\xea\xb6 \xdb\
w\xa4\x85(\xa3\x17M\xfd\xf1Y\x04\x04l\x13\xa5Q\
/\x02\x82<\xa30\xc7\xb6\xec\xd6\x15e\xe5\xe7\xb6o\
U=a\xf5\xa2E%\x06\x13\xf0!z\xc9\xff:V\
\xf1\x9f/\xe9\xff|\xe1_\xf8^\xac\x9e=;^\x94\
_9\xb8\xaa\xb6zbqIi7\x1auT*\x05\
I`e\xc4\x05P\xd9B.V@\x05\xb5x\xaey\
TT\xbe\x80^~\xcf\x1bo`\xe9\x9cg\xb0\xff\x9d\
wPLV\x14\xd2\x10$WQ(@\xd2x\x19\x01\
\xc3)\x88\xa1\xac\xb6\x0a\x93\xae\xbf\x0e\xfd\x86\x0c\xa2\x81\
+\x98/2yn\xe1\x12\xacZ\xb1\x1a\x8d\xdc\x99\xcf\
\xcb+D=\x01\x1c\x0c\x07\x19\xc5\xa2\xa2Mu\xee\xcb\
\xc2\x87\x8c>\x0b\x22f\xd3\x1e\x02XT\xea\x16\x1a\xb7\
e\xb9\xc8\x8b\xe5\xc1l\xc0\x14\x16\x929\xd65a\xc7\
\x1b\xef\xe6\xc0n\xfd\x9au\xc8\x92\x91e2\x1e\xa2\xf1\
\x18b\xf9y\x10\x04\x16\xc5g\x1b\x18\x92\xa5\xfc\x0c\xc7\
e#\x14\x12R*2m\x0f\x92\x8aYLe?\xb4\
k/\xde\xda\xf2:\x94\x0fh\xb2]\x84\xa0r:\xf0\
ip)2|\xe2\x1a\x8d(\x81l6\x89\xf3\xce?\
\x0f\xe6#L!\x99D\x92\xac\x22\xc5\x14\x89\xcbI\xc7\
\xad\x08\xea\x8f\x9c\xc4\xdc\xe9\xb3\xf1\xc4CS\xb1\xe9\xa5\
\x8d\xa8;x\x0c\x9c\x00\xd2-YXL\x0b\x14\xc6\x0a\
\x81\xb4O@\xae\xcf\xbdO\xd5\xa7\xf1\xd6\xc6\xd70\x97\
Ly\xca}\x0fb\xc5\x92\xe5\xf0\xc8\xdel\xdbF\x86\
\xf9\xe9\x86\xe6F\x98\xf1k%`>\xfb\x99\xa1ag\
\x82,\xb2\xdc\xa9\x12\xb6\xca\x81\x88asZ\x01\x16#\
\x01;\x11\x85\xa0A\xa6Y\xaf\x91,\xd9W\x9a\xefm\
8yqD\x0b\x13\xcc\x8f\x17\xa1\xb0\xb2\x0c%\xb5\x95\
(\xa8,E\xa2\xa2\x18\xf1\xca\x22\xc4+\x8a\x90\xc7\xfc\
c\xb4\xaa\x08\x91\xb2<D*\xf3Q\xd2\xb6\x12\xb1\xf2\
<\x84\x09\x0bYW#\xc3\x92u4\xd2v\x08\xcf\xe5\
\xb4\x1c\x01\xe3X%s\xf6n<\xc2\xc8\x22\x0a\xc7\xb1\
 \x8d~\xd0\x01\xfbLW\x80N\x85\x18\x01\xc9\xd0\xd6\
\xe3\xa6h\x9a\x1bP\xe6}D\xb9\xb0\xc1v\x19\x0a\xb7\
0\xea\x09\xc8\xa2\x13n\x0c\x0eA\x22\xc3uV\x90\xe8\
\xd8\xbe\x03\xcc\x1f\x8e8d\xfd\xc2\x920\x80k\x80\xc3\
3\xecM\x08b\x98\xc3A\x84\x8c6$C\xf3#\xd8\
\xb1m\x1b\xd2tPFg\x05u\xa9\xa6m-n\xb8\
\xe3V\xe4\x95\xe4\xa3\x85\xce\x9f\xc4\x9c\xa2\xa7\xec\x08\x96\
\x16Y\xab\x80\xf9\x07(\x02oH\x12\xb0\x7f\xd7>,\
\x9c\xbb\x10f,\xa5%\xe5ha\xba\xc2|\xaa\xc2\xa7\
>\x09!\xcc^\x19\x0b\xfb\xa3}\x84t\x5cR\x82\xfa\
\xe1\xa1)\xd3B \xd4\xe8w\xd6`\x9c{\xe1\x04\xc4\
\xcb\x0a\xd1\x98lD t\xae\x98\xcd<\x9b2\x92\x96\
\x80\x92\x1a\xe6}\x82\xa9\xb7\xfc\xc2b\xd8\xb6\x83\x0c\xd7\
\xdb\xa1>r\xa9\xa0\xe9\xc4\xf2l\x17'\x0f\x1d\xc1\xf3\
K\x97c\xf3\xba\xf5hnj@\xbc\xb8\x10\xfd\xb9\x99\
8\xe1\xd2\x8b\x90_Y\x0cO\x06P\xb6\x85\xc6\xc6z\
\x12\x1d\x9fz\xec#\xdfq\xb8I\xfa\x06\x19\xef,\xe6\
\xf2\xdf@\x98\x93\xa3\xe0zp\x8e\x1clH\x87\xe1q\
\xeeB(\xf8\xdc\xcf\xa0f\x00<\x97\x96\x95\xc8+(\
\xecS\xdb\xaa\xd5\xa5%U\xe5#\xcc\x97\xe3\x00\x10\xf8\
\x90\xbc\xb8\x0c\xffy\xa4\xfa?_\xf8\xc0\xbcg\x1e\xd7\
\xb2J\xf3;\xb4i\xd3\xe6\x02\xb2\x8a!\xa1\xd6\xf9\xc4\
\x1a\x04\xf4\x80\x96\xb2\xa9`\x02J*\xd8\x96\x9dc\x1f\
!\x95\xc3\xb0\xd9\x80\x80{x\xd7n\xacZ\xb2\x0c;\
^\xdb\x0aMc\x0a\xb9\x91\xe5R\xa1\xa4\x08\x19\x167\
\x83\xd6\x83z*c\xa9\x01\xdc\xc9\xd7\xa1G\xff>P\
\x0c\xcb\xeb\x8f\x1f\xc7\x8bK\x97a\x1d\x012E r\
\x09\xd6\x19\x029hT\x06 z\x0c\xec\x0d\xc3p\xcd\
\x7f\x0c\xe9[>\x95\xd6\x83a\xc0\x1e\xc3;G9\x90\
d\x1f\x82\x08hJ\x13\x01\xcel\x82=\xfa\xe0#\xd8\
\xf6\xd66\x18\xe6\x9aG&\x0e\x02T\xf7\xde\xbdp\xe3\
\xed\xb7\xa2\xf7\xe0\x81\xf0i\x80\x8a\xa0\x90csJ\x22\
\xe3gA\xc2F\xa3u\xe1\x13\xa4\xa3l\xb7\xe9d=\
\xb6o}\x87\xe1x\x1dl\xce\xd9R\x16\x84\x10\x10\xac\
/\xa8\xdc\xd9\xd0\x83aI\xc9 \x8d\xaa\xd6\xd5\xe8\xdd\
\xaf\x0fl\xd7\x81cG\xd8N\x04\x8ac\xd2d\x9b6\
-\xdb\xa1\xb7yw\xf3\xdb\x98\xfb\xd43xa\xf1\x0a\
\xec\xd8\xfc\x16\xfb#@\xa45\xfc\xd3i8\x9e\x0d\x8f\
\xe1\xf4\xa6\x95k0\xfdw\x0f\xe1\x89\xfb\x1f\xc1\x9a\xa5\
/\xa0\xf1\xd8I\xb2T@\x92A\x9a?\xc8\x08\x09\x9c\
n4BY\xd2\x11\xf0q\xf3}\xbe\x9aGO\x05\xc8\
\x10v3\xfc\x1d\xd8!D\xdc\x82]\x14\x83S\x12G\
\xb4,\x1f\xc5\xad+\xd1\xa1_w\xf4\x1f=\x04#\xcf\
?\x07\xe3/\xbf\x08\x13\xaf\xbf\x12\x93n\xb9\x01W\xdf\
q#\xae\xbe\xf3&L\xbam2\xae\xfb\xd8\xad\xb8\xe1\
Swb\xf2\xa7\xee\xc2\xe4O\xdf\x89\xeb?}\x07\xae\
\xfb\xe4m\xb8\xe6S\xb7\xe3\xef/\x96?\x00\x00\x10\x00\
IDAT\xaa\xbbn\xc4\xf9\xd7^\x8c\xf3\xae\xb9\x10\
\xe7^u\x01\xc6M\x9a\x80\x91\x13\xc7\xa1\xff\xf8\xe1\xe8\
>\xbc?\xaa\xbb\xb7Gq\xbbJD\xcb\x0b!\x126\
\xcc8<\x8e)\xab\xd3t\x16I\xce\xd7\xa3s\x8c \
J\xe7\xa1i\xe8\x8a\x11F\x94\xce/BYJ!\xc0\
\x9c\x064#\x08\x8b\xf2\x8d1]\x14ql:\xb44\
B:9\xe3p,\xd6k\xd5\xba\x15b\x04\x5cP\x0e\
\x9a\xce\xdc\xb2\x14\x9d\xa5DH\xf9H\x08\x08\xea\xa9\xcf\
\xc8' (\xee\xdb\xb9\x1bG\xcdG\xa7$\xef\x13\xec\
j\xb9\xf1f\xfe\x00\xa2\x88i\x09m\x0b:$\x07\xc6\
y\xfal\xdf\xb4\x1d\x8dD`\x09\x09Eoe\xca\xd1\
\x83G\xf0\xdc\xa2\xe58}\xf4$A\x5cA\x12\xf8\x0c\
\x08f\x8d\xe3\x08\x016I7\xc0#\x00\xcf\xcb\xa0\x85\
\xa90\xcdq\xb9\x113w\x89\xda\xce\x1d0\xf1\xaa+\
P\xf0\x87M/\x8bsm\xa4\xc3\x8cF]X\xd4G\
AG\xa4}\x1f\x9a\x0cT\x12\x12\xde\xdb\xbe\x83i\xb0\
\x17r\x04$\xca|\xbfK\x1b3\x0e\xc9\x80\xae\x1d \
\xe7\xa4\x8e\xec\xdb\x8f\x95\xcb\x97a\xf3+\x1bQ_w\
\x02\x05U\xa58g\xe2\x04\x0c\x181\x14\xc2\x90\x1a\x11\
\xa2\x90\x9bc\xc6\xf1\x9bv\x1d-\xe0\xd0>\xf6\xbc\xf5\
.V\xcc[\x80\x83\xdbw\xd2\x81d\x11\xd2\xbeL\x9f\
\xae\xe3B\x08A\xfb6\x1d(Hi\x83\x22\x84\xb1\x85\
0\xd4y\xf9\x85\x85Cjjj'\x16\xban\x17n\
\xaa\xdb\x9c\xea\x87\xe2G~(F\xc9A\xdes\xcf=\
\xb2cQuyA\xbch\x5cA~\xfe\x18eY%\
F\x99\xcd\x02\x08! XG\x93\xc9\xf9T\x12s\xcc\
\x19\x0a=\xa5eY8e\xbe\xf9h\xc5\x0a\xbc\xbav\
-\x04\xd3\x0e1!\xe1\xb0~\xdc,*\x8d\x8b\xc4\x01\
\x0d\xa9&\x94\xb7\xaa\xc6\xa8s\xc7a\xf0\xa8\xe1L0\
h\x9c>q\x02k\xd7\xac\xc5\xca\xe7V\xa2\xbe\xbe\x11\
BZT\xe0\x10\x82m\x16pW\xb9k\x9f\xee\xb8\xf4\
\x9a+\xd0\xad\x7fw\x02e\x80@\x86\xc8R\xb1\xd3\xe6\
S\x08\xec;B\xc5T\x047\x90\x9d\xd6\x9f\xaa\xc7\xab\
/o\xc2\xd3L)\x1c\xde\x7f\x08\x8e\xe5\xc0&x\xba\
n\x84\xe1\xddx\x5c|\xcd\xd58k\xf4H\x5ct\xc5\
\xa5\xb9\x9dd\x87!\x9ap-\xc2B\x08\x9f\x9a\x16p\
n\x11\x1aVH0\xd7dc\x01\xc1\xf7\xc8\xbe\x83x\
\xf7\xcdw\x98'\xf4a\x11xC\xd6\x11R\xe6\xc0\xd5\
\xa3\xb1\xd63e\x12e;\x92\xed\x8c8{4\xf2\xa8\
\xf0!\xaf\xbb\xb6\x03\xea?l\xa1h\xb0\xac\xcfx<\
&\x1d\x1c?p\x04+\x17?\x87\x053\xe7b\xd5\xec\
gQw\xf8$7\xfa\x8eb\xcd\x92\x15\x98\xf7\xc8\x93\
x\xfa\xe1'\xf0\xea\xaauh\xe6\x8e\xbd\xc51(\x86\
\xb4\x01\x19\x97\x01\x11[Y\xb95\x08\xc8\xa8|\x11 \
\xcdM\x974\x01-+}\xc8\x98\xa2q\x17\xa2\xbac\
-:\x13\x5c\x07\x8c\x1a\x82\xb1\xdc\xa4\x99x\xc3\x15\x04\
\xd3\xebp\xfd\xc7o\xc6\xcd\x9f\xbb\x0b\xb7\x7f\xe1\x13\xb8\
\xe2\x96\xebr\x80;\xfe\xb2\x8b0\x92\x9b\x91g\x9d;\
\x06C\xc7\x8f\xc6\xe0sF\xa2\x0f\x9f\xeb5b z\
\x8f\x1c\x82^#\x07\xa3\xe7\xf0\xc1\xe81b\x10\xfa\x9c\
}\x16\x06\x8f\x1f\x85q\x97O\xc0\x84\xab/\xc6E\x93\
/\xc7%7_\x89\xcbo\xbb:\xf7=\x0aW\xdfu\
\x03n\xf8\xc4\xcd\xb9~\xae\xb9\xfdz\x5cz\xfd\x158\
\xe7\xa2\xf30\x88m\xf4\xe8\xd7\x03\x1d;\xb7G)\xd7\
S\x11\xa9\x8c\x136\x80*y\x1e0b0\xe0\xa9\x94\
\x80\xb2$\xd7_\xc38\x16\xdf8A\x82\xaaT\x80\x91\
g\x96\xa9-\x83\x04\x0d\xf5t\x84\xdb\xb7\xe3\xe0\xbe}\
hb\x9e6\xcbMM\x97\x8eN\x09\x81,\x19aH\
\x99\xb9\x5c\xc3&n\x0em\x7f{\x1bN\x9e8\x09#\
4\xe3\xa8\x86S\xe7\x86\x9d=\x0a\x82\xd1\x8dq\x98D\
X\x18\xbd\xb4\x1c\x9b\x1a\x0a\x02\xbcG,\xf7\x09\x82F\
/\xeb\xb0n\xf5Zn\x8anE\x96)\x9a\x8a\x92\x0a\
\x84\xf5M\x88\xbaQH\x00\x0e\xd7\xc2\xa2\x1e\x98\xb1\x81\
O\x9b\xb4\x82\xc7($\xcb\xf9d\x08\xc0\xe55U8\
\xff\xf2\x89h\xc5y\xa7\xc2,\xa4\xadr\xc5\xe1XC\
\x02\xad\xc5\xf1R\xd1s\xceTq\x92'\x8f\x1e'\x8b\
]\x86=;w\x22Ef\xee8\x0e47--\x82\
fI^\x01\xec\x90\x9d\xd2\x91\x98\xf7\x87\xb81\xbch\
\xd1B\xbcL\xe05Q\x8fp,\x8c\x9dx!\x86\x8f\
\x1b\x03\x9b\x0e\xb9\xa1\xa9\x1e\x11\xf6\x13c\xda\xc2g\xd4\
\x10\xe5X\x1d\x82\xfa\xeb\x1b_\xc5\x1a\xe6w\x8f\x12\xb8\
\x05\xf58\xe0x\x03:?\x9b\xb6&\xa5d\x07\x823\
\x11\x10\xb4]p\x96\xa1\x1f(\x84\xa2,\x16\x8b\x8f*\
..\x1c[\x14\x89T\xea{\xee1\x15Y\xf7O\x7f\
\xc4\x9f\xbe\xf9@\x9c\xff7\x83\xfc[\xc7\xf5\x8f\x99\xe4\
\xe0\x8e\x83\x13E5eCk\xdb\xb4\xb9(\x1a\x8b\xb7\
\x86&\xa7S\x94;=2\x84@H\xf4\xb5\xf8\xde(\
?\xcc5\xbe7\x93K3o\xb7i\xcd\x1a\xacY\xb1\
\x12\xc9\xd3\xf50\x0b\xec\xb2~\x94\x8b\x99\xa1\x12\x9a\xfc\
\xa9\x8c(\x94\x90a\x5ct\xc5%\x18N\xc5\xa7j\xc3\
|\x9cf\xcd\x8bk\xb0\x8a;\xb3\xcd\xa7\x9b\x102\xbc\
\xc9R!\x85m!\x8f\xa1S\xd7>=1\xf9\xf6\x9b\
\xd1\xae[G\xa4\x09\xd1\x19n\x14\x18fi@\xc7V\
6r\x00I@r\xc9L\x9aO5b\xe3\xda\x0dX\
\xcc\x0d\x87\xfd\xef\xed\xe3&P\x08\xdbv\x90\xe0&\xc1\
p\x82\xe1\x84\x89\x17\xa1c\xef\x1e \xcdb{\x9dh\
\x10\x17\xa3M\x97\xf6\xd0\x8eB&\xf0\x11\x8d\xc7\x11B\
3\xac\xcb\xc0\xcc\xcd\xe1\xb3\xb6\xb4\xd0\xc0\xcd\x9377\
\xbf\x8e\xd3t*\xa4\x03PTH\x9f,!\xcb\xf4\x8a\
\xf9$\xc1\xfb\xa0\x1d0[\x10\xa0c\x97\x8e\xe8\xd8\xb9\
c\xae\x1d\x13\xb2\x99v\x14\x14l\x16I\x03\x02\xf3\xad\
yv\x14\x829\xdc\xad\xaf\xbe\x8eE\xb3\x17r\xb3\xf1\
i\xcc\x9c2\x0d\xcf<1\x13\xeb_x\x09\xcd'\x1b\
\xe0\x90\x19\xdb\x81`\xba\xc4\x86\xcbyF\x99\xaf5F\
\x91\xa5\x91\x98\x5c\xae\xe4\x98#\x051\x94\xd4\x94\xa2C\
\xcfN\x18B@<\xef\xd2\x0bp\xd9\x0d\x93p\xd5\xad\
7\xe0\xfa\xbbo%{\xbd\x09\x17]w\x05\xc6^N\
c\xbc`\x1c\xba\x0f\x1f\x84\x12\x02\xb2,\x8eC\x14%\
\xa0\x131d\x5c\x0b\xcd\xa4;\x0dd\x97\xa7\xb8\x19u\
4\xd9\x84C-\x0d8BGr\x98\xc7C\xcd\xa7q\
\xa0\xb9\x0e\x87y\xfd\x84\x97\xc2i\xee\xd4\xd5\xb3\xb4\xa8\
\x00iW \x1b\xb3\xa09\x8eDm\x19\xaa\xba\xb5G\
\xab\xde]\xd0uP\x1f\x0c!\x80O\x98t1\xae\xb8\
\xe9Z\x5c{\xc7\xcd\x98|\x17\xd9\xf3\xed7\xe1\xf2\xab\
'a\xdc\xf9\xe3\x99R\x1a\x80v\x04\xa3\x92\x8aR\xc4\
\x0a\xe2p\xe3n.z\x11\x96\x86\xb2\x15(v\xca\xd0\
\xa3\xb8\xb2\xf0\x986\xf1)k%UN?\xd6\xaf[\
\x87\xa7\xb81\xfa\xd4\x13O\xe1\xa5U/b/\xd9\xec\
q2R\x9b\xce-bQ\xd2\x04\x17\x9d\xf5\xf1\xde\xf6\
]\xd8\xb5\xc3\x00X*\xb7\x01\xd9\x7f\xf0\x00\x8c\x183\
\x1a\x0e\xa3\x1b\x9b%\xe4Z\x1b\xe7\xad\x05\xfbT\x02>\
\xd9q\xe8\xf9p\xa5\xcd\xcd\xdf4^}\xe9e\xbc\xb2\
v#7\x80\x1b\x09\xb06\x12\x8c\xbe\xb4\x19\x98\x06_\
\x02\xc6\xf9\x1a{\x90\xd4s\xa9$Z\x92I4\x91\xc5\
\xfat\x88yE\xf98\x8b\xfb\x0e=\x07\xf6\x85v%\
$u\xdf\xa7\x07\xf6\xc3\x00\xd1h\x04\x86\x85\x9a\xbeb\
V\x84\xc4D\xa2\x91da\xfd\xaa5x\xe3\xd5-\xd4\
\x0d\x9fz\xed\xc0\xd8\x8d\xa4\xae9$\x0e\x01\x1d\x89\x22\
\xf8F,\x17.\xdf\x0b\xb2z\xa3\xe3k^\x5c\x8d\xd7\
\x08\xbcf\xaf\xa5\xac\xa6\x1a\xe3&\x9c\x8ba\xa3\x87#\
\x92\x88Sn\x01\xe7\x94e}\x1b\x8a\xf5\x05e\x92\xac\
\xab\xc7\xba\x17Va\xc3\xca\x17\xd0l>\xbe\x093\xef\
,\x7f\x03A\x10@\x18\x19SO\xb5\xb1m\x01(\xcb\
\x82\x10\x10n$VY^]3\xb1\xa6M\xed\xd9\xcb\
\xbbw/\xe4}A!\xfc\xc9ON(\x7f\xf2\xfe_\
\x7f*\xff\xfeC\xf8\xfbO\x92\x82\x94\xf1bt\xa8\xac\
*\xbf\xa4\xa0\xa8\xb8\xaf\x86Lh.\xba)\x01\xc1U\
\xb3\x04d\x98\x5c\x1e*\xa1 \x8b\xf3\xb9 \x1a>\xf3\
\xa2\xdb^\xd9\x80\x15\xcf\xceG3\xd3\x04Q\xae\x92\xa2\
\x17\xb5,I \xf2\xd1\x90mBJypi\xec&\
\x0c\x1a=~\x0c\x84%\xc8\x1c\xb3\xccMm\xc0\x0bK\
\x9eC\x1dw\xd5\xa5G)\xf1\xb9\x90'\xf1\xa2(\x06\
\x9c\xd5\x1f\x170\x04\xaejW\x8b\x04\xf3a\x22\xe2 \
T\x0a\x1e\x15\xc2\xb2]X\x04#\x19H\x08\xe6ZO\
3\xa5\xb0\x81\x80\xf5\xdc\xbc%\xd8\xbfc\x0f\x22\xbc\x07\
2W;j\xe3\x92\xab.\xc5\xb8\x89\xe3\xc9\x00k\x10\
\xc84\x82\x98F\x10\xd1\xe8\xd0\xab3\x81\xf7\x02\xb4\xe9\
\xd8\x9amI\xc2\xa2\x80\xe4\xd8\x8d\x02\x0b\xdb\x82\xf9\xeb\
\xbah4\x8e4\xf3\x90\xefm\xdb\x89\x83;\xf70\xbc\
\xd3p\x84\x0d\xd3v\x86F\x1aH\x09r\x01x2D\
3\xf3\xba1\xe6G\x07\x0d\x1b\x8c\x0a:\x17\xc9\xf9[\
\x96b\xdd\x10\x82\x8a\xac\x02\xc0\x81\x95\x03T\xcb\x13\x88\
\x85.Z\x8e\xd2Q\xac|\x19\xef\xbe\xf26\xc2\xe6\x00\
v\xc0\xb6\xb9;H\xdb4]@S\xe9\xd3\x84\x9f\x94\
q8\xec\xc3b\xba\xa0\xaas\x1b\xb4\xef\xd7\x15\xa3/\
\x1e\xcbP\x7f\x22\x99\xe65\xb8\xe2\xb6kq\xc1u\x97\
a\xc4E\xe3\xc9H\x87\xa15\xa3\x83x\xab*d\x13\
\x11\xd4s\xddN\x905\x1e\xe0:\xbds\xe40^!\
\x93Z\xb9e3\x96l\xd8\x80\xf9\x8cJ\x9e}\xf1%\
<\xf3\xfc*<\xbdl\x05\xa6/}\x0eO/5G\
S\x96c\xfa\xe2\xe5x\x8a\xe9\xa2\x19\xcc)\xcf`.\
q&\xef\xcf\x5c\xba\x12sW\xac\xc1R\xe6\xa6Wo\
\xda\x8a\x97\xc9&73\xad\xf4\xfa\xde\xbd\x04\xecf\x1c\
'\xf3<M@KG\xa2\xb0\xcbJP\xd2\x9e`\xdc\
\xb3\x17\xba\x9c\xc5\xb4\xc6\xe5\x17\xe3\xb2;n\xc2$:\
\x85K\xe9\x1c&\xdex5F]8\x1e\xed{ua\
>\xb9\x022f#\xad\x93\xc82E\xa2\x1d\xca\xcd\xd1\
\x10\x0e \x94@H\x19\x0a\xaeR\x98\xd1\x8c\x16\x8ea\
\xcbK\xafb\xe9\x8c\xf9\x983e:\x96?\xf5,\xf6\
ny\x17\xb21\x03;\x0b\xd4\x1f?\x85\xb7\xde|\x03\
G\xb9\xa1d\x98l\x9b\x0e\xad1\xe6\xdc1(d\xae\
Z\xab\x10YF\x06\x81C\x1d\xa6\xd31@(B@\
3\x7f,\xb9.\xcaS\xd8\xff\xf6nl^\xbd\x01\xa7\
\x0f\x1d\x83\xc3\x06\x5ce#\xc2h)g\x0b\xb4\x89\x00\
\x1c\x8f`\xe1s>\xc1JS'\x93L\x9b\xb5\x04)\
\x84Q\x85^C\xfbc\xd8\xd8\xe1\x88\xe5G@\x0c\x87\
V\xc8\xe5\x8d\xb9\xb4\xc8\x92XH\x02g\x18\xf2y:\
\xd60+\xf0\x167l\xcd\x1f\xa6\xe8&\xda\x09\x15\xca\
\x16\x16|\x82\xa4\x06\x10J\x81$\x9d\xady\xd6\x22\xfb\
U\xec[\xd0y\xbb|~\xdf\xb6]X\xf3\xdc\xf38\
v\xf0\x10\xb2\xdc$\xac\xa8\xaa`\x14r9\x062b\
\xd1\x04\xfad6\x05\x87z\x18\xb3-D\x00\xb8a\x88\
\xfa\xa3G\xf9\xccsx\xfb\xd5W\x91mi\x86E\x9b\
B\xe8\xb3\xa3\xd0H\x97z\x17\x82S\xe3\x0aj\x08\xf6\
\x1dP\x19C\x04\xf1D~^\x9f\xd2\xb2\xb2\x89y\xe5\
\xc5]\x1ez\xe8!\x8b\xcd}\xa0\x7f\xe4\x07zt\x7f\
\x18\xdc\x8c\x193*\xf3\x0b\x0b'\xc4\xf3\xf2F\x10}\
\x0a\x84\xb2\xa0\xa5\x82O\x85\xa2\x93\xcd-\x82&\x00\x00\
\x01\xc3\x1ej\xb6\xc9g\xd2\xb3\x1f\xde\xbd\x0b\xcb\xe6\xcd\
\xc3I\x86,\x0e\xd3\x0e\x8aJ(h\xe8i2\xa7\x0c\
a\xd7\xa3\xe18\x04\x8bQ\xe7\x8f\xc3\x18\x96DA\x02\
\xbe\xe7a\xf3\xcb\x1b\xb8\xf8\xcf\x13p\xa9\xd8T4\xc5\
u\xb7\x04P@\x166\x9c\xccm\xc2%\xe7\xa3u\x87\
60L\xb2\x9e\xca\x11P\x01<*\x8dQZj\x03\
\xc7#\xa1h\x0c\xa9\xa6$60\x17\xfc<\xc1\xe0(\
S\x0a\x097\x06\xcdze\x95\x15\xb8\xf4\xaa\xcbq6\
\xc3\xe7\xb2\xb6U\xf0#\x1aI\x91As\x98DZd\
\x11\xe5\x98:\xf7\xec\x8c\xb14\xc6\xd6\xb55\xf0\x08\xae\
in\xfa91\x17\xdaV,\x92P\x17 \xa4\xd25\
\xd5\x9d\xc6[\x9b^C\xd3\x89z\x10\xf5\xe1(\x07\x96\
\xe5\xd0\xa0lX\xaeC\x89\x84\x08\xb8\xca\x92\xca\xdd\xb9\
[\x17\xb4m\xdf\x06\x1e\xe5c\x94Vr\xdc\x82\xa3\xb5\
(KIC\x11d\x1dv\xa8`s\xcey*\x86<\
+\xcas\xf6\xc5\x5c\xb6OFc\xd8\xb9\xcd\xdcb\x96\
\xed5\x87Y\xf8\xae@I\xbb\x1a\x86\xf9\x031\xfa\x92\
\x09\xb8\xfc\xd6\xebp\xcd\xdd7\xe3\x5c\x86\xf8\xc3.8\
\x1b\x9d\x07\xf5Fa\xdbj\xc0\xfce\x13\x05x\x92r\
\xdf}\xf28^\xdb\xbd\x1b\xab\xb6\xbc\x8e\xb9\x8c\x22\x1e\
\x9f\xbf\x00\x8f\xce\x99\x8b\xc7\xe6\xcc\xc3c\xcf.\xc0\xf4\
EK\xf08\x9d\xe4\x93\xf3\x17b\xfa\xe2e\x98I\xc0\
\x9d\xb3b\x15\x16\xae^\x87\xc5k\xd6c\xf1\x8b\xa6\xbc\
\x7f\xbe\xd4\x5c#0/|\xfeE\xccg\xbey\xfe\x8a\
\x970k\xd1J<9w1\xa6\xce\x9e\xcf\xf2,\xa6\
\xcc\x9c\x83\x87\x9e\x9e\x89Gf=\xc3\xf6\xe7\xe1\xa9E\
\x8bs\xfd\xae\xdc\xb4\x05\xaf\xef\xd9\x8b\xbd\xa7\x1bq\x9c\
z\xd1\x14\xb5\x80\xf2\x22\x14vl\x83v\x03{c\xf0\
yc\xe8,\xae\xc4\xb5w\xdd\x82kn\xbb\x11\x17]\
}\x19\x06\x9f=\x8c\x0e\xb25D\xccBS\xd0\x8c\x96\
 \x09\xd8\xfcq]j\xaa\x84$\x82I\x82cD\xdb\
\xc8\x9eJ\xe2\xbd\xcd\xefb\xe3\xd2\x171\xf3\xfe\xc71\
\xff\xf1\xd9x\xed\xa5W\xf0\xce\xebo\xe2\xddw\xb7\xa3\
\x99kZ\xd3\xaa\x16#F\x8d@\xc7n\x9d!\x1d\x05\
\xedH\x02\xbb\x8f\xac\x08`6\x16m\xae\x99fj*\
\x11I\xc0\x16\x0e\x8e\xec\xd8\x87\xf5\xcf\xbd\x88}o\xef\
\x82Nz\x88Z\xec\x9c\xfa\x94WX\x00\x8f\x0e%\x10\
\x02\x9a\xd7\xa4msU\x01\x03\xba\x92m\x04J\xa2\x85\
i\x8b\xd6\xdd:`0\x01\xb7\xb2u\x05`\x05\xc8\x06\
\x19x\x8c$\x8c\x0d\x19v\xec\xd1F$\x1d\xb7\xd0\x16\
\xf3\xaa\x80\xf9\x1e\xe7\xb5/\xacE\xb2\xae\x05a\xd2\x87\
\xcd\xeb\x0e\x9ds\x94 O\xde\xc0\xe7\x03\xf6'iI\
\x1aI\xee\x9f\x84t>.\x91\xdc\xf2\x81(\xf5h\x0f\
\xf7-\x16\xcf\x9a\x87\xfd;\xdf\x83`'\x95\xcc[_\
p\xed$t\xec\xdd\x0d0s\xcd$9n:\x03\xea\
\x85\xa2.\xdb,\xf5\xc7\x8e2\xca\x9a\x8d\x83\xbbv\x01\
\x9c\x93G\x96nSO5\xefi\x03\xc0\xb4\xf3\x80\xd1\
E\xc8\xf4\x0e\xa7\x0b\x08\x80%\x1a\x89\xc6\xfa\xe7\xe7\x15\
\x9cW[ZZ\xad5;\xc3\x07\xf7%?\xb8C{\
\x7fd\xb3\xee\xbb/\xd1\xb6\xb2zL\xa7.\xdd.\x8d\
\xc6b5BI)\x94\x22\x98hP\xd8\x90RB\x08\
\x01\x8b\xc0\xa1 \x88\xc9\x80`.(y\xea\x14\xe6?\
3\x07\xdb\xdf|\x0b!sn\x16\xb5D\xd3\xb8B\xa9\
\x11\xc8\x00&\xa4\x8a2\xd4\xe9?h \xc6\x9d?\x01\
%\xa5\xa5\xc8\xa62x\xf7\x8d\xb7\xb0p\xce\xb38\xf0\
\xde~\x80^\xdb\x16\x12\xaerr\xed\x0fb\xddQ#\
G\xa2\xa2\xbc\x1c\x8a\x8a\xe01'\xe5\xd86\x5czy\
\xc1q8\xccSi\xaa{:\x9dd\xb4\x9f\x85P\x02\
>G\x9a$\xd3\xccRaB\xbe\xafm\xd76\xf7\xbf\
%\x8c\x1cw6b\xa5\xc50J\x0f^\xcf\x85\x92\x96\
\x82d\xbb!\x95\xca\xce/@\x9f\x81\x03\xd0\xb9S\x07\
\x14\x14\xe6!\x96\x88\xe1\x187'\xac\xb8K\x03J\xa3\
\x9e!\xb6\x8a8h\xe6\x8e\xffN2\xc4\xdd\x0cW}\
\xee\xfe\xda\xd2\x82%\x14R\xdcu\xcf2\xbd\xe1\x93%\
\x15&\x0a\x91e\xce\xad\xa4\xa2\x02\xc3F\x0cGII\
1\xd2\xcc\xede)'\x13\xc6zfltF\xc4]\
\x98\xb1X\x04\x00'b1\x8cL\xc1#\xb8F\xf2\x22\
\x80-ry\xef\xa4\xce\x22^Z\x88\x1e\x03\xfb\xe6\xfe\
ty\xf2\x9d\xb7\xe2Z\x86\xe7\x17_s%Ai\x14\
\xaa:\xb4\x83S\xccy\xd10OQ\x9e{\x99\xb7|\
}\xc7.,}q-\xa6\xcex\x06\x0f=1\x1d\x8f\
\xf18\x83`\xfb,\x01u\xd9\x0bk\xb0j\xfd\x06l\
|\xfd\x0dl\xdd\xb6\x1d\xfb\x8f\x1c\xc3a>s\xe2t\
\x03\xea\x9b\x93hd\x1b\xa64$\xd3hb\x1e\xbb%\
\xed\xa1\x85sJ\x92m\xb5\xb04\xa7\xb3\xbc\x9e\x86\xb9\
\x7f\x9auN\xf1\x99\xa3\xcc\xbf\xef?v\x02;\xf6\x1d\
\xc0\x9b;w\xe1\xb5w\xb7a\xf5\x86\x8dxn\xcdK\
Xd\xfet{\xe1B<6s&\xa6L\x9f\x8e\xa9\
3g\xe1\xe9Y\x1b\xc8_\x00\x00\x10\x00IDAT\
\x05\x0b\x08\xe6k\xb0n\xebV\xec!\xdb\xaag\x1a\xc9\
g\xa8\x1d+/E5\xe5\xdfc\xe8 \x8c\x9dx\x01\
\xae\xbe\xfd\x16\xdc\xf8\x89\xbb0\xe9\xe6\x1b0\xfc\xbcq\
\xa8\xed\xda\x01\x82\x0c\xd8|yQ\x96\x1b\x96\x8aN(\
\xc2\xf7\x96\xd0\xf0\xb8\x16\xc9\xc6f\x80\x9b\x95\xef\xbd\xbb\
\x13+\x16,\xc3S\xcc\x8b/\x9b\xb7\x14\xc7\xf7\x1f\x83\
\xa4',.(AmM+\xc4\xdc\x18\x1c\xdbA@\
\xa6\xd9\xc2\xf1\x97\x14\x95\x91\xe0\x85\xb9\xf7\xf4\xac0\x8e\
4\xd5\x9cb\x8aj\x1d\xde\xa0\x9c\x02/\xc8\xe9#U\
\x0d\xb1X\x0c\xd1X\x14R)x\x1cw\xa05\xb4\x10\
\xf0\xa8\xeb\x16\xf52\xe0\xba\xa6\xb8\x91\x9c_\x5c\x88\xf1\
\x17L@\x87\xae\x9d`El\xf8\x5cs\xcd{\xaem\
\xb3}\x0b\x92\xf6!\x08\xf0\x82yz\x8b\xd4\xf5\xe4\xa1\
\xa3X\xb5|\x05\xb6\x138=\xea\x8e\xd1+\x8f\xb2\xce\
\xd0Y\x80u\xa5\x94\xd0\xa0\xba\x10\xe4\x09x\xb08~\
\x8f\xe3\xcarm\xfc\xf4\xfb\x00\xad\xb2\x02[\xd6\xbd\x8a\
ut\x88'\xf6\x1f\x018\xbe\x0e\xed\xdb\xe1\xe2K/\
F[\xa6pd\xccA\x92)\x1ac\x93\xca\x12\xa0\xea\
#\xe0Xw\xbd\xf3\x0e\xcc\xd7A\xd6\x1f9B9i\
\x08:\x16!\x04\x94\x92\xf8\xe3+\xe05iq\xdc\xb9\
qh\x11\x89F\xaa\xdbv\xec0\xb1\xb6}\x9b\xf1\xb3\
g\xcf\xce\xffc\xbd\x0f\xe2\xf1\xff\xcc\xe2\x838:3\
\xa6\x82\x82\xd6e\xa5\xa5\x93\xe2\x05y\xbd\xec\x88\xeb\x80\
\xc0\x1a\xd0\xcb\x85T.\xa5,X\xca@mh\xb0\x02\
\x86\xc5J.\x0e\xd1\x02\xcf/{\x0ekW\xad\x86\xe6\
B\x9bESB\x22\xcbP\xb6\x85^5\x15z\x10\xae\
\x85^\xfd\xfb\xe0\xbc\x09\xe7\xa1\xbc\xb2\x1a\x22\x00\xb6\xbf\
\xfdN\x0ep\x0f\xed=\x08\xc5\xd0\xcd(\x9a0Hd\
\x94\x8c\xfd\xa6\x98\x1f6@K\x8d\x86\xd4\x82\xcaj#\
`(oq\x1c\xa0\x12hzc\xcbQ0\xc5'8\
E\xf2\x5c\x0c\xe2fO_\x86t\xb1\xd2<$\xca\x0b\
1\xf1\xea+0\xe2\xe2\x09\xf0\xa5\x06\xa8h!\xe7\xa1\
\xd9\xbe\xad\xa8@l\x13d\x0bY\x82\x8b\xa0\x01\xee\xdf\
\xbb\x0f\xc7\x8e\x1f\xc5\xe9\xc6:\xc0\x06,*\xe9\xd1\xba\
c\xa8lS\x83v\xdd;!M\x8e\x91\xa1\xf1\x1c>\
~\x0c\x9b7mb\xde.\x09\x9f@$\x98\xd6(\xce\
/Bq^!\x12v\x02M\xa7\x9a\xe0%3\xb0\x98\
w++)CUu5\x224T\x8b\xc6G\x01\x82\
\x04\x06\x01s\x96\x1e\x85\x90\xe5\xb8S\xdc\x04;\x9d>\
\x0d\x1d\xd1\x10qI\x06\x9eB\xd6\xf2P\xdb\xa5\x0d\xce\
\xb9\xe4<L\xbe\xfb6\xdcx\xf7\xed8\xef\x8a\x89\xe8\
\xc9|d%\x1dI\x8c\x0e$cK\x9c 3y{\
\xcf\x01\xac\x5c\xbf\x09\x8f\xcf\x9e\x8f{\xa7<\x81\x07\x1e\
\x9f\x8e\x19\x0b\x96`\x19Y\xeaK\xaf\xbe\x8e-\xefl\
\xc7\xae\x03Gp\x9c\x9b?M4\xd0l\xc85\xb4\xa3\
pb\x09HcH\x04\x02\xe5\xd80E\xd2\xa8\x85R\
\x80\x94\xd0\xa6\xd0\xf0\x84\xb2\xf0\xc7\xa2\x85\xa0[\x03r\
,\xcfv\xa0\x0d\xeb\xe4\x06)X4\xdb\x09\x95\xa2\xac\
\x15\xd2\x5c\x9f\x14\x99|\x0b\xd9\xd3Inr\xed9t\
\x18\x9b\xde~\x1b\xcf\xaf_\x87\x85\xcf\xad\xc0Sd\xdb\
\xf7=:\x15\xf7>\xf2(\x9e\xa0\xb3^\xfe\xd2:\xbc\
\xb9g/\x8e\xb6$\xe1\x94\x94\xc0-+E>\xa3\x8e\
\xf6\xfd\xfab\xcce\x13q\xe5\x9d\xb7\x93\x05\xdf\x8e\x89\
\xd7O\xc2\x90\xd1\x83QT]\x84\xb4N1\x95\xd3\x02\
#GE=\xb0\xe9\x14\x0d\x03\x95\x90d\x89\x0auG\
O\x91\xc1\xedG\xb6>\x05\xc7\xb7p\xfa\xc8)\xacz\
\xee\x05\xec\x22\xf3M5&!\xb2\x1a\xc5\x04\xdc\xa6\xba\
\x06\x14%\x0as\xcf\x18@n\xa6\x03\xda\xbc\xfeel\
xy#N\xd0!I\xa5\xa0XB\xce'\xc2\xc8#\
\x1a\x89\xc2\xa6\xdcB\xceQ#\x80\xfe\xc3?\x9b2L\
\xa5R\x10R`\xd4\x98\xb3\xd1w@\x7f\xae{\x0c!\
\xdf\xfb\x04\x5c\xc5gbt\x8e6\xc7g\x91\x9dFB\
\x89\x08\xd7\xa2\xe1x\x1d\xd6>\xbf\x1a\xbb\xe9,\x8c>\
\xa6\x08\xb4\x8a\x84@SWM?R\x08\x98\xd0>C\
Y\xa6\xb8/\x92\xa1\xf3\xf6h\x93\x01\xefk- \x85\
\x85z\xce!\xcc\x84P\x9e\xc0+L\x87\xac[\xf9\x12\
\x90\xf1\x00\xdaKw\xcap\xe2\x95\x97#\xbf\xaa\x14\x81\
+\x91\x91!B\xa5\xc1Vs\x04\xc9\x05\x08\xd4\xcfc\
\xe5\xa2E\x10\x5csv\x06\xde\x84yI\xbe\xb78n\
)U\xee\x9e!+\x01\x1d\x8c\xb2-7\x91\x97\xe8\x9a\
\x88'.se\xd0\xc9\xd4\xfd\xa0\x16\xf9A\x1d\x98\x19\
\xd7\xa3\xf7\xdd\xd7\xaa\xbc\xb8\xf8\xa6\x9a6\xad\x06r\xc1\
\xa3\x1e\xc3\x1f\xa3R!\x95\x0aB\xf0G\xc2l\x1ce\
\xc8*\xc0\x8d\x060\xc4\x09\xb83\xbc\x85\xcci\xc13\
\xcf dH.\xa8\x98.\x154\xc3]W\x22)\xb4\
#\x90\x22{k\xd3\xa9\x1d&^~)\xdaw\xec\x08\
\xc5E;D\x80[0g>v\xbc\xfd.,\x02\xad\
\x22\x08'\xdc\x04\xd9o\x16I\xb2F\x9b\x8a\xf4\xda\xab\
\x9b\xb1z\x05\x13\xfddR\x92\xef\x03\xa6\x22|21\
?\x9d\x81Cp0\xa9\x09\xa3\x8c\x96kA+\xc0\xa7\
2\x95T\x97\xe0\x1c\xe63/\xbcr\x22&\xddx\x0d\
\xfa\x0e\x1f\x80Da\x1c6sj\x99L\x0a\x11\xb2m\
\xa34\xbeQH\x82%\x02\x01\x97\xe0\xf8\xc6\xcb\xafb\
\xc1\xdcy\xd8\xbe{;Z\xc2f4y\x8d\x88\x14\xb9\
h\xd7\xb3\x03\xae\xbd\xedz\x5c\xc1\xb6\x8a\xab\xca\xc04\
\x1f\x9a\xd9\xce\xf6\x1d;\xb0\x87\x8cR\x93i8DQ\
\x99\xd2\xf0\xeaR\x88#\x82\xfc\xc2r\xc4T\x14\xfb\xdf\
\xd9\x85W\xd7\xbf\x82#\x87\x8e\xc0\xa73\xe24a\x94\
\x1d\x04KEf+\x1c\x89\xac\x0c\x90\x16\x19\xa4U\x06\
M\x22\x85\x94\x95Ee\xa7\x1a\x5c:\xf9J|\xec\xcb\
\x9f\xc6\xc5\xdc\x00\xeby\xd6\x00T\x92\xa9\xb8eE\xf0\
\xe8\x08\x8e3?\xf7\xfa\xae\x1dX\xb0j5\xa6/X\
\x88_Oy\x1cO\xccY\x88\xe5\xdc\xecym\xfb\x1e\
\xec!\xd8\x1ckL\xa1\x81F\xe8[\x11 \x92\x87\xd0\
\x8a\x22\xad%\x1a\xb9n\x0d\x94_\x13\x8d1\xed\xb1o\
\xbe\xcf\x98s:\x8f\x0cK\x96\xe3\xf4\xe8\x88\xe8\x83`\
\x0c\x1aBB\xb3\x80Fg\x8e\xa6\x84l\xc7\x88.\xcd\
\xb5\xce\x15:\xb1\x8c\xd60\xe5}\xb0\x0d\xb8\xe6`\x84\
\x10\xb2?\x0fI\xd6\xf3,\x0b\x9a`eJ\x12\x12\xc7\
\x1a[\xb0\xffT=\xde|o/V0\xbd4\x95\xfa\
\xf3\xeb)S\xf0\xf3\x87\x1e\xc4\x94\xd9\xb3\xf0\xd2\x1bo\
\xe0\x14#\x90L\xccE\x9a\x0e+Z]\x89\xae\xcc\x91\
\x9fs\xe5%\xb8\xfa\x8e\x1bp\xc3\xdd7b\xfce\x13\
\xc8\xf4k\x90\xa2\xe3J\x92\xf9\x1a\xc7\x16B\xd3\xf1\x87\
P\xd4\x17W:\x88\x0a\x17y*\x8e\x18\xbdh\xfd\xb1\
SX\xcf\x14\xc9\xaci\xb3\xb9Q\xb5\x15\xe0$\x22\xa1\
\x05\xba\x1fd\x1a\x92\x88\x0a\x07^s\x06\xfbw\xed\xc5\
\x0bd\x9d\xc7\xcd\xf7|\x08\x01\xf3\xc7\x1d\xb4\x07\x04\x1c\
\x8fC6k\xd1\xb9H%!\x08HB\x08\xd3#\x14\
\xe7g6L\xdd\xa8\x8bV\xed\xda\xa0O\xff~P\xd4\
K\xe5\xda\x0c\xd05\x99\xae\x86\x90\x0a\xda\xc8\x96:\xec\
P\x86\x09\xae\x8d$\xd3\xdd\xb6y+6\xacz\x09i\
\xc3\xd4is.\xfbhfDeG\x1d\x84\x22\xa4\xa9\
y\x08\x10B\xd1ikK\xa2\x99QS\x0b\x8b/\x81\
P\x0a\xb8\x94\xabc99\xdbq\x85\x8d,\xe7\xf2\xe2\
\xb2\x17\xf02S\x15\x82\xb2\xb7\xe3Q\xf4\xe8\xdf\x1bg\
\x9d3\x1a\xb20\x06?\x22\x91\xf4\xd30\xf3\xb1\x85\x86\
\xd7\xd8\x00\xfa{\xa6\x06\x9f\xc5\xc6\x15\xcb\xc1\x1c\x04\xc0\
q\x18\x9d\xcd0j\x15B@\x08\x81\x90\xeb,\x84\xc5\
\x91\x80\xcf\x06|\x1fF\x8bK\x8b{\x97\x96W\x5c\xfb\
\xe4\x93\x0fV\xe1\x03\xfa\x92\x1f\xd0q\xe1\xb7\xbf\xfdm\
~\x87\xf6\x1d\xc7\x0e\x196\xecb7\x1e\xab\xa6\xd6\x02\
T*:R.,`\x8e\x9a\xe2\xd6dz6\x17Z\
)\x05A\x83=\xc0P{\xca}\xf7\xc3'\xe3\xb2\xa1\
\x89\xb3!|\x82\x92\xe2L}\xe6\xafB\x02K\xa7\xde\
\xdd1\xe6\xbcs\xd0\xa6g\x0fX\xf9\xf9\xd8\xc7\x1c\xe3\
\xfc9\xcf\xe2m\x86n\x8a\x1e\xdf\x85\xc5\xb64\x93\xf9\
i8\xcc\xcd\xda,Y\x02\x83\x08\x05\xd6\xaf]\x8f9\
3\x9f\xc1\xf1}\x87`\x87\x12E\x05\xc5\x0c\x81B$\
\xe2qD#\x11.\xbc\x8f\x96T3\xa3\xca\x0cB[\
C\x12\x94\xda2\x0c\xbd\xf4\xda\xcb0|\xfcH^\x03\
|\xe1\x01\xb6\xa2\x8f\xc8P\x9f\xb2\x1c\xa3\xa0bi$\
\xdc\x18\x14\xd1e\xcb\x86W\xb0\x98\xe1\xf7\xdb[\xdf@\
\xc6\xcb\xa0\xa8\xac\x10n\x9e\x83\xd2\x9a2|\xfaK\x9f\
A\x8fA\xbd\xd1cH?\x5cv\xdd\xd5\xa8h]\xc3\
|Z\x1a'N\x9e\xc4\xeb\x9b_C\x92)\x05\x87\xed\
x\x04\xb9\x98\x88\x22y\xbc\x09\xc7\xde\xda\x8d\x87~\xfd\
\x00~\xf5\xe3\x9fc\x0dw\xd5\xcd\x9f\x8a\xda4T\xd3\
v\x96\xe1]V{H1\xbf\xd7\xe2\xa7\x90\xe6\xb9g\
sxEqt\x1b\xd2\x0b7~\xfc6|\xe6[_\
\xc6E\xd7]\x89\xda\x1e\x9d\x11';\x11\xbcw\x82)\
\x93\xd7\xf6\xec\xc2\xfc\x17W\xe3\xc1\xe9\xd3\xf0\x8b\x87\x1e\
\xc6\xa3\xb3fa\xd9\xba\x0d\xd8\xcdM\x9e#\xa7\x9b\xd1\
\xc4p5-ld\x086\x1eK\xc0MF\xfa\x02\xf6\
\x15P\x0e\x0e\xecD>\xdcD\x02\x92F\x1a\x08\x89,\
\x99\x9a\xcd\x9dx\x8bi\x1ai\xd3\x98\x94\x80\xcf5\xf4\
\xc8\xca\xfeX\xcc\xfb\x80\xd7|\xae\xfd\xfbG\x8d\x80\x86\
\x1a\x80ui\x88\x81T\x00\x1d\xa0t\x5cX\xd1(\x22\
\xf1<D\xd9\x8f)v4\x0e\xe9Fy\xdfE\xc0\xf1\
d\x084-\xccU\xa7\xa8L\x9a\xf7\xcc\x18\x9b\xbc\x10\
'\x9b\xd38TW\x8f\xed\x07\x0fc\xcb\xf6\x9d\xcc\x17\
?\x8f\xdfN}\x0c\xdf\xfd\xf5\xaf\xf0\xc83\xb3\xb0\x99\
\x0e\xe6\x14\xd9]\x0b\xd7P\x16\xe5\xa3\x86Q\xc7\x801\
#0\xe9\xa6\xeb\xf1\x89/\x7f\x017}\xec\x0et\xe9\
\xdb\x0b\xa7Z\x1a\xa1\xa2.B\xce-I\xb6\xd8T\xdf\
\x00\x13)\xd9\x1c\xa7\xa5\x05\x8cc\xf7[2\xd8\xc1\x10\
~\xf6\xb4\x99X8k.\x9a\xe8\xa0\xe2\x91|\xe4\xa9\
(\xec\xc0\xa2\x9e\x1d\xc1\xaae+s\xc0\x9b\xe5\xda\xc6\
#\xef\xeb\x99\x01]M\xb9\xc4b\x11\xb2^\x81\x10\x80\
\x99\xba\xa0\x8d\x98\xe8\x89\xe2\xa0\xeed\x01%QP\x5c\
\x08\xc7\xd4smdh/\xc4\xf6\xdcup\x1cY:\
{Mg\x17e\xa4\xc1\xa5g\xbex;\xd6\xadX\x8d\
\xc6\xe3\xa7a>\xf3\xab\x09\x92.S-YFq\x8d\
\xe9f\x80\xf6\xe3[><\x11\x22p\x80\x90\x80\xe9\x12\
8\xcb\xdaT\xa1s\x9f\x1e\x18r\xf6Ht\xee\xd9\x1d\
y\x05\x05\xb9?mVP(\x88\xe5\xa3\x85\xccw\xfa\
#\x8f1\xdd\xf76u\xddG\xa4\xa4\x18\xfdG\x9e\x95\
\xfb8`\xc8\x1c\xb9oi0|\x84\xc9\xe1\xba\xd4\x83\
\x08\x01\xd5'\xe8?\xf9\xe0C\xd8\xb7m\x1b#\xd1\x00\
\xae\xe3r\xc8\x82\xceW\xd3\xceBx$=f\xae\xca\
\xb2`\x8aT\x0a\xf1x\xbcz\xd0\x90!\x13\xda\xd4v\
\x18\xfd\xe0\x83\x0f\xc6(\x96\x0f\xdc\x8f\xfc\xc0\x8d\xe8\x0f\
\x03*\xcd\xcfoUYSui$/\xafK\x18\x06\
\xf2\xfd0I\xd2\xdc\x04\x8c\xa0)v\xd6\x0ca+\xc5\
\xd0\xca\x81\xe0\xbf\x13dp\xcfq#f/\x19\x9fC\
\xa5\x8e(\x0b\x1e\x19\xaeK\x03\xa6z\xd0\x80C\xb8\x05\
q\x9c}\xdeX\xf4\x1f2\x00.\x95\xd6\xa3!\xacc\
\xbeq\xf3\xc6W\xb8\x1b\xac\xa0B\x09G\xd8\x88\xd8\x11\
d\x18\x9aE\x08\x141\x82X\x86\xe1\xb9I%\xf8\xa9\
\x0c\x9e_\xfe\x1cV.[\x0e_*\xb4\x9c\xaa\x87Q\
\xda:\xe6\x10\x0d0+:\x00\xcb\x96\x10\x96\x80G\x90\
o\xf1Zp\xaa\xa9.\xa7\xa4u\xcc\xc3\x9a\x9c\xa8\x22\
[Je\xd3\xc8\xa7b*\x8e[\x11\xcc]\xa1\xd0|\
\xb2\x1e\xaf\xad\x7f\x15\xcf\xd0\x00\xb7\xbf\xf9N\x8e\x854\
4\x9fF]\xf24:\xf5\xec\x84\xcf}\xed\xf3\xa8l\
W\x0b+\x11\x81p\x05\x86\x8e\x1e\x86\xcb\x98\xae(\xa9\
(E}}=\x0e\xbc\xb7\x17'\xf7\xecGX\xdf\x8c\
\xfcX\x01\x8e\xed<\x88\x99\x0fM\xc3\xf7\xbf\xf2-\xac\
dN\xf1\xd4\xc1c\xb9\xef\x9d5\xf9\xc1\x80\xc6\x94H\
\xc4\xe1\x12\x98B)\xb8q\x93E\xa04J\xaa\xcb\xd0\
s@\x1f\xdc\xfe\xd9O\xe0\xb6\xcf}\x12gO<\x1f\
yUeH:@\x8a\xf3:Jy\xae%\xeb{l\
\xee\x5c\xfcj\xca\xc3\xb8w\xeaT,X\xb5\x06;\x8e\
\x1c\xc5i\xb6\xd9Lc\x09\x9d\x084\x0d$0\xce\x8a\
\xf3K\xd3\x882f\xb5\xb8\x1e\xd2\x8dB:.\x99\x16\
\xdbc~6\xc5Bl\x86\xa2\x9cm\xdeK\x92\xc9\xa4\
\x09\x04\x1e\x9d\x8f\x86$\x908\xb0Y\xdf\xe1=i9\
\xd0\x94\x13X\xb4T0GH\x8bul(\x1a\x9e\xcd\
6$\xfb\x08\xb9\xf6Y2\xa3\x14\x1deSK\x0a\x0d\
M\xcdhd\xb4\x92a$\xc4\xca\xb0\xdc\x08l\xce\xdb\
a\xb1\xe31\xd8\xb1\x04\x94\x1bG`\xd9\xf0\x84\xc5\xb1\
G cy\xf0\xd9^\x1d\xd7\xbd\x8e\x11\xd3\xa1\xd3\xf5\
\xd8\xb4};\x9eb>\xf8\x87\xf7\xde\x8b\x1f?p\x1f\
f-_\x8e\x8d\xdb\xde\xc6\xae\x93G\xd1b\x01\x91\xca\
2\xb4\xee\xd5\x1d\xa3/\xbe\x00\xb7|\xea\x13\xf8\xe2w\
\xbe\x85v=\xba\xc3)\x88\xb1}\x0b\xa5\x5c\xa7\x08\xd7\
\xbe\xae\xfe$\xb2\x8c\x0e$\xd9x>\xfb\x09\x08\xa6;\
\xb6\xbe\x8b%\xb3\x17b\xd6\xa3O\xe1\xd4\x8e\xf7 \xb8\
qe\x1c\xe7;\x9b\xb6b\xcb\xfa\x8d\x08\x92\x19\x04\x9c\
\x8b&\xfb7i\x05\x9f\x80#\x95D>I\x83m\xdb\
\x08\x08\x8a\x9a\xed)\xa5\x08J!\xcc?i\xa9\x9cC\
n\xe1\x9ae\x09\xb6\x96\xeb E\xf9\xfaRCs\xae\
F\x16&7jK\x1b\x9a\x11\xd6\xc1ww\xe1\xb9\x85\
\xcb\xb0\xed\xadwaQ\xc6\xf4ep\x98\x22Is\x13\
\xce\x8e;ha\xda\xa91h\x81\xe7\x04\x90\x05\x16\xf5\
\xa2\x10\xdd\x87\xf4\xc6e7]\x8d\xcf\x7f\xfb\xab\xf8\xf2\
\x7f|\x13w}\xe9\xd38\xe7\xd2\x0b\x91WV\x04_\
\x070\xfb\x1b>\x89C~<\x8e$\xd3$s\xa6\xcf\
\xc4)\xe6\xcdS\xe9\x16T\xb4o\x85A\xd4\xe1\xdaN\
m\xa1\xa26\xb2t\xfc\xb6\xa4\x1c9\x07\x8bNM\xd2\
F\xea\xa9Ws\x9e~\x1a\x87\xf7\xee\x05\xd5\x146\xe7\
LZ\x0b!D\x0e\x07|\xce;\xe4\xb9O\x1dkN\
\xb6p\xdeZ\xda\x8e][QQ~UI\x9e\xd3\x1a\
\x1f\xc0\x17\xa7\xf8\xc1\x1b\xd5\xd3O?R][]u\
}\x87.]\x06B@\xf2\x05\x13\xaa\x81\xc2\x0d\xb9\x90\
<\xbc\x9f\xbf\xa5\x92Y,\x92\x0a\x98\xe2\xe2\x98\x8f\x9a\
\xac^\xba\x1cU\xc5\xc5H\xb74\xa3\xe9t\x1d\x22\x0e\
\x15\x0a\x01B\x11\xa0\xa0\xb4\x00\xa3\xcf\x19\x83\x81C\x87\
 \xbf\xb4\x04f\xc1^x\xfey\xbc\xc0\x9c^\xcb\xe9\
&2V\x01\x076B\x1a<o\x22/\x9e\x0f\x03\xf6\
\xa9t*\xa7\xdc\xe6\xbaG\x03q\xa4\x83\xe7\xb8\xb3>\
\xf7\xd1'\x11I\x14@\x86\x12%\xa5\x15\xb0 \xb8a\
\x95\x85T\x92\xcaj\x83z\x8b\x90}\xe7\x15&\xb8\xd9\
\xd3\x8c\x04\x01?\x9e\x17C}C=b\xb1\x18S#\
\x1eL?\x82lK1\xf4\xde\xca\x94\xc2\xeciO\xe3\
\xf8\xc1C\x08\xc9>\x1c:\x8b\xaaV\xd58k\xf4\x08\
\xdc\xf6\x89\xbbQ\xd6\xaa\x12*f#EFj\x8c\xc8\
\x80z\xff\x81\x031\xf9\xc6\x1bQ\x5cT\x84\xbd\xbb\xf7\
\xe46\x02\xdf\xd8\xf8*\x1e\xf8\xc9/\xf1\x8dO\x7f\x11\
[\x09\xe2\x0d\xcc\x1d\xe6)\x97\xe9\x16\x86\x85\x04\xb42\
n\x1az~\x16MT\xd2\x16\x86u\xbe\x0c\x11+.\
@\xd7~\xbdq\xd95W\xe23_\xfe\x12\xc6\x5c2\
\x11\x85\xd5d\xd1J@\x14\xe4\xe3t6\x8b\x85/\xbe\
\x88\x1f3\x8a\xf8\xf1\xef\xee\xc3\x8cE\x8b\xf1\xc6\xee\xbd\
\x0c\xd75\xd9N\x0c\xdaM\x10\xb4\xa2\xc8B!\x17\xbe\
k@+\x0b\x06`\x95\xebBr.\xa1\x00\x02\xae\x97\
)Zpa\x89\x9b\xb6\xad\xa0\xd8\x07(\xa9\x90\x86c\
\x00\xc4\xb2mH\x8b7Y'\xd0!\xb2\x5c\xdf47\
XB\x9e\x0b!\xa0\xd9\x0eL\xfb<\x0a\xc1_\xb4F\
\xcd\xa3y\x1e\x9a\xed\x0a\x09\x8b`\xec\xda\x11\xc4#1\
\xe4s\x1dcd\xd3.\x81[\x08E\x86\x14\xa0\x85\x00\
\xd6\xcc\x8d\xb7\x0c\xd7:M\xf9\xb7\xd0\x99Zv\x8c\xeb\
\x96\x80\xcf6\x92L\xd3dy\xb4\xe2\x09\xb2\x7f\x89&\
\x86\xf2i\x86\xe2Y>\x7f\xb4\xa1\x01/n\xdc\x84\x07\
\x9f\x9c\x86\x9f?\xf0\x10\x9e\x5c\xb0\x10\xeb\xb9\x1fp\xa0\
\xa1\x11\xcd\xca\x82[V\x81\xb6={\xa2\xff\xa8\x11\xf8\
Lq\xad\xbc\x00\x00\x10\x00IDAT\xe2\xb7\xbf\x81\
\xbb?\xffi\xf4\x18\xdc\x87m$s\xa9\x9b\x82\xf2|\
8q\x0b\x11\xb2\xe0\xd3'NA\xb1\xdd\xaa\x92rx\
-Y\xac^\xba\x12?\xf9\xf6\xf7\xb1\xff\xed\x9dx\xfd\
\xc5\x8dX0\xfd\x19d\xea\x9a\xa1[<\x14'\x0a\x11\
\xb1\x1c\x98P\xdbVFn\x0aq:N\xcb\xa2\xce\x12\
Ts\xf2\x91\x1aRIP<<*\x18y\x82\xb2\xf1\
\x99B\xab\xab?M}\xe5Z\xf1\xbe\xc9\xe9\x9a\xa2\xb9\
(B+\xa4\xea[\xb0y\xc3&l\xa2\x0e\x82T\xd8\
\xfc\xc1\x8b\xc3uKSOR\x8c\x86\xe0\xda(oS\
\x8d~\xa3\x06\xe1\x8a[\xae\xc1\xd7~\xf8-|\xef\xd7\
?\xc4g\xbe\xfde\x5cx\xed\xa5\x8c\x82\xdaSO\x1c\
x\x96\x87\xb6]\xdb\xa1\xff\xb0Ap\xf2\x22\xb9b\xd2\
\x10-\x04\xd9\x98\xedb'\xd3w\x0f>\xf0\x00\xe5\xdf\
\x02\xe5\xd8h\xdb\xa5\x13\xc6_8\x01\x85\xcc\x99\x13,\
a\x99\xb5\xe4z\x87\xd47\x8f\xce\x22Fg\xba\xfe\xf9\
\x17\xb0\x89\xb9\xf7T]\x1d\xb4q\x1a^\x96\x00,r\
s\x13\xac\x1fpn\x9ast\xb9\xd6\x8e\xe3\xd2\x063\
\xf9\x9d\xbbu\xed\xd5\xbau\xdb\x9b\x9e|\xf2\xc9*|\
\xc0^\xf2\xaf\x1a\x8f\xf8Kk\xff\xc5\x15\xdfo\xf0O\
~\xdfw\xdf}\x89\x9a\x92\xea\xb1}z\xf7\x1e'\x95\
\xaaJ\x13\xf0\xa8F\xf4\xde\x02\x1e\xbd\x9f\xa2\xd2\x8b\x90\
*\x15\xf2!\x1a\x0c\xad\x18\xa0\xf7\xdf\xbfs7\x16=\
3\x0f\x01\xd9\xa9\xe0\xa2\xb4\xd4\xd7\xc309\xb3\xfb\x0e\
\xb2N7\x11A\xfb.\x1d\x19\xfe\x8c\xa0\xf2\xb4\x82\xf9\
\x8c\xeb\xb67\xdf\xc6J\x02n\xd6\x18\x9c\xb4\xe1\xfc\xa1\
\xed\xf7\xc3*\x0db\x00,*y$JEe\x97\x11\
'\x828\xcf\x09\x09h\xaek\xc4\x0bKW`\x0d7\
\x88t\xca\xcf\xfd?R6\x01'\xc6Ewm\x07\xc9\
\xe6f>+\xe1F\x1c\xda\x88\xc7sA\xdd\xd7\xb9s\
\x030&4\xf2\xc8\xbc,-\x90iJb\xf3\xcb\xaf\
`\xd6\xb4\xe98v\xe0\x104Y\x9aOv \xa5D\
\xbfA\x03p;\xc3\xd5\xa2\xf2b\x82m\x06F\x81}\
\xa1i\x17!\x1c\xa63\xf2\xf2\xf3a\x80\xf7\xa2\x0b.\
B~4\x0f\xf3f\xcd\xc1\x83\xf7>\x90\xfbc\x86l\
C\x0b24\xa6\x88\xb6r \x1e\x8fF\x11a\xe8\x9e\
&\x83\xb0\x5c\x07V\xcc\x85K'P\xd5\xb6\x0d.\xb9\
j\x12>\xf6\xd9\xcf`\xe49\xe7\xc0\xca\xcfC\x03\xd9\
]\x03\xc1`\xf7\xd1\x13\x98\xbdd9~\xfc\xbb\xdf\xe3\
!:\x84M\xdc\xf4i\xa4\xdce,\x0e_9\x04\xdb\
\x18\x02\xe1\xa0!\x99\x85\x1dI \x00\x81\xd6R\xd0\x1c\
c@\xa6\x1f\x10\x0c\xb46\x8b\xa5s\xf3\x07\x9d&\xf8\
^\xb0\xa6 \xd0\x9a\xf7\x22w-\x00\x18\xb2j\x82r\
\x08\xc1\xe7e\xae@H\x08\x02\x99\xa2L5\xcf9\xa4\
\xdc\x92\xff\xe7\xa3\xe03\x16\xef\xfb\x06\x9c\xb3\x19h\xa6\
\x9a4\xc1T1\x85 \xb9.\x08\xd9&\xbb0G\xc1\
u\xb6,\x07RZ\xe0P`\xfa\x94\xc2\x22\xb8\xfb\xf0\
\xc8\xd6%u\xe1\x8f\xfd\xf9|\x1f\x9a\xfa\x0c\xbf\xa5\x13\
\x85\xe6\x9c%\xf5\xc0\xe6\xfc5\x9d\xc3\xe1\xd3\x8dX\xb8\
j\x1d~\xf2\xc0\xa3\xf8\xf5\xd4iX\xceu|\x87\x9b\
t\x87\x08\xea\x8d\xea\xff\xa3\xee?\x00,\xa9\xae<O\
\xf8\x7f\xef\x8d\x88\xe7\xd2g\x96\xf7\x1eWPx\xefA\
\x08\x01B \x90\x04\xf2\xa6\xd5j\xb5\xba{zw\xcc\
\xce\xeeL\x0f3\xbb\xdf\xee\xec\xce\xec\xf4\xf4Lk\xba\
%\xb5\xd4\x92\x102\x80\xf0\xde{\xef\x8b\x02\x0a(\xca\
{\x97>\x9f\x8b\x88\xefw\x22\xab\x10RK\xd3\x12\x02\
i6\xea\x9d\x0c\x7f\xef\xb9\xc7\xfc\xcf\xb9\xe7\xbe\xcc\xf2\
\x8a\xa7\xf4\xe9\xc0\xe3\x8e\xd4W\xfe\xf9\x9f\xeb\xcb\xff\xec\
kZt\xe42\xb5\xaa\xa9&\xa2\xba&\xb2\x09\x95\x00\
\xde\x0c{\xf6\xb9S\x99~\x1a\xe8l\xdb\xda\xcd\xfa\xab\
\xff\xeb?\xea\x87\xdf\xfa\xae2j\xba5_R/\xd9\
x\xc4\xa0S\x02E\xech7\x8a\xd5@G\x1d\x9d\x9d\
\xf2\xf4c\xf5\xce\x18~\xc6\xc7\xc7\xb1\xdbL\x1e\xdb\xc9\
\x91q\xca\xa2\xb1\x9c\x94p\xaf\x93gM\x1f\xf6\xdc\xf0\
\xe8H\xf1\x9c]s\xc8\xc8\xfe\x07\x8c\x87\xef{P\x19\
2\x8b\x91K\x02@F\xd0\xdc\x05\x0bHT\xce\xd0\x97\
\xfe\xe4+\xfa\xf3\xff\xed\x9f\xeb\xabd\xb2\x17\x5c~\xa1\
\x96\x1c\xbeL\x95\xa9\x1djV\xda\x1a\xd6\x84\x06\xd31\
\x0dg\x04\x95(U\x95\xa0\xb2\xfc\xb8\x15\xea\xa3\x1c6\
\xc4L\xaf\xe1[J}\xa6\xc8\x07e\x04\xb3W^\x5c\
\xa5\xfb\xee\xbe\xb7(\x89\xb9\xe0u\xd8\x11+t\x02\xa5\
\x86\xae\xden\x85R\xa4\x04r\xcaU\x82\x8f\xfa\xc8\x08\
\xa5\xbe\x96n\xf8\xf1O\xb4\xea\xb9\xe7dY.\x16\xa1\
\x16\xe0\xeb\x9d\x93WP\x14\x00Z\xf4mIT\xc6{\
\x0d\x00\x1b\xa5.<\xfc\x88\xc3?\xb0h\xce\xcc\xd3\xbe\
\xff\xfd\xef\xd7\xf4?\xd0\xe6\x7f#^\xf2_\xf7\xe9_\
\xfb\xc1\x9fk0\xcf\xaf\xf0\xb3{{\x17\xce\x985\xeb\
\x9cJgm\xa9\xf3\xfc3\xc1b@NN\xc8\x13C\
I\xedH\x01\xe7L\x01&S\xc2\xc8\xce\x9dd\x08w\
h\xd3[o\xa9\xe4\xbc\xac.\xd4\xd5QU\x88\x9cZ\
ft\xb1\xd3\xbc\xc5\x0bt\xce\xb9\x1f\xd4\xdc\x19\xb34\
A\xbdn\xd3\xba\x0d\xba\x81\x85\xaa\x1d[v(k\xe7\
8iF\xbb\xa8\xd0E\xf2>\xc8\x94gJ,2J\
\xdah\x02\xe4m\xc0p\x9c\xd5\xec\xd1\xe1QM#3\
\x19\xc7A\xbe\xf7\xcd\xbf\xd7\x13\x0f<\x22\x0f\xf0`[\
\xaa\x8fLPOn)\x890\x04\xa6\xce\xc6\xb3\x83u\
g-\xe2\xe1%\xc0\xae\x02\xf8e\x00\x92\xd5\xcb\x86\x09\
\x0e\x0f\xdew\xbf\xbe\xfd\x8doj\x0f+\xd39\xcf\x04\
\xb2\xbf\x9e\xfe>\x9d\xfe\xc1\xb3t\xe1\xa5\x17\xa9\x87\xe9\
}\xce\xb5jgM6\x85\xc2?\xd5\xd5\xd1\x09\xbf\x02\
\xa7rU\x01\x84#\x0e9L\xf3f\xcdQ%$\x9a\
\x80\xaf\x8c\x8c\xb6\x0a8\x94\xa3XI\x1c+g\x1a\x96\
\x92\x114\xc9Z\x1a\x80\x5c\x00p\xad\xdd\xb3>|\x9e\
\xfe\x90L\xec\x9c\x8b>\xa2\xfe\xb9s\x94\x02\xcac\x92\
^[\xbf\x85Z\xe6\xfd\xfa/\xdf\xfe{}\xef\x9a\x9f\
\xea9\xc0v\x0c\xa7wd\x8b\x81\xc0\x93E%\x052\
\x8b\x0c\xa3\xcfp\xda\x0e\xb2\xc9F\xbd\xad\x080\xb31\
\xbc\x932\xa2\xd7\xfes!\x87\x9fQ\xce\x18\xa0\x1cB\
P\x8e}N\xdf\xef\xea\x83\xdcRt\x14#\xec$D\
*\x93!\x95\x82G>\x99\xda,\xb4:\x0b\x14\x00h\
(\x00N\xf2t\xc4\xa3\xf4/\xc8\xc96g\xd7L\xb8\
\x5c\xd1\xbe}\xee<\xb7<\x5c\x9b\x06!\xces\x02K\
.\xbb\x16Q\x8eH\xd4\xf4e\xed\x1ao\xe9\xb1\x17V\
\xe9\x9bW\xfdD\x7f\xf9\xad\xef\xe8\xc6\xfb\x1f\xd0\x9am\
\xdb\xf5\xea\xe6Mj\xd7*\xaa\x02@\x87\x9f~b1\
\xfd\xfe\xf8\x1f~V\xb3Y\x10\xf5\x9d%\x95;\xab\x8a\
\xc8\xf8\x86F\xc8\x92\xc7\xc6\xd4Q\xed(\x82\xff\xaeM\
;\xd4\x22\x18\x0b\x10\xf4\xf0.\x12\x0ba\x7f\x1e\xbe<\
|\x0aY%\xd8R\x07\x99n\x9c\x98\xcdz.\xa5\x0a\
!(\xa1=\x07\xc7\x9eq8796\xed\xdb\xecl\
txD\xd3\x06\xa6\xaa>:\xc1lpD;\xb6l\
\x93\xd5\xfa7\xac\xdd\xa0\x08\xfb\x0f\x8c\xcd\xbe\xba\xd6\xd3\
\xd3\xa3\xcb>\xfbY}\xfe\x0f\xffP'\x7f\xe0l-\
<`\xa9J]U\xb9J\xa4v\xe2\x08\xba\xb9\xb2\xe0\
\x94'\x92+;\xb9\x92/(\x0d\x99\xa61+[q\
,\xc0;\xadO\xe3-\x96*c\x8f\xab\xa6J\x19O\
9$\x94\xe7\xee\xd2K\xcf\xbdP\xe8\xc1\xec\xf3\xac\xb3\
\xcf.\xc07\x22I\xb1\x12\xc8(3\xd5N\xc6\xd6\x22\
\xb0\x98\x1ewl\xda\xa4G\xee\xb9G[\xf1\xf1\x8cD\
,\x89#\xe5\xcc>\xf2\xc2\xb6\xd0H\x14\xcb\xc0W\xd8\
c\x9c\x18C\xce\xfbRy\xc9\x8c\x993/\xe8/\x97\
\x17^q\xc5\x15^\xef\xfb\xe6~\xad\x1e~\x07\x8c\xfc\
Z|\x14\x0f}\xfb\xdb]=\xb3\xe6\xcf9}\xda\xf4\
\x99\x87G\xe5j\x07\x8ej~ \xb31{ \xf8 \
\x8f!y\x1c'\xc2\x98\x12\xb2\x9f\xe6\xe8\xb8\xee\xbf\xfd\
N=\xc7\x8asJ\x96\x9b\x11\x01#\xef\xa9%M(\
\x0fR\x89)N\xb9\xb7C\x87\x91m\x1cr\xd4\x11\x00\
PIC\xbb\x06\xa9\xcb\xde\xa3\xd5\xd4\xae\xec\x9b\x07\x01\
\xd0hc\xd4c,\xa04Y-wQP\xc0p}\
\x12\xa4\xd8\xa9\xeds\x85R$\xba&{\xee,\x1cc\
\x84rDL\x069A\xfd\xf4\xba\x1f]\xab\xc7\xee\xb8\
W\x19\x8e\x97d\x91*QY\x11\x9d\xdbT0\xa2m\
\x87\xd3tT\xca\x12\xc07J}\xd1\xc0\xafJ\xa6\x94\
r\xfe\x14\xb5d\x03\xff]\x04\x8ez}\x5cq)V\
\xa5\xa7\xa6\x13?p\xba\xce\xb9\xe8<M\x9d;K\x1e\
^\x14\x1cn$\x1c+W\x8c\x1c\x0c\xb0[d\xe8\x19\
@h5P\xcb\xda\xb7n\xd8\xac\xd6DS\xf6+\x9c\
9}\x12\xa1\xc8&v\xc8\xc1\xbf\x01\xb6-8y\xda\
\xef\xa4\xdev(\xd3\xbf/\xfe\xe9\xd7t\xf1\xe7>\xa3\
9,|\xb4\xab%\x0da\xc4/\xaf[\x07\xd8\xde\xab\
\xbfd\xda\xfc\xd3[\xee\xd0*j\xc4\xa3\xf4\xe1\xcb5\
\x1c,\xd1H\xbd\xa5\xa1\xb1\xba\xacy\x07\x1f\x06\xa80\
\xa5\x0c@\xb0\xcc\xdd\xe1\x04\xd6/\x1e!\x01\x84F\x05\
\xe7\xfb\x8e\xed|\xff=\x07p8t\xa9w\xec'\x8f\
\x1d`\xf9\x9b\x11CT\x82\xde\xca\x06@d\xd7\xad\x89\
qd1!\xc7\x98\xaa\x8c9\xb8\x5c\x8e`\xf33\xca\
p\xf8\x5c^\x92wB\xb5\xf9>\xca\xf6\xed\xb9\x06\xc0\
\xf1\x9a&\xb7\xe2I\xc6\xe4\xd1\x03#r\xec]\x100\
\x87}$\xca)M4C\xa2\x1d\x00\xe5\xb3\x04\xa8\x9f\
P\xfb\xfd\x8f\xdf\xf8\x96^`\xb1\xf1\xa1\x17\x9f\xd3\xba\
\xc1\xddjTc\xc5S{u\xd4\x07N\xd5\x17\xff\xe9\
\x9f\xe8Bj\xa1s\x0e\x5c$W\x8bU\xee\xae\xaa\xab\
\xafGE9\x05[\xac\x12\xd0Z\xecC\xe6\x15)(\
\xb7\xc4\x00Y\x19\xaf\x88\x0b\xf9\xb7\x0b[\xb1L\xd5\x07\
\xecT*@-\xc0\x97\xd9\xc7~\xbe\x1d\xd7}\xe1A\
\x19\xe3\xcf\xe53\xc9ftM\x92\x83\xde\xae^\x0d\xef\
\xde\xab\x1b\xae\xbd\x8e\xb2\xd4*\xfa\xa1'\xec5!s\
,%%\x0dQ.y\xe6\x89'\xb4\x03\xdb\xcc\xbc+\
xKi\xabi\xc1\x9b\xb2C\x0bj\xa7-e\x9c\x9b\
\xce\x03\xcf\x04\xef\x95\x00\x88\x9d]\x1d:\xe2\xc8#\xd4\
M\xf6\xda\xe0\x19\x87n\xec\xb1\x8ej\xa7Z\xcc\x8a\xf6\
n\xdb\xa5\xfb\x99A\xbdF\xd6[&\x80\x0fP^8\
\xfe\x94\x135\x83\xc0ok\x16=\x03}\x9a\xa0\xee\xdd\
\xdd\xd9\xa9Q\x12\x13\x1cZ/?\xfdt\x01\xbc\x96T\
\xc1\x8cr\x82\xa8c|\xf6q\xc8 \x83\xb7\x9c\x93@\
\xc0\xcd\xe8\xcc;_\x9d:u\xea!3\xe6\xcc8}\
vWW\x0f\xb7\xde\xe7\x8f\xf5\xfe\x8fwa\x96\xf4\x8f\
?\xf5;x\xe2\xea\xab\xafNf\xf7/X<s\xe6\
\xcc\x13+\x1d\xb5\x05X~d\x99\xa6\x0b?c\x11!\
\xca\x005B\xd29u\x9f\x94\x85\x92\xd7X\xe1\x7f\xf8\
\x9e{\x99\xee\xefU-Jp2\xdc\x00\xe5[\x16P\
\xa7^\x99G\xbe\x00\xdc\x15'\x1d'\x8f1\xd4\x87\xc7\
\xa8\x0f=\xa9\x95\xcf\xbe\xa8\x94\xcc\xcc\xb1\x80\xa0\xb6T\
\x8aK*\x97Jdj\x91Z\x00\xef(N;B\x1d\
j\x82\xe2~\xdbe\xb2\x8c\xb7\xce\xb4\xd5jcQ\x88\
Xdk(v\x91\xa6\xf7O\xd36\xb2\xc2\xdb\xae\xbf\
E/<\xf9\x9c*\xbe\xa4\x16S\xc2\x9c\x1am\x04(\
[d\xcf\xcd8p\xe0\x1co\xf1\x8c'\xc78\xc6\xc9\
\xbe\xe4\x9c\x02\x81\xc3\xf6>\x0e*\xd7\xaa\xaaR\xff=\
\xeb\xfc\x0f\xeaC\x1f\xfb\x88jd\x09u\x0c\xd6\x9c\xaf\
\xc1\xf4\xc9\xf0\xacZ\xad\xca\x1c\xb0\xc5\xfb\xb6\xc0\xb7w\
\xd36\xdd\xf9\x93\x9f\xea\xbe;\xef)\x1c\xa8]oj\
\x82l\xbc\x83\xe7,P\xb8R\xd0\x04\xd9\xad}%\xa7\
\xd6\xdf\xa5\x03\x8eX\xae\x0b/\xbbD\x1f\xff\xe2g5\
\x9f\xd5\xe6f\x12d\x7f\xdb`\xd5\xa6\x8d\xba\xe5\xc1\x07\
\xf4\x83\x9bn\xd2\xf7X${k\xebv\x16\x00\xc7E\
\xe5\x04\xca5n\xa0\x8aC'\xb4k:1\xb0\xf5\xf0\
\x1fy\xa7\x9e\xce\x9a\xfap\xb2\x92\xcf\xe5\xe1\xd7\x9c\x9c\
[6,\x08eirs\xce\xc9\x15\x87\x0e\x00pB\
\x0c\xf6)\xae\xf0&\xe7\x8e\xebvj\xc6\xfb\x9bQ\x0e\
\xa8\xb7\x99\xf9\xd8\xec'\x07hK\xe8\xbaRJ\x94\x01\
\x0c\xa3\xc3C\xc5\xde!\x7f:\x81\x07\xda\xf6\xf4\xe3\xa4\
\xa2C\xf4+\xa0\xf4g\xc4\xfd\xe2\xdc\xf6\xfa\x85\xcdq\
\xce\xcb\x80\x93 \xcb\x84\xc1B@0Sf\xe3C\x9f\
Y\x14k\x0f\xfaY\xb3u\xab\xfe\xea\xdb\xdf\xd1\x0fo\
\xbeEW\xdfq\xbb\x1e_\xb5J\x83\x8c\xb8U\xad\xa8\
w\xfe\x5c\x9d\xfc\xa1st\xe9\x17>\xa9\xb3/:_\
\xbd\xb3\xa7i\x10{\xb3\xcc\xb1T-\xcb\xbeY\xc2\xa3\
\x0a\xd8K\x08A\xa2m\xb3\x9b\xcc\xc1\xa5\xcb\xd5f\xbc\
Q\x1c\xabL[9\xc1\xdbqM\x8c\xcf\xe4\x901~\
;\xf6\x9c\xf3f1DKT&\xcf\x9d\xaa!\x96#\
xf\x8d\xb4\xf8j\xd8\xc3w\xde\xa7@\x1d\xb7\x16\x97\
\xc5\xd4P\x13$2&\x92v\xa3\xa9'\x1e{\x5c\x0f\
\xdc}\x8f\xf6\xd8_DC\x1c\xb1\x8f\x09\xfa\x89\x12\x97\
\xa8B\xa0\xe9\x80\xaa\x80f\x05\xa0.\xfbDQ\xe6\x95\
73E<7\x7f\xee|\x9dt\xe2I\xeac\x8d%\
\xe03c\x94F*,Xf\xf5T\x1d\xa1\xa2\xado\
n\xd0cw\xdf\xa7\x1d,\x80\xdb\x18\x0fZq\x98\x8e\
\x02x\xe3\xee\xaa\xc6\xccf)\x839\xef\xd5U\xebP\
/v7\xb4c\xbb\x1e\x7f\xe0\x01\xbd\xfe\xd2J\xb5G\
\xc7\x08 \xb9\x1c\xffr\xc6\xe9\xf0\xaf\x14E\xb4!\xef\
#e\x12\x22\xc8C\xb9V\x9d?w\xde\x9cS\xa6\xce\
\x9e~\xd0\xd5`\x0c\x97\x7f\xef\x1f\xff{\xe7\x00\x06\xae\
\xb8\xe2\x0a\xdf\x1f\xc7s\x16/Zp~o\x7f\xff\x91\
Q\x1c\x95\xcc\xc0\x84\xc0MY\xb6@\x90\x818\x1e\x01\
\x0b\xa1:,/p\xbc\xf5\xaduz\x18\x83\xd8\x05@\
\xd8t:\xc20K\x18|\xab\xd5TGg\x0d\xfbi\
k\xee\xe2\x05:\xe5\x03gj\xfa\xfcYj\x02\x9a+\
_\x5c\xa9\x87\xee\xbd_\xc3\xbb\xf6(!3\xa9\x93\xb5\
\xc5\xbc\x13\x5cP\x0a\xb0X\xbf>\xf22\xc0\x0a\xe5X\
\x06Zm\xd2\x83&\x86\x9c\x00\xcam\xc0/G\xc1S\
\x06\xa6\xa8E&b\x7f\xc3\xb4\x96th\xe7\xe6\x1d\xba\
\xfb\x96;\xf5\xca\xf3/\xab\xcd\x82H\x9c\xc7\xca[N\
\xc2\x98\xcd \x9aVg\x82\xe7jg\x87\x1c\x91x\x94\
\xac<\xa1\xccp\xd8\x91\x87\xeb\xdc\x0f\x9f\xaf\xe9sg\
k\xc6\x82\xd9:\xf7\x92\x8f\xe8\x94\x0f\x9d-\xdf\x91(\
-y\xc5\x8c\xa3I\xd4v\xf0\x97\x90}(\x95\xca8\
\x87#\xf3\xd9\xb0f\x1d\xab\xcd\xb7\xea\x91\xfb\x1e\xd0\xd0\
\xce\xbd\xb2k\xb5rM\x91\x8b\x18kKuV\x9d)\
\x14*\xea*S:\x98\xa6\xc3O>V\x97\xe0\xe4'\
\x9dw\x96JSz\xd4,GZ\xcfJ\xfa\xfd\xcf<\
\xa5\xef\xfe\xf4Z}\xf7\xfa\xeb\xf5\xd4\xea\xd74\x11\x22\
\xe5\x8c\xd5A>\x89%\xe4#\xae\xa5y.[T4\
#\xcf\xc9\x1a=\xcc\x94\x82\xd3Bx?\xf5\xc4c\xd4\
]\x8a\x14Q6\xf1\x0eg@\x17\xce99g\xe4Q\
e\xe0\xd8K\x0e\x92W\xfe6\x05\x8e\x8d\xb8\xe6\x9cl\
s\x5c\xf9MI\x80\x90\x81-\xec(F\x7f\x09\xc1\xc4\
\xf8H\x09\x02%\xc6\xe0\xed\x86\xcbh>\x93\xd5\x9bs\
\x8e\xb3}\x94\xcb\xae#X\xc6\xa3\xb7\x8f\xed\x9aQ\xce\
;\xbf\xf81>m\x1c\xec\xe9\xd7\xde\xb1\xber\x8e\x0d\
\x0c\xdb<\x9e\x1b\xb0Qsocc\xaf\xac]\xcf\xec\
\xe1~}\xe7\xeak\xf5\x13\x16`_xs\x9d\xf6\xb4\
2\xb9\xeeN\xcd?\xf4@\x9ds\xe9\x05\xfa\xe8\xe7.\
\xd7\xb1\xa7\x9f\xa4*\x81q\x9c@\xdf\x84\x17\xf0K-\
\xe5Ji7C\xa6\x19\xf2\x99\xdc\xc3\x13]\xc7L\xc5\
\xcb\x95\xb22@7\x0aA\x1e\xd9rY6\x932y\
 Q\xcap\x92\xedy\x1d\xf0\xcd\xd1\x8fTR\xa4N\
\x97\xe8\xd9{\x1e\xd0=\xacI8\xea\xac\x15\x87\xbd\xb2\
\x8f\xb1\xb3\x0a \x9aR\x9e\xcaX\xccm\x03\xceO?\
\xfe\xb8\x1e\xbd\xffA\xb5lf\xd5v\xca\xeb\xb9|\xd3\
+i\xc7*\xb5\x82\xe2\x09\xa70\x96+\xd4\xa5\x88\xeb\
\xed\x91\xbaF\xf6\x8ch\xcf\xf6=\x9a7s\xaeJ\xcc\
\xfcZ\x94\x152|7e\xdc\x09\xfd;\xa2y\xd2t\
z\xe3\x85W\xf4\xf4\xa3Oh\x02@\x8e\xf0\x87\xa3\x01\
]\x9b\x91fqPB@\xd9\xc3bx)\x8a\x94H\
\xca\xa9\xd7\xef\xa2^n\x7f0}\x1bI\x82\xf7\xa1\x18\
\x13\x22\xc2\xb6\x1c\x9a\xcb\xed\x90\xe3 \xcfMx\x14\x1c\
\x00\x00\x10\x00IDAT80Wy\xef\xab$\xb9\
\x87\x1er\xc8\xf2\x0f\xce\xa8\x86\xd9\x8654\xf5{\xfd\
\xf8\xdfk\xef\xfb:?|\xce\x9c\xda\xb4\x993\x8fe\
jqV))\xcd\xe22\xd2t&09\x807\x03\
p\x9d\x840\x11<\xc0\x985[E\xa6\xf9\xfc3\xcf\
R\x17zN)%\x85\x9c\xec4\xf2Nf`9F\
X'J\xce[\xb4@\xe7]\xf4a\xcdZ0G\xb6\
z\xba\x8e\xa9\xf3\xa3\xf7?\xa0\xed\x1b\xb6\xca\xa2\xb10\
\x84\x9eN\xa6t\x18W\x0b0\xb5\x0e0g\xb2\x88\x94\
\xe47\x93\x8b\xbd\x22\x807\x18\x980E\xb5\xfb)\xbc\
\xb4\xe9\xabE\xa6\xed\xe5\x14\xe3T>\x83;<\xed\xcd\
W\xdf\xd4-7\xdc\x02\x00oWF\x16!2\xa1`\
\xf71\x00\x87\x81x\xc0k\x1c\xc3\xad\xc3\x7f\x8d\xc5\xaa\
@\xed\xa9\xc6B\xd8\x99\xe7|@\x17\xb3\x90u\xe6\x07\
\xcf\xd1\x89g\x9d\xa6nj\xb8QwEcjj\xa4\
1\xae&\x0b\x88\xe5J\x95\xc1\x8b,\x04\xcbf\xba\xbf\
\xee\x8d\xb7t\xeb5\xd7\xeb\xd1\x07\x1eV{\xa2%1\
\x86\x88~\x84a;\xe7\x00\xdd\xa6\x9ayK\xd5\xbeN\
-:x\xa9>\xfe\xf9O\xe9\xc3\x9f\xbaT3\x97,\
\x90\xa7\x8e\xb8\xab>\xa2G_|VW^\x7f\xad\xae\
\xba\xe9z=\xf3\xfa\xab\xda\x0b@\xd5\xa3H\xe3\x92\xec\
\x1b\x089<\xbb\x18s\x0f^m\xc6\x9d\xe1\xfc\xce3\
f\x1c\xc2)\x95\xc8F*I\xd0\xf2\x03\x96\xe8\xb4\x13\
\x8e\xd1\x8c\x81n\xe5\x06\xf4\xf4o\x06\x9f#\x1f\xc9\xd3\
\x9aSqN\xb0\xca9\xcf\x15$\xe7\x95\x17\x14d\xe7\
vl\xcf:\xdeq\x12?\x7f3\xf2\xd8I\x9cD\x88\
\xa1\xa9ZgE+\x0e?T'\x9fz\x92\xe6/\x98\
\x8b3\xb6\xe9\x1f~\x01\xd9\xdcg\xf4\x97s\xcd\xf6Y\
\xb1\xb7\x9f\x06\xc2\xe2\xfe\xcf(\x97x\xf2\xe7\x89K\xc5\
g?\x87\x12\xc9=\x94*Cv\x19e\x0d\xc4\xa3\x18\
\x19\xca9M\x10\x94\xf3\x08\xf9Q\x07\x1f\x03lV\xaf\
\xdb\xa4\x9b\xefy@\xdf\xbd\xfa:\xdd\xf6\xc0CZ\xb3\
m\x8b\xf6\xb4\xc7\x15z\xaa:\xe2\xa4c\xf4\xd1\xcf^\
\xa6s/\xfe\xb0\xe6/],_J\x84q\xc9@\xbc\
\x89\xdc\xb3\xe0eY0\x98\xa7\xd4K\x19\xed'\xd8O\
\xa5RU\x8ep}\x08\xf2tn\xc4\x059\xbb&\xc7\
?\xc1\x9f&\xcf3\x15 \xec\xe0k\xcd\xcaWt\xef\
\xcd\xb7i\x88i~'A<`S\x15l5\x03x\
s\xee\xc7\x04n+\x8d\xa5$\x0b{(/\xdcy\xeb\
mz\xe6\xe1\xc74\xb6kT\xa3;F\xb4s\xdd6\
\xad\x7f\xe5-\xbd\xfa\xcc*=\xf7\xe0Sz\xfc\xee\x87\
\xf5\xf0\xcd\xf7\xea\xeeko\xd1\x03\xb7\xde\xab;\xae\xbe\
Q\xd7\xff\xf0Z\xdd\x7f\xd7\xfd\x1a\x1b\x1c\x01\xec\x83*\
$\x04m\xeaR\x19\xbeVR\xa4l\xac\xa1\xf1\xddC\
Z\xf9\xd4sz\xed\xe5W\xb0\xd9\x86\xfa\xa7M\xd11\
'\x9f\xa8\x05\xcb\x96\xe0\x83\xb9\x92\x12A\xc5|\x9e\xac\
\xbb\x1a\x22\x12\x8bT\xab^|Q\xcfR\x96\x1b\xa5\xfc\
a\xf6\xee\x91\xc5\xa4\xaa\x9cl\x8f\x0b\xc89/\x87\xfd\
\xe6i\x16\xe28\x9a3k\xce\x9c3\xa6\xcc\x9e\x7f\x82\
a\x8d~\xcf\x9b\xff=\xf7/R\xfeP\xed\xed\x9d=\
0m\xdaq\xa5\xa4\xb2\x04c*\xe5r\xca\x90^\xb1\
\xc7x2\xc8{\xcfU\xae\xe0\xfc\x0eZ\xf3\xf2\xcbz\
\xea\x81\x07\xc9Xw\x03\xa0MU\x00\x82\x0c \xccx\
3*E\x12\x80y\xda\x99g\xe8\xe0C\x97\x83}\x91\
v\x0f\x8d\x16\x8b\x05o\xbc\xf2\xbar\x1c\xc0\x00*E\
\x99\xde9\x1c\xb5\x8d\x823Yf\xdb3\xb5\xaf\xf8r\
\xf7\xc9g\x9d\xaa\xf3/\xbdP\x17]v\x09\xfb\x8f\xe8\
\xf4s\xcf*\xc0k\xca\xec\xe9\x8a\x98\xfeY\xa6\x1aY\
\x06\x05_\xa9\x19QHd\xb5*\xfb\xd5\xc9\x9b\xaf\xbb\
I\xebV\xafQF\xed\xca\xb5\x8d\x95Dy\xe6\x14\xcc\
\x08\xb0\x08+Qx\x1c\xb3\xc1\x02]\x06\xfeT\xba;\
t\xe2\x19\xa7\xea\xb83OQ\xb9\xa7SV\xd6\xc8\x22\
\xc7\x8b\x81\xd1H\xce\x05\xb5p\x86\x94\x92E\xc8\xbc^\
%\x9b\xbe\xf9\x9a\x1b\xf5\xfc\x13\xcf\xaaI\x1d:\xc5I\
\x12\x00=G.\x0d\xb2\x81:\xb5\xb0,\xe4\x9a\xb1p\
\xb6\xce\xb8\xe0\x83\xfa\xf0e\x17\x17mwN\x9f\xa2\x11\
\x80x5Y\xc2\xb5\xb7\xdf\xae\xef]{\xb5\xee\x7f\xea\
\x09m\xde\xbbW\x83\x04\xaeQ\xc6\xe1\xcaey2\xdc\
\x0c\xf9\x8b-\x872x\xce9\xf7^\x8a\x83W\x0a\xb0\
\x96\x01[GV\xdb\xd7U\xd5\xc1\xcb\x16i\xfa\x94\x1e\
-]4\x17\xe7n\xca\x01>Bg\xc6|n\xefr\
\xccG\x1c\xd2\x0a\xe3\xc2!r\xc6\xa4\x82\xbc\xc4\xf9\xcf\
\x93=3IrN\xff\xf8?\xcf3Rp\xb9J\xf0\
\xb5p\xfe<}\x88@\xf6Q\x02\xee\x11\x87-WG\
\x951q\xcfA\xc5\x83\xb6\x87\x13\x1b\xd3~\x12\xd7\xf2\
w\x92\xdd\x7f\xe7yq\x8cO;H\x93\xc4N\xd6\xa6\
\xe7Y\xa3\x1c\xf9\x1b9;\x8f\x229@\xc2\xcaBq\
\x19`\xc4>\xea\x94\xb2\x86\xc9\x1c_~}\xad\xae\xbd\
\xf9\x0e}\x9f\x05\xca\x87\x9f{V\xdbG\x875\x11\xa4\
\x81y3u\xe6G\xce\xd7\xc5\x9f\xfe8Y\xef\x09\x8a\
:J\xcac\x01\xb6\xb9\x1c\xf6\xec\x823\x91\x8aNe\
\xf2\x8d|\xa4r\x92\x18\xeb\x05\xb0\x020\x5c\x97\xec~\
\xee\x9c\x8cd\xb2\xcd\xb9\x94\x89gr\x85\xcc\xc9JR\
\xf7\xdct\xbb6`\xa3\x15\xdahaC6#3)\
Ff\xa3(+rN\xde\x14\xd6\xceT\xf6\xb1\x86w\
\xef\xd1\xad\xd7\x01\xa4\xdf\xfb\xa1\xae\xf9\xf6\x0f\xf5\xc3o\
^\xa9\x1f\x1b}\xeb\x07\xba\xe6\xef\x7f\xa4\xeb\xbew\xb5\
n\xb8\xea\xa7\x05\xd0\x1a\xd8\xdeE\xfb\xf6\xfd\xf7\xe7\x9e\
~N\x0d\xfc\xa0\x8d\xafY\xf2`\xccf\xd8k\x89~\
\x13\x92\x12a\xd3\x9b\xdf\xda\xa8\xa7\x1f{J\xdbX\xd0\
\xcb\x90\xd9\xe2\x83\x0f\xd21'\x9d\xa0rGU1\x99\
<\x8aU\xf0\x0e\xe0v\x12\x09O}x\x98\xb2\xc8\x83\
z\x932\x83\x9d\x1b\x1e\x14A\x86gl\xec\xe6_\xa8\
B\x8e\x7ffty\xa6R\xe4\xc3\xd2\xfe)\x03\xa7T\
\xfb\xfb\xe7\x93\xedF\xfa=n\xfe\xf7\xd8w\xd1ui\
d\xa4\xda\xd37eE%\xa9\x1c\x11\xa2\xb8\xc3\xf4L\
\xd0%Kh\x91K9\x0c\xc73\xa5\xad#>\xdc\x83\
)\xbe\x09xd\xd7.=\xf7\xc8#Z\xf7\xca\xab*\
3\xf5.3\xd5M|&\x07\xc2\xb5\x5cS\x8d\x90j\
\x19\xf5\xca\xc3\x8f;F\xe5\xbe\x01\xb5Y\xe0Z\xf5\xc4\
\x8bz\xe9\x89\x174>8\xae\x02p\xe9\xc8\x01\x9a\xa3\
i]\x13\xbc\x03\xec\xeb\x90\xe3\x0e\xd3E\x9f\xbdD\x97\
\x7f\xf53\xba\xe8s\x97\xeaC\x9f\xbaHg\x5cz\xae\
N\xbb\xe4\x83\xfa\xc0\xa7>\xa2\x0b\xbft\x99.\xfa\x83\
\xcbu\xe4Y'\xaa4\xb5K\xad\xd8a\xab)\x86\x9e\
\xd3GCS;{\xd5\xd8=\xa6W\x9f^)\xfb\x9f\
\x15v\xac\xd9\xa4\xd0\x90\x9ac-\xc5QE9N\x97\
c\xc4\xa5\x08Or\x19\xef6\x85E+\xabHY\xd5\
\xa9\xd2\xd7\xa1,d\xcaq\xadv\xa3)\x86\xa1\xc4\xc5\
\xf2\xd4\x86[\xa3M%yIk\x9e\x7f]7_u\
\xa3\xd6\xbd\xb4FnL\xaa\xb8\xaa\xda\x18n\x8e\x11\x8f\
\x93m\x8d\xe7\x0d\xf9\xceH\x0bV,\xd5\x99\x17\x9f\xaf\
\xb3.\xfd\xb0\x16\x1e\xb9\x5c\x83\x84\x95mc\xc3zt\
\xe5\xcb\xfa\xde\xf57\xe8\xd6\xfb\x1f\xd2\x9b\x9b\xb7\xa9\xc9\
43\xf3\xb1\x02S\xc0(.\xa9\x01(\x14\x86\xaa\x5c\
\xcdV]q\xe4\xc5G\x19\xa5\x99\xc4I\x1e\xa3\x8f\xa8\
Q\xc7\xc8/B\xf6\x0b\xe7\xcc\xd2\xaci\x03\x8a\xe0\xf9\
\x102\xea*\xa0W\xe28oL(\xceS%bl\
LU-\xc0\x15\xe0\x8d\xd3;9\x19hX\x86\x96\x03\
\xdc\x8e\xe7\x1c\xfc\xc9e\xb2\xe93\x12\x95Q\xc6\xbb\xc5\
\xa3\xf68\xc76\xcb\x00?\xf0\xb3T\xde\x07\xe5\xb9S\
\xcb2|\x9b\xca\xc3SN\xc0\x19\xa8Uu\xc2a\x87\
j\xe9\xcc\x99\x9a\xdd\xd3\xc3\xf1\x0a-\x9a9\x03>r\
\xe4\x98\xc9\xe5\xb9B\x08\xb4\x86\xe9\x13\xf1\x9c\x02A$\
\x17\x8e9I\xb4)#\xeb\x18r\xce\xa9\xe0\x9b\x8e'\
\xf9\xe5@\x99h\x88\xc7xOl\xce\xcb\x03\x16\xd6\xae\
\xbd\xdaf\xa6\xd5F\x17\x19\xe3\xb2s\x03^\x1f'\xf2\
IY-\xe7\xd5BW;Y[x\xfc\xc5Wt\xed\
m\xf7\xe8\xda;\xee\xd1\x0bo\xad\xd5(,\x85\xfe\x9a\
\x96\x1cs\x88.\xfa\xfc\xc7t\xfaG\xceT\xe7\x8c.\
\x9eg\xd6\x82\x9d\xe60Yf\xacI\x16a\x1b\x8c\x9d\
\xd2\xd8&\x16:]S\xf2\x04\xe3\xc0x<\x1d2D\
\xa5\xf4\xd3TN\x7fN\x0e{K\xe8\xdfQ\xea\x9a\xd8\
3\xa4\xfbo\xb9Kk^zM\xb9M\xf1\x15T\xe2\
\x1eCU\x0aRy\x92\x97(Ak\xbco\xedD\xf2\
L\xeb3Y\x9f;\xd6m\xd5#\xb7?\xa0g\xee{\
\x5c\xaf>\xf9\xa2\xde|\xfeUmze\x8dvq}\
p\xcb.\xed\xdd\xb2Sc\xbb\x09 \x8c\xad\x89\xfdf\
\xd8\x07\xec\xc8%\x91&\xb2\xa6\x5c\xd9\xa9\xedZ\xf2\xb1\
W\xbb\xd5\xc4>\x02\xf6[Rk\xb8\xa5\x95O\xbf\xac\
\x17\x9fZ\xc9\xa2\xd9\x98:z\x06t\xcc\x89'h\xf9\
1Gh,\x9b\x90\xfdW?y@\x0f\x8c\xdf\x81\x01\
fw[\xd7\xbc\x09\x06<\xac=[6\xcb#k\xaf\
T<\xa26\xf7=\xbc\x1b\xb5\xf0{\xb9Xr\x91s\
!\xd4*\xd5\xeaa\xd3g\xcd8f\xde<\xb2\x1c\xfd\
\xfe6\xd4\xfc\xfb\xeb\xdc\xb2\x5c\xdf\xdd=\x8b\x08tT\
\xa9\xb3c!~S\xf2\x18\xa4\x10Z.\xa7\x16\x0e\x9e\
a8\x96]\x89}\x8e1\xb7P\xd6\xea\x95/\xe99\
\xeaL\x9a\x98\xc0\x18R\x95\xbdS\xe4s5\xb3\xbaB\
5\xa8\x93\x15\xe2\xf3>\xfa\x11M\x99=K\x8d\xe1q\
mys\xa3\x9e\xb8\xeb!\x0dn\xde\xad8\x0f\x05\xb0\
\xd8t9%\x1b\xe4e\xcd\x5c<G\x97|\xf6c\xfa\
\xd8\x17.\xd7q\xe7\x9d\xa99\xcb\xe6(\xe9++\xaf\
y\xa5\xb5\xa0\xd0_Q\xe7\xdc)\x9aq\xd0B-=\
\xf60\x9d\xf3\xb1\x0f\xebc_\xfa\xb4\xe6\x1f\xb4Dc\
,\xd6\x95q\xf4$\x8ed\xd3\xb2\x12\xc6\xdf\x18\x1c\xc3\
\x88^\xd0CL\xad\xb6\xb3\xc8V\xc2\xe5\xb3z*\xfb\
\x8aY\x05p\x0b\xce\xa9\x0d\x88\xc5\xa5Xy\x94\xab\xae\
\xa6\x8c\x0f\xfb\xa5\x874kIX{9D\xaa\xf9X\
\x11 U\xc2p:\xaa\xdd\xba\xe7\xa6;\xf5\xe3o_\
\xa5\xadol\xd4^\xc6Rve\xc0.V`\x0a\x9b\
\x22\x03\x95\x82zf\x0e\xe8\xf0S\x8e\xd1\xc7\xbe\xf8I\
\x1dy\xfa\xf1\x8az;\xd4\xacD\xda\xb0w\xb7n\xb8\
\xe7\x1e]\x05\xe0>\xf1\xd2\xcb\x1a\xc6\x01\xdb\xbe\xac\xb6\
b $\x96s\x91<\x99\x877/A\x11\x95RI\
\x0d\x80sblT&\x7f\x14\xc3\x93N\x06\xbc\x9d\xdc\
\xcb\xebuU\xa3\xa0e\x0b\xe7\xab\x1cq=H\x07\x1d\
\xb0X\x03\xf4gu\xdd\x8a\xcfy6\x97g<\x09\xcf\
u\x94\x91'\xd9N\x9blZ\xf4\x91cv9\xa0$\
\x1cI8\x8c+\xc8\xb4\x9d+C>\x19\xf7'\xf7\x8e\
\xc7!\xceaR`\xbdR\xf8s\xd8H\xa5RQ\x12\
\xc5\xca\xcd\xb9\x99\xe5\xd4\xa2HG\x1et\x90\x8e>\xe4\
\x10\xf5U\xca\xea!\xa8.\xc1\x06\x0eY\xbcD]\xf4\
\xefx9\xc8\x0b\xf1\xca\xba\x8dB,\x07\x80\x15l0\
\xf6\x1c\xbe\xe8L\x92\x93 \xe7&\xf7v\x9c\xc3pn\
?$\xe5\xf6\x8f\x06\xec\xfc\xe7\xf8\xe4\x1dns\x97g\
\x8agsy\xef\x0a ha\xbb\x19\xc79\xf6\x9d\xfb\
\xa0\x8c\xbe\xc7\xd0\xc1\xfa\xed{u\xdf\xe3O\xeb\xca\x9f\
^\xa7\xdb\x1ezPo\xed\xd8\xac\x89\x92\xd4=o\xaa\
N<\xf7t]\xf6\xe5\xcfh\xde\x01\x0b\x15J\x91\x1c\
\xef\xb7\x19g\xe4\xbd*\x00\xb8\xad'\x5c\xf7\xe3ke\
\x19\xe8\xe0\xb6I\xdbn3#\x1a\x1d\x19\x87\x0d'O\
\x1f\x0dJYM2\xcb\xc6xCb\x86\xf7\xfccO\
S&xB\xf6\xcb@\x0eS\xcb\xe0\x81\x86\xd5B\xa6\
\xa9\x97\xec\x1b.\x99e\xf5\xc1q9\xc8\xfe\xb9T\x0a\
m\xa7\x12\xb2r\xe3m\xc9\x12\x00\xde\xad\x11\xb0\xcb.\
V\xc4\xa5(\x13v\x10\x03\xe0\xb1L.)\xe3U\xe4\
\xd5\xe6\xe5z\xdeT\xd3\xa7\xf2U\xcfCR\x8dr\x8a\
}\xf3a\xef\xee=j\xb3\x98\x1d\xd2\xa0\xa1\x1d\xc3z\
\xf2\xd1\xa7\xb5a\xcd\x065\xc6&\xd4\xd5\xdb\xa3s/\
<OS\xe6NU\x8b\x0e\xc6I\x00\x02\xed\xc5!H\
\x94<\xc8\xc4\xf4\xc2\xa3\x8f\x91\xe0<\xa3&\x99o\xce\
\x82icb\xcc\xb4\xab\xe0\xbc\xec+o\x019;H\
f#!NJ\xe5\xea\xfc\xbe)}\xc7\xcd\x1d\x98\xbb\
\xf0\xfe+\xae\x88\xf4{\xda\x90\xc2\xef\xa9g\xba-\x91\
\xe5\x0eL\xe9?\xb2\xab\xbb\xfb\xe4R\xb9\xdc\x8f\x9d:\
\xb3X\x87\xf1\xc6\x08J\x18\xb6\x88\xbe\xe5R\x22\x9b\xc2\
;\xe7\xb4k\xf3f\x16\xcf\xee\xd5\x16\x16'\x1c\xf7\x0d\
\x883\xb2%\xfb\xb5\xda\x8c\xd1\x8c\xb3\x82}\x16S\xcb\
\xf9K\x16)\xc2\xf1\xc6\xf7\x0e\xea\xc9G\x1e\xd3\xd6\xf5\
\x9b\x15h7mc-\x18U@\x81I\xa5\xa4\xd9\x0b\
\xe6\xe9\xcb_\xfbJ\xf1+\xb5=\xd3\xfa\x05\xd6\xe1\x10\
R\xa9\xa3\xa2\xa8\x14QSkK<\xdf6\xf0\xa8$\
\xea\xee\xebb\xd1k\xbaN=\xfb4]L\xe9\xe18\
\x0a\xffi\x94\x8b\xc6542$O\xbb\xb0\xa9a\xfa\
}\x98\xba\xdd\xbdw\xde\xad\xc1]\xbb\x15X\xf8\x8a\xe5\
q\x96\x922\xc0\xc72?\xef\xbd\xb0U\xdeuj\xe2\
L`\x82l\xfce2\xce\x08\x100'q\xcd\x5c)\
\xd3\xb3\x07n\xbf[\xf7\xdfq\x97\xd6\xbe\xfe\x86F\x87\
\x864\xc0\x8ap\x93i\xbe}\xef\xd6\xc3\xe7pc\x5c\
]d\x9cg^\xf0!}\xf0\xe2\x8f\xe8\x80#V\xa8\
\xd2\xd3\xa3\x09\xe4\xf7\xc43\xcf\xe9{?\xfa\xb1n\xbf\
\xe7>\xad\xdf\xbaM\xe3d!M\xae\x1b\xa8\xe5\xc8\x84\
\x01J\xfb\xf6\x0cU\xb65(7tww+&\x98\
8\x9eu('\xc1\xe0\x03\xfb\xd6\xd8\x98R\x00y\xe6\
\x94\x01-[\xb4P\x1d\xa5X\xb5J\xac\xe9\x03}Z\
F\x1d\xddQ^(!\x87\x1cY;t\x14\x18\x94\x81\
w\x14\xbcJ<+F\xedh\xc7;\xc99~p_\
\xb6q\xcd\xce\xc4\xdeN\xed\xb2\xf1\x97#\xb7\x1cG\xca\
\x00E\x8f\xcc\x92$Q\xbd^W\x8b\xba\xbd\x95\x14\xda\
\xf6U;@b\x06\xf5\xc0\x93O8^}=]\xc5\
\xdf\xd3X\xfd\xf2*S\x8bV\x1cz\xa8\xa6\xb2\xf0\x99\
g\xb4\xc4\xfb\x06\xda)@\xedC\xa4\x8ck\xceEr\
\xf4\xe1\xe8C\xec\xf7SN\x7fF\xce997I\xda\
\xb7\xe5y\xce0 >\xfb.\xfd\xda;{%\x17\xed\
\xc5\xb1Z\xbc\xb5{tT+\xdfxCW\xdf|\xb3\
n\xbc\x13\x1do\xdf\xa6Q\xf8\x9a\xb6p\x81\x0e=\xf6\
X]\xfe\x87\x7f\xa0\x03\x8e\x5c\xa1\xbc\x84$\xcbA\x13\
\x94\x88ZD\x8a\x06\xe03\x88\x9d\xdd|\xc3\x8d\xfa\xf6\
\xdf|C\x1bY\xa0+3+\xea-w\xaa\x0c z\
fV%\x9f(\x22\xd10\xda\xb8v\xa3\xee\xbb\xfb\x01\
\xed\xd8\xbe\x0b\xd1:\x99\x1c\x05\x1ff{-t\x96r\
5\xcd\x19\x96\x83$\xce\x8c\xdc\xe4\x9e\xf1\x8bg\x83\x0f\
\x12\x00\xdd\x06\xc8\xdb$E9\xfa5S\x15\xcaL1\
\x9e\xd4er\x89W\xc0\x1e\x8c\xa2ZI\xd5\x9e\x0eu\
\x0ftk\xb89\xa6]#\x94\xb2\xc6\x87\xe5\xcb\x09\x19\
m\xb7\x02\xf6\x95Z\xdfd\xab\xeb\xd6\xbc\xa5'I\xa6\
v\xef\xdc\xa1\x10\x05-8\xe0\x00\x9d}\xce\xd9X\x0b\
mF^\x0d|\xc4l\xc3!\x9b\x8c\xe3\xcd\x1b6\xe8\
QJ\x8c;6mV\x90W\x1c\x8c\x22M\xb2\xea\xe4\
i\x1b\x15*EW\xce\xb3EQogg\xe71\xfd\
S\xa7\x1d\xbde\xc9\xd4N\xfd\x9e6\xff{\xeaWV\
WI{k\x0b\xfb\xfb\xfaN\xea\xe8\xee\x9c\x0f\x1f\x89\
MG\xd8+CH\x1e\xc5\x97\xa3D\x01\xa5fdG\
9\x19ns\xa2N\x06\xf9\xac^z\xfa\x19\xa6\x14\x99\
r\x94\x9e\x12Q'\x88rM\x9e3E\x1eD\x96s\
\xf6\x85\x17X3J\xc7\xc6\xf5\xfa+\xaf\xe9\xd1\x07\x1f\
R{bB)F\xeah\xb8\xcaBR\x0b\xa0\x9e\xc5\
\x22\xcb\x17\xbe\xfae\xcd_\xbaHq\xad,l\x13\x9c\
kMF{L\xcd\x80\xc7(\x87\x9f2`\xe1}\xa6\
1\xfbc6\x80\x9d\x22\xe9\xc0\x15\x87\xe8c\x9f\xbeL\
G\x1cw\x94F-\x12cH\x0a\x1e\xa0\x8a1\x00\x9c\
cxT\x8f?\xf8\x88\xee\xba\xe5\x0e\xd5G\xc6\xd4\xd5\
\xd5\xab\xba}\x1d\x07\xcb\xae\x96kj\x92\x95\xb4\xc8D\
\x22\x1f+-\xca\x0e\x89DV\x11\xc9+\xe7^\xc0i\
l\x0ax\xebOo\xd6u?\xf8\x91\xf6n\xdb!g\
&\xc8\x14\xaa\x955\xd4\xb0\xde\xc4\xb2\xbc\x00\x00\x10\x00\
IDAT)g\xc9\xe1\x84M-:d\x99.\xfa\
\xe4\xc7u\xf6G>\xac\xf9\x07\x1d\xa8<\xa9h\xdb\xde\
!\xddq\xef\x03\xfa\xebo\xfe\x9d\x1e}\xe2)e.\
\xc8\xf9\x88\xbd\x17AN\xff\xdd\x8d1;\xe74u\xea\
T\x9dw\xdey\xba\xec\xe3\x1f\xd7\x07\xcf>[\x17\x9e\
w\xbe>z\xd1G\xf4\xc9O|\x5c\x17\x7f\xf8\x02\xcd\
\x06\xe8h\x11~'\xc4\x80t\xfe\x07?\xa0\x8f\x00\xfc\
\x17\xf0\xce\xc7/\xbdD\xe7\x9d{\x8e\xce\xc5q>y\
\xd9e:\x1e\x00\xa9U*t\x8bg\xf3s\xf2\x93M\
\xee\xf8\xe9 O\xbf\x01\xb2\xbdc\xb42Y\x18\xa1\x1c\
b\x95\x8c\xffr\xb9\xc2L\xa1\xae\xb4\xde\xc0\xd9\xcc\x0e\
\xea\x1a\xe8\xed\xd2\xf1\xc7\x1c\xa3eK\x97\xb2\xd88\xaa\
;\xa9Y\xdft\xe3Md<\xa3Z\x04x\xcd\x9b7\
W\xce9e\x16@\x9c/\x8eM\xaf6\xa5\x8e\x22\x94\
)G\xefF\xec\x8ac\xdbO\x92sN\xceM\x92]\
\xb1\xf7l_\x10\xbc\x16\xfb\xdf\xf0G\xee\x10\x17\xb6\xdb\
\xf6R;85\x10\xc9\xce\xa1\x11]\x7f\xfb]\xfa\x9b\
\xbf\xbfR\xcf\xaczM\xc3d\xa6-2\xda%\x87\x1f\
\xae\x8f\x01\xbc\xc7\x7f\xf0,%S\xbb\x95V#\xf4\x1b\
\xa4\xe0U\x9f\x18\x17\xf8\xab'\x1fzT\x7f\xf3\x9f\xff\
\xabV=\xf3\x92F\xc8\x9eKY,?\x91)\xa1\xe4\
PR\xc2\xe2\xee.\xddz\xe3\xedz\xfd\xb57\xd5\xc6\
\xd6BH\x14\xd1\xb6\xb3\xb1\xfb oI\x8e\xf7\x98_\
\x8e\xe5\xffl0\xc6g.\x07\xfaB\x5c6\x1f\x0d\x80\
\x99\x8cg\x12\x9c&\x80\x99\xc3GSm\x0d\xb38\x9b\
'N\x0b\x0fZ\xac\xd3>x\x86>\xf7\x95/\xe8_\
\xff\xef\x7f\xa1\x7f\xfa\xaf\xfe\xb9.\xa5N}\xde%\x17\
j\x05\xbe\xe2;J\x1akM(\x8d\xc4[me\xfc\
\x0c\xcc\x96l \xcf<\xf9\x84\xd6\xac^\x0dP\x12\x02\
H$N=\xed\x14-^\xb2D!\xf6\xca\x01\xf4&\
\xbe\x1e\xd3\xbf\xcdn\x22t\xb2z\xd5*\xad|\xee9\
5F\xc7TB\xaf\xf5\xf1Q\xa5\xf0T\xaeV\xf0\xe5\
T\x06\xb8\xe2\xb96X\xe1\xbc\x8b\xab\xb5\xda\xcc\xfe\xbe\
\xde\x13\xa7\x96\xfb\x96}\xe3\x1b\xdf\x88\x19\xd2\xef\xfc\xe3\
\x7f\xe7=\xee\xeb\xf0\xa0\x83\xa6\x94\xe7\xcd\x9c\xb3\xbco\
\xa0\xef\xc48\x89{\xc5t\xd4\x04\xebPf\x861\xa6\
\x00-\xf8(\x8bj9\xde\x16\x5c\xd0\x9e\x8d\x1b\xf5\x0c\
\xb5\xdc\x06\xd3\x89\x8cL\x8cG\xd5\x22\x9b\xca\xb0\x87r\
gM\xf6\x8d\x80K/\xbfL\x09B\xaeN\x9f\xae7\
\x00\xdc\xeb\xae\xb9V\xa3\x80O,\xa78\x0e\xf2q\xae\
\x89\xd6\x98\xa6\xcd\x9e\xaa\x0b/\xf9\x88f\xcc\x9d\xa9\xea\
\x94~V\xeb\x9b\xaa\xe2\xb8>\x89\x00\xb3\x96\xc6\xa9\x0f\
f\x00y\xb9\x5c\x92}\x1d(#\x12g\xd4\xa5|\xc8\
U\xed\xaa\xc8\xd1\x0e\x93&M?h\x91.\xfe\xe4\xc7\
4\x8f\xa9u\xd4Q\x960\xc0\x16\xbc7'Z*\x87\
2`;\xae\x07\xef\xbaO\x8f\xde\xf7\x90\x866\xef\xa0\
\xbc\xe1e\xbf)\x16<FD\xc6\xc0P\xc1\xaa\x96:\
j\x9d\x00I\x9b\xac\x84\xebL\xb9\x12\x17\xab14\xa6\
\xc7\xee}P\xb7]s\xbdFv\xee\xd1\xe0\xee\xddj\
\x12<\xba{k\xda3\xbc[y\x92)\xa3\xcb\x03\x8f\
>D\x9f\xa0\xdcq\xca\xb9\x1fP\xe7\x8ciJ+U\
\xbd\xb1e\xab~r\xd3\xad\xfa\xd1Oo\xd4\xd6]{\
\xd5\xd17E\xc3\xe3u\x8dQ_u\x00o\x9dL%\
G&\xf6\xd1/\xd9R2A\xcb\x08s@j\xd6\x8c\
\x99:\xfb\xcc\xb3d\xc0\xf9\xe9O^\xa6\xcb/\xbdT\
\x97_r\x89\xce8\xf9\x04\xf50#(\xa3\x88\x04\xd7\
\xf18\xc4\x8a\x83\x0e\xd0'\x01\xdb\xcf|\xf2\x13\xba\x00\
\xc0\xfd\xd4\xc7/\xd3W\xbf\xf8\x15\x1ds\xf4\x91\x8a\x82\
WF\xc0\x10r\xb5\x05(\xe7\x9c\x9c\x9b\xa4\x0c\xf02\
0\x0b\xb9\x08\xb4\xb9\x99CAN\x0e\xeex\xcfyE\
II-j\xb8M\x02p'c\xece\x11/\xf1\xa9\
:\xcbA\x07/]\xa8\xd3\x98u8\xf8X\xf9\xe2\x0b\
z\xf0\xc1\xfb\xf5<\x8bT[\xc8\x82\x92(\xd6\xe2E\
\x8bU\xa3\xc4\xd0\x22\xf0FQ\xa4\x10b\xdaj\xcb\xfa\
\xb4s\xa1\x0f\xb9 \xa3\x1c\xa4\xc91*\xbbg\xa4_\
\xd8\x5c\x9e\xc9H\xf4\x95\x0b\x86\x7f\xe1\xfe\xaf{\xea\xa3\
\xa0Q\x16=\xeb\xc88\xee\xec\xd48M\x0dQ\x9f\x7f\
m\xedf\xfd\xf5\xb7\xaf\xd4-\xf7=\xac]\xf5\xa6\x86\
\xb9?m\xe1|\x9d{\xf9\xa5:\xf1\xbc\xb3U\x99\xd1\
\xab\xe1\xf6\x84\x06G\x87e%\x16\x93Y\x991nX\
\xfd\x86\xbe\xfe\xff\xfc'=@\x19jt\xf3.\xd5\x5c\
E\xa54\xd6\xf0\xaea\xdd\x7f\xe7}z\xf6\x89\xe7\xe4\
\xb2\xa0\x9c\xb15\xd0\x7f\xddf<\x00\xbb\x8d=\xa2\x14\
\xe3\x98\xc9\xe4\x0e\x09:\x93\xb7\xed\x19I\xee\xe4\xd1\x81\
\x97m\xae\x18mD_\xb5ZU%\x80\xad\x89>\xc7\
\x01\xd0\xa8\x1a\xe9\xe0\xa3\x0e\xd1g\xbf\xfa\x05\xfd\xc9_\
\xfc\x0b}\xfa\x7f\xfac\x9dp\xf6\xa9\x9a\x7f\xe0B\x1d\
x\xf4r\x92\x81su\x09\xc0\xfb\xd5\x7f\xfeg\xfa\xd8\
\xe7.\xd7\x82C\x16+\x8dR\x0dM\x0c)\x03LK\
\xa5Xy\xda\xd4\xce\xed[\xf5\xf8\xa3\x8fh\xf3\x9a5\
\x0a\xd5\x9az\x99\xd1}\x98\xe0\xee\xd1Y\x8c/\xc2\x8e\
`\x11[r\x0a\xc8\xa592\xa2'\x99Qnf\xec\
9\xb2\x22\x1d.\xf8\xcdH\xaa\x1c@\xdd&\x8cx^\
p\xde\xf1^A\x9d\x1d]]+\xa6\xcd\x99\xb3\xbcW\
\xaa\xea\xf7\xb0M\xca\xf2w\xdc\xf1\xd5W_\x1d|\xbb\
w^WO\xf7\xf1\xfd\xd3f\xcc\xcc\xf3<201\
\xc1X&\x12\xa3|\xd4\x8e\x12\xda\xc2D\x94\xe0lM\
\xa6\x93/<\xf9\xa4^}\xf1E\x952\xa9\x8c\x93\x04\
\x04\x99C\x0e\x855Q\xdc\xd1'\x9fXd\xad\x16\xd5\
\xb2\xc1!\xdd}\xe7\x9dZ\xf5\xc2K\xea,UT\x8e\
c\x0c\xb4\xa4:\x8a-uV\xf4\xc9/|Z\xcb\x8f\
ZN\x86\xd1R^\x8d\x95\x95\xbc\xb6\xee\xdd\xa1:5\
\xda\x0a\x00\xde\xd1\xd1\xa1J\xa9\xac*\x8e\x9a\x00R\xf6\
\x17\xc7\xcc0\xbb\x01\xe6&YmJ\xd6\x1b\xaa\x01\x10\
\xa9k\xea\xfc\x99:\xef\xa3\x17(\x8b\x1d`=.\xb4\
\xabR\x92(v^1\xb5\xb0\xb1\x9d{u\xcf\xcdw\
\xea\xa1\xbb\xef\x97\xa3~\x15G\x15M\xb0\xd8\x100\x8f\
\x18c\xf2\xb9\x97\x00`\x8fE\xc5\x8c\xb8Z\xe9\xd4\x9e\
\xad;u\xfbOo\xd25\xdf\xfb\x91\x02%\x86\x1c\x10\
\x8fp\x96\xa9S\xfb5V\x1f\x93\xadj\xfbJ\xd0\x81\
G\x1e\xa2\xcb\xff\xe0sZz\xf8\xa1jS\xfe\x18\xc2\
\x09\x1ey\xfey}\xfd{\xdf\xd7\x0d,\xd0\x8c4\xda\
\xea\xea\x9f\xae\xe1\xb1\x86\x86\xc6'T\xee\xe8\x94\xc3i\
&\x90'\xdd\xe9Wm-\x02G\x15\xa3\xdf\xbau\xab\
\xae\xfa\xc1\x95\xba\xfe\xbakY]\xde\x04w\x19\xb2\x0c\
\x8c\xa3)\xfb\xad\xaf\x84\x06\x98\xf5\x16\xdf\x1e\xa9`\xe4\
c\x83{\x14\x05\xa9\xe4\x1d\xa3\xcb\xd4\xce&\xf4\xdcK\
O\xea;\xdf\xfe;=\xf9\xc4cjR\x12p\x85\xeb\
\xea\x176W\x9c;e\x9a$\x10\x88+\xce\x984\xf9\
\xb0\x0f>(%\x00\xa7\x04\x8eJ)\xa1\xff1\x8d\xd3\
\xdf\xc1\x8b\x17\xea\xdc3O\xd3\x9c\x993\xf5\x06Y\xd2\
U?\xf8\x816o\xd8\xa8\x8d\x1b\xd7k\xed[k\xd4\
\x02h\x17PF\x9a2e\x0aA\x1a\x9b\x0a^\x0e\xdd\
\x98\xad\x05\xc0Wr\x9a\xec\x87#\xeb\xd6H?\xdb\xb0\
O\xed'\xbb\xea\x9c\xb3]A\xef8,\xce\x7f\xdd\x1f\
92h\xa1\xab\x18\xe0j1\xe6\xdd\xd8k\x17\x81\xb1\
\x7f\xc6l\xed\xa1\x9c\xb4mpD\x7f\x7f\xf5O\xf5\xc3\
\x1bn\xd2v\xb2\xb8=\xc8\xadk\xee,\x9d\x81\x9d\x9d\
~\xc1\x07\xd4\x85\x1dt\xf7\xf7\x811i\x91\xbd\x07j\
k\xae\x91)\xaeg\xba\xf3\xba\x9bYl\xbd\x86E\xd7\
\x97\xd5\x1a\xack\xe5c\xcf\xea9\x00\xb7=\x9e*`\
8\xb1/3^\x8f\xedJ\xce9\x05\x17\x8a\xf1Y\xd6\
o2\xc95\xb99\x0el\xa4\x0e\xd9;;\x86\xca\xf8\
\x03=\xaaI\xb2c\xfc7(ut\xf4u\xea\x843\
N\xd6\xa7\xbe\xf49\x9dv\xee\x99*\xe3\x17\x13\xa3\xbb\
\xd5\x0emee\xa7\xd4\xa7j\x03\xb0\xd5\xfe.\xa5\xcc\
\xcc\xce\xfb\xd8\x85\xfa\xe3\x7f\xfag\x94N\x0eW\x0f%\
=O\xd0\xacSz\x88\x22'8\xd1K\x04\xcbg\x9f\
x\x02\xbd5\xe4*%\x1dv\xc4\x0a\x1d{\xc2q\x1a\
\x1a\x1dQ\xeei/O\xe5\x90_\x09C\xcb\xd1\xed\x9b\
\x94\x91l\x8d\xc7\x82HWg\x87P\xaf\x0c\xa4\x1b\x04\
\xe7\x10EJy\xd6\xf1F\x9d\x99\xb2\x0bQ\xa9g\xca\
\xb4\x19=\x03SN\xec\x9a9\xb0\xc8f\xdc\xfa\x1do\
\xfew\xdc\xdf\xbe\xeevV\xa6\xcc\x9a\xba\xa2\xa3\xb3\xf3\
\xd4\xac\xd5\xecw\x082\xa9V\xe5\xbc/\x94\x9f!T\
\x03#s\x16\x87\xa23\xa6\x06\xebW\xae\xd4\xc3\xd4$\
\x1b\x18gL\x84\xeb(c8\xb4\xe6q\xf4<r\x9a\
C-\xf1\xb4\x0f\x9c\xc9\xb4\xb9\xa2\xca\xc0\x00S\xfa[\
\x89\x98\x8f\xc9@\xd3\x00{ll\x04\x87k\xaa\xd2Q\
!\xc3\xbdH\x07\x1cz\x90\x92\x8e\xb2\x06fO\xd3\xc6\
uo\x90%WU\xeb\xae\xc9\xea\xc0\xc1{\xb5Q\xd8\
0\x19\xf5\x04\x8b\x12\xe0\xb9\xbaj5\x05\xa6-\xc3C\
\xbb\x8bL9\x0b\xa9\xea\x222\x8f\xecR\x16\xe7:\xe4\
\xa8\x15ZH\x99\xa2\x0d\xc3Q\x12\xc9\x00\xdb\x00\xd4\xb5\
E\x80(i\xcf\xe6\xed\xb2\x85\xb5\xc7\xc9x\x07\xb7\xed\
$\xa3\x0d\xf2\x94\x0f\x1c\xb5\xde$$\x1a\x1d\x1cez\
\x94(\x9bhj\xcb\xea5\xba\xeb\xfa[t\xe7\x8d\xb7\
i\x02\xe7sL\x07\xbbj5\x89\xfe\xdbd\x93m\xa2\
x\x9eH\xc7\x9c~\x22\x0b\x80\x97k\xe6\xb2\x85\x1a\xf5\
\x99\xb63\xb5\xba\xfb\xf1\xc7\xf4\xed\xab\xaf\xd6\x93/\xbf\
\xac\xa4\xbbG\xed\xa8\xa4\xcd\xbb\x065\x01`w\xf6\x0e\
\xa8A[-\xe4W\x01|%\xe4\x8d1\x22b\xfd\xe2\
\xd6\xdb\xdf/\xfb\xe3)Mjg\xbb\xc9\xb0\x1f~\xe8\
!\xfd\x10\xf0}\xf2\xb1Ga\xa3\x89\x5cKB\xec\x80\
oK\x0d\x16\xdb\xc6\x87\x87T\xc6\x09\xe2\xc8\x17|\x16\
r\x1a\x1f\xd2\x1d\xb7\xdd\xaa\xbf\xfe\xaf\x7f\xa5\x0d\xeb\xd7\
\xaa\x9c$\x04Rs\x81\xc9\xde\x9csr.L\x9e\xd8\
\xcf<\x97\xcfU\x10b\x04\x18\x1cW\x8d\xd8\xf1\xb1`\
Zb\x11/\xf0J\x93\x9ar\xbb>\xa1\x85sf\xea\
\xdc\xb3N\xd5!\xcb\x96j\x0d\xf5\xee\xbb\xee\xb8S+\
\xed\xabD<o\x7f\xdc~\x13\xe0\x8bQi\xc6\xf4\x19\
\x9a>c\xba<}\x1ap\xe7y\xa6\x08~K%\xc0\
\x9b1:\xe7\x04\xe7\xb2\xde&\xa5\x921\x0e\x98\xa1~\
\xa8\xb7\x09g\xe7=\xb19\xe7\xe4\x1c$\xc7\xd9\xbb\xf9\
8\xa06\xd7\x18\xf5\xf166\x10%\x15\xed\x1e\x1c\xd6\
\xe0h\x03;\xec\x97\xe2\x0e\xed\x1c\x1a\xd7\x03O<\xa3\
+\xaf\xbeV[\x06\x075\xc8t;\x05\xa0>p\xf1\
\x87\xf5\xd5\x7f\xf6\xe7\x9aI\xf6;\xca\x8cl\x8c\xd9O\
J\x90\xec&X\xa7\x04\xe7\xf6\xe0\xb8\xee\xfc\xe9-\xba\
\x9aE\xd7\x9b~x\x8d\xee\xb8\xfe6\xed\xda\xb8C\x19\
\x80<A\xfbI\x94\xc8l.B\xf6q\x88\x15\x5cD\
\xe9-SN@3\xf9x8\xb3\xf2\x8e\xe9\xc2Fg\
\xba\xb0\xc4\xc0\xc8\xcem\xb4c\xc8~\xb49\xae\xa93\
\xa7\xea\xa43O)~e}\xf1\xa1\xcb\xd4\x8c\xda\xf2\
\xb5H\xf6M\x9cr_My\xc9\xe3'mM\xe4M\
m\x1f\xde\xa3\xe9\xf8\xc8\xde\xc6\xb0\xaa\xd3\xba\xf5\x89?\
\xfc\x9c\x0eXq\xa0|\xe2d~\x19%A\x91w\x94\
\x87\x86\xf5\xc4c\x8f\xe9\xd9\xfb\x1f(\xe02\xc1n\xce\
:\xf7lM\x9f;C\x1e\xa3K\x0b\x1d\xe4\xaa\x90\x8c\
\xf94W\x0b\x19>\xfd\xd0\xc3\xda\xf2\xf2\xab\xd8f\x86\
=\x8e\xa3\x15d\x8b\x8d4\xf1\x19\x0b$>x\x95\x0a\
\xccpR;\xed\xea\xa8u\x1e500\xe5\x88\x83\x0e\
\x9a\x81c\xe9w\xba\xf9\xdfiotv5Yn\x14\
\xf5\xcf\xa7Vx\xea\xd4i\xd3\xc9r%\x9b\xc2\xe6\xcc\
\xb33\x84\x19E\x9el\xa6%d\x8fpZ\x12\xd3\xdc\
\x16\x0e\xfd\xc2\x13O\xea\xcd\x95/\xab\x13\xc1\xc5\xdeS\
\xcb\x1aC!\x18\x0a2L*\x15\x9dz\xe6\xe9\x18\xc0\
\x0c9\x1ci\xfd\xaaWd \xb1w\xc7n\xd5*e\
\xb2\xceX\xce9\xc5\xd4\x5c\x0f>\xfc`\x1d\xb4\xe2 \
U\xfb\xba))\xd4\xb5\x07\x10\xed#k\xd8\xbdw/\
}z\x8d\x8d\x8e\x16`\x13\xfbH=\x00SW\xb5\xa6\
X^9\x99h\xb3\xd9PBV]\xa9\x96\x99\xaa\x8f\
\xc8\xc5N\xddS{\x8bvB)\xe8\xc8\x13\x8eV\xa5\
\xb3\xaa\x0cP\x1b\xc7\x10\xcch\xabqY\x8e\x15\xe2\x88\
\x9a\xe4\x867\xd6\xea\xe6\x9f\xde\xa0\xd5/\xbe\xa2\x8e\xa4\
:\x09\xba\xdc\xcb\xa9\xdf\xc6L\xfb\xccavo\xdf\xa3\
[\xae\xbfI\x0f\xdcyo\xb1\x80\xd6Q\xaa\xa9mu\
_\x1c\xc5\x93\xad\xef\x19\x19\xd6\xb4\xb9\xb3\xf5\x91O\x5c\
\xaa\x0f_\xf61M[8W{\x99\xa2\xeed\xe5\xf6\
\xd6\x07\x1f\xd0\xdf\xfd\xf0Gzc\xf3\x16\x0c\xbfSi\
H4\x81QvO\x99\xaaZW\x0fN=B\x9d+\
W\xc0Xm\x11\x06HA#\xbf\xec\xe3\x0b\x19\xb4\xd0\
I\x1f\xd3\xbb22\x1f!\x00=\xf7\xecs\xba\x06@\
\xbf\xe3\xb6\xdb\xb4\x9d\x0c\xd8\x01\x92!\x04U\x98\x11\xa0\
\x0cT\x95\xaaZ\xa9\xaa\x09\x10l\xdf\xbe\xbd\x00\xe9[\
o\xb9I#\xf0<\x08h\x18\x88\x87(\x12*\xfb\x85\
N'\xcd\xd0\xe4\x95\xd3\xa6\x009\xcfSF\x85\xc3\xf3\
t\xf1\x0er\xad\xa0\xdf\xd8\xce\x09>\xf3fN\xd3\x05\
\xd4\x90\x8f^q\x18\x0b\x97{t\xfb\xad\xb7\xc9@7\
\x0eQ!3\x91\xa1\xbd\xfe\xfa\xeb\xda\xc3*y\x0d\x1b\
\x19\xe8\xebWL\xff)A\xdc\x00&\x82\xf7\x08[\xca\
9\xf7\x8c\xd5(`\x83n\x1f\x05\xeb\x07\xc2B\xe1F\
\x05\xc9\xf8\x93\xe4\x9c+\x88\x1fz7\x9b\xe3\xa5\x9cq\
\xd6\xaa\x1d\xea\xea\xea.\x9au\x8a\x95`\x17\xa9J\xca\
}\xa2\x9e\x81i\xda\xcdZ\xc0\xbd\x00\xd0_}\xf3\x1b\
z\xe2\x85\xe7\xd4\x02<F\x01\x92\xb9\x07.\xd1G.\
\xfb\xb8\x8e:\xf1x\x95\x98\x95EII6;\x89\xb1\
\xd5\x9eJ\x87\x92<\xd2\x9aU\xaf\xeb\xd6ko\x94}\
\xad,k\xa6\x8a\x01\xd8\xcer\x87\x04\xc8\xe7\x94\x17\xb2\
V\x8a\x0d\xe6\xbc\xa1\x82\x22\xe7\x15\xfb@\xb0\x93\x9cl\
\xcb9\x868t\xb98\x96\xecO\x9d\xc6\xa5D\xa6G\
\xdb/>p\xa9N8\xfd$\xcd^8Gi\x94\xcb\
f{\x06\xb4C\x8dQm\xdd\xbd]C\x13\xc3j\xf3\
\xcf2\xd4@\xc0\x18d6Y\xee\xeaP\xa5\xbb\xaa\xbe\
i}\x8c\xe1\x12\x1dz\xf4\x0a\xec\xb2\xc9\xe2\xe8\xb8<\
F\x90\xf8P\xccX\x9eff[\xdf\xbeC>)i\
\xe6\xac\xd9:\xe3\xac3\x15WJ\xb0\xdfF\xb5\xb9\x1a\
\x04\xa1R\xe4\xd5\x81\xfdmY\xbbVO?\xfa\xa8F\
w\xef\x85\xcfL)\x99xgGM\xb0\xad\x10\xc0\x14\
\xfc\xd72\xf9\x16\x81%\x93\x92\xde\x81\xfe\x99\xbd\xfdS\
N\xaf\xc6S\x17_q\xc5\xef\xf6\x9b\x0c^\xbf\xe3m\
\xe7\xce\x9d\x95\x81\xde\x81\x15D\x99\x13\x99\x9et:\x9c\
\xc0\xc8\x84\x93a\xf8) \x9b\x00.\xc2\xf0\xcd!\x0c\
\x88\xb7S\xdfy\xf0\x9e\xbb\x15\xb8\xe7q\x10\x87\xd1\x99\
c\xa7d\xc4\xcd\xac\xa5C\x0e?L\xcb\x0e]\xae\xb8\
\xd6\x89\x83\x8f\xe8\xde{\xee\xd5\x9b\xab\xdfT\x0f\xc6l\
\xc6\xd3\xa4\x1e\xdb\xe0\xb9\xbe\x19S\xb4\xe2\x98#5s\
\xc1\x1ce\xae\xad\x1cK*\x03\xcaM\x16\x04\x92$\xc2\
Q\x9b\xb2o\x0e\x94\xa3\x92\x9a\xd4?'\xa8\xa9\xb6\xc6\
\x9a\x05h\x0a\xa3\x0d0\xd9\xa4\x96\xdc\x22\x0b.\xe3\xc4\
9\x8e\x97S\xcf\xc4\xbe\x95\x13\x81\xe7\xb2X\xd3\xd9\xd5\
)\x03\x8e\x08\x03o\x01\xa6\xcdzC\x8e,3\xca\x82\
z:\xbap\x80\xf5\xba\xfe\xc7\xd7\x14\xbf.\xec)\x1b\
\xd4\xa2\x8a\x22J\x10\xa5<h\xfb\xfa\xcd\xba\xed\xba\x9b\
\xf4\xeccO\xcb\x008\x01\xf8-\xbb\x8b1\xf26\xf2\
p\xf0h\xc1\xe2\xb8\xd3N\xd6\x87.\xbdX\x9d,b\
Y\xe8Y\xcfj\xef\xcd\xc8\xe7\xa6\xbb\xee\xd4\x1e\x16V\
\x84\x11\x92\xd4P/d\x8c!\xd1\x18<\x8cB\x95\xce\
N\xf98\x96\x05\x85\x98\xfd\x7fO\xf59\x823\x07\x8b\
B\xa4\x06\xc1\xa6T.\xe1\x10\x81)\xfbf=\xf1\xc4\
SZ\xb7n\x83\x1c\xfc\x85(F4\xb9\x02\xede.\
h\xa2\xd1\xccc\xfa|\xe6\xa9\xa7('<\xa9Af\
&m\xf4f\xc0M\x03\xca\x0c\xb4\x1c\x8d\xf319\x19\
\x19\x1f\x1e7w\xce\xc9\xf4o\xce\xe1=W\xd0\x8fS\
\xae\x98cO\x1b\x95\xc8\xabEi%B\x16\xd3\x00\xd0\
\x13Y\x98;\xe7\xcc3\x94\x91\xa9>p\xdf\xfd\x94\x93\
\xeeR\xb3\xde\x8fJ)\xdb\x00\x00\x10\x00IDAT\
\x12\xb7\x15\xc1W\xf0A;\xb6m\xd7\xcem\xdb$\xfa\
\x9dB\xf6^C\xdf\x11\xed\x0a\xdb\xc9\xb1\xa3\x16\x8e\x1b\
\xfb\x9c6\xea\xca\xd1k\xe2\x9dbxs\xd8b\xf0\x02\
\x8c2E\x5c\xb3\xe3\xe0\xbd\x82\xf7r\xce\x19\xcb\xbf5\
\x95\x90m\x0e\x08\xb4\xd0M\xec#\xda\xf5j\x02\x86\xa9\
\x01D*\x0d\x8fL(\xae\xd4\xe4\x92\xb2V\xbf\xb5V\
?\xbd\xe5\x16=\xc8\xb4{\x08}\x08},>\xf4`\
]\xfc\xe9\xcbu\xd0\xe1+T\x87\xdfJ\xad\x03\x11G\
j0[\x8a\xe0\xbc\x84\x0d\xc6.\xd2\xfe}\xde\xcad\
\x01\xa75\xd1\x90\xd9x\x19=\xb5\xa9\x83\xc6\x8c\xa7\x9c\
\xc4*d\xc2,\x8aX$\x8f\x8c\x1c\x82\xcc(\x81\x08\
Y9e\xc2\x90e[\xe0\x01\xfb\xb6P\xb5\xab\xa6\x03\
\x96\x1f\xa8\x85\xcb\x16+\x8b\xa4\x96K\x01^\xc9|\xad\
\xcd\xa4>*EJ\xca\x89ZiS\x19\xfeG7\xb2\
k\x13\x94\xe7\xc6\x9au\xb9J\xa4Y\x8b\xe6\x15\xbf\x18\
4\x8bEmy)\x22\xa8:\xe4])\x95\xf4\xe2\xf3\
/\xe8\xc9'\x9fVN\xb0\xad\xf6\xf6h\xf9\x8a\xe5\x9a\
6c\x9aB\x12i\xa2>\x8ee\xa0\x1b\x14\x93S\x9b\
v\xc8\xed)fc\xaf?\xf3\xb4\xa2\x10\x94\x03\xba\x19\
2\x89\xd1W\x86\x9e\xd9\x15\xba\x0b\xe0\x8d\x5cP\xbb\xd5\
\xaeM\x9b6\xed\xf0Y3\xa7\x1f~\xd0A\x07\xd5l\
\x5c\xbf+\xf2\xefYG\xbf\x86\x1d\xe2`nZ\xad6\
\xaf\xbb\xb3\xfb\xecR\xa94\x03\xe1\xa0\xaaI\x0e\x9cs\
\xf2F&\x1d\xc4\xd9\xb6\xec\x0eC\x98\xd8\xb1C\xcf?\
\xf5\xa4\xf6\xe2<\x11BDZ\x0aqP\xad\xbb\x86Z\
\xdb\xea\xee\xef\xd5a,\xd2\xccX\xb0\x00A\xb7\xf5\xca\
K\xab\xf4\xf0\x03\x0f*G\x09\x96\x81\x99\x93;\x94d\
\xd1u.\x8b-K\x0f_\xae\x04c\xc9\x02\x0c\xa30\
\x9b>\xa7\x18~\x82\x81\xb61\xd6\x9c,\xe0\xd9G\x1e\
\xd7-d\x08w\xdcp\xab\x1e\xa3\x1c\xb0c\xf36\xda\
6\x05G\x8a\x83\xb1\x8c\x09b\x08\xf6\x9b_\x04\x0e\x85\
(V\x8c\x81U\x89\xac\xbd\x18G\x0e\xff\x9e\xe6\x85\xa3\
\xe7d\x9af\xe0A^C;\x07\xd5[\xeb\xd1\x867\
\xd6\xe9o\xff\xf3_k\xcb\x9a\x0dr\x13m\xf9f\xa6\
7_^\xad;n\xbcU\x0f\xdd\xfd\x80\x86v\x0f\xaa\
V\xae\x09\x9b\x97C\x1eu\x82\xc6 +\xc3\xe5\xee\x0e\
]|\xf9't\xde\xc7.\x91'\xbb\xa9so\xe5\x9a\
\xb7t\xf5\xcd\xb7\xea\xd6{\xef\xd3.\xb2t_\xaah\
\x1c\xd9\xe5\xdc\xcb1\xae\xcc\x07\xdc\xc5\x1bG\x90\xa4\xdc\
\x89\xd8!ta'\xd0?\xfc\xf0\x88\xd0\x8fJ\xe5\x8a\
\x86X\xa8\xb0\x00cc\xb4i\x9d\xed)\x0b\xa9\xa3\xab\
G)\x0f\xc2\xba\xca\x9d\xdd\x12\x19\xda\xde\xd1:9M\
p-2\xb8N\xee\xfb\x90\xa8J&W&\xfbm#\
\xaf\x14\xfde\xecy\xed\x1d\x9d\x1a78\xf4\xfe+\xce\
\xabJ)\xa5\x09\xb0X\x89\xa7\x14\xc1;N\x9a\xb8L\
\x1eG\x8ax\xbf\xa3\x14\xeb\xa4c\x8f\xd1\xc5\x17~D\
-\xea\xbb\xcf?\xf7\x82~z\xed\xf5\xda\xbec\x17\xce\
\xd8T\xa0\xdf8Jp\xf4\x5c\xa3\xc8\xc4\xfeJ\x96\xa7\
\xdd\xde\xae.\xa5\xd4\x00KQP\xb5\x94(\x07d=\
Bn\xe3\xc0e\x14\xd6U+i\x0e\xd9\xf31G\xac\
\xd0\x8c\x81~\xf9\xac\xad\x8c\xe7\x1d}\xeeg\xef\xe7\xf7\
\xa6\xe4\x9f\xbf\xf2\x9b\x9d9y\x84a\xe4r/\xc7\xb1\
\xc3f\xec\x5cr\xf2\xf0i\x92\xb1\xec,\xf7\x91\xd6n\
\xda\xa2\x1bo\xbfS\x8f>\xfd\xac\xb61{(\x0d\xf4\
h\xc9\x11\x87\xe9\xb4\xf3\xce%[<J\xa9\x97\x86(\
\xf5T;;\x0a\xbb\xc9\xe1\xbb\x907\xfa\x88\xb0\x83$\
\xc4\xf24\x18!\x0b\x84#\x11\xc8\x186.\xd5b\xe6\
8.\xbaT\x8clE;\xb9\xc7\x8a\x83\xa4\xe0\x04[\
\xb2\x053\x87\xbf\xc0&\xeb\x16\x13\xf2\xf8\xe0\xc0\xd4\x01\
\x80\xf0Ped#\x0dl4\xe5\x1dKpZ\x00l\
\x9cD\x85\x0d\xe5\xf4\x1d\x87X\xb1\x8fUIJ\xaa\xdb\
\x0c\x906+\x9dU\xb5\x00\xf8F\xde\xd4\xb2\x15\x07\xeb\
\xa8\x13\x8eQ\xf7@\x9f\xe4\x9c\x9c\xa4\x0elfbt\
\x5c\x0f\xdf\xff\x90\x86v\xed\x86\xefTs\x16-\xd2\xd1\
\xc7\x1dC\xdf^4\x88\xfd\xa5\xf0\xde`\x18ME\xbc\
\xb4c\xd3&\xad\x02\xa8\x1b\xcclJ\xe6\x93\xd6\x16\xf2\
\x0c\xde\xcb9\x1b\x07$\x1ed\xd0\xd8qR.\x95\x06\
\xba\xba\xbbN\xed(\x95\x16^}\xf5\xd56Zz~\
\xff?\xfe=\xeb\x22\xff\xc7[\xba\xe6\x9ak\xca=\x03\
\x03\x87\xcf\x9b7\xe7\xe8R)\xe9q\x08\xc3@\xd1\xa8\
x\x1d\xc1\xf0QF6\x1bE\x80\x05\x85\xef\xcd\xeb\xd7\
\xb3\xf2z\xb7\xc4\x94\xd5\x03&\xe8\x8b\xcc\xab\xae\x91\xf1\
\x11\x95;\xaa:\x82\xccu\xc9A\xcb\x14\xf3\xfc\xe8\xd0\
\xb0\x1e{\xf0a\xed\xdc\xb2\x9d)G\x05C\x9a\xc0\x09\
\xebj{i\xc1AKd\xff5\xc8\x0c\x22k\x13\xcb\
k\x10}e\x9d\xc1v\xe2\x22E\xa9TeJw\xe7\
57\xe8\xc6\x9f\x5c\xa7[\xae\xbdIW_\xf9c\xfd\
\xf0\xbbW\xe9\x16\x16&\xdez\xe3-\xa5\x00\xb2\xe3\xd9\
,\xcd\xe5\xe1\xdd;\x00\x01\xc3N\xc9\x06\xbc<\x8e\x5c\
V\xa5R\xd9\x07h\xa6`\x1a\xe7c\x00\xe7\xb1\xdc\x0a\
\x808\xb6wD\xb5\xb8\xaa!\xca\x08\xdf\xfb\xdbo\xeb\
\xf5\xe7Wi\xf5\x0b\xaf\xe8\x96k\xae\xd7S\x0f>\xa6\
\x9c\x8c\xba\x04\x1f#\x83#J\xe9\xa7Ihi\xc5\xb9\
z\xa9\x9d]@I\xe1\xac\x0b\xceWF\x1f\x13!\xd2\
+\xd4+o\xbc\xfb^=\xfe\xfc\x8b\x1a$[J}\
\xac\x06Y\x92\xc7As\xfa\xcbm|P\x8e\x9dYV\
\x0f+|p\xa6<\x17\x1e^\x90q\xc9m\xed\xdf\x18\
\x19\x87\x0e\xb0\x1aS\x14G\x94\xbf\x10\x0c\x0e[\xa7f\
\x98\xe2@\x11\x8e\xd37e\x1a\x19\xc7l\x02_\x9f\xc6\
\xc9\x9e\xb6\xed\x19\xd2 \x01\xab\xe9b\xa9TU\x5c\xaa\
i\xd1\x92\x034u\xfaL5\x98\xc2\xd6\x01FJ\xc9\
\xf28\x82\xf3(C\x93=\xc2\x85\x0a>\xa4\xe2\x8a\x9d\
[\x1fV\xa3\x8c\xa2H\xe5R\x02H\xd6\x01\xbe\x09\xea\
\xe9M\xa6\xcc\xa9\xfa\xd1\xf99g\x9c\xae\x0b\xce\xfd\xa0\
\xdad8\xaf\xadzM?\xf8\xfe\x8f\xb4a\xc3f\x9c\
\x90\xd1\xb8 \xd8T\x8b\x0e\xdb\x04S\x9br\xdbwz\
\x1b\xd4=;;;T\xa5T\x82\x81\xd1_[\xc1\x11\
H].\xdePw-\xd1\xc1\x8b\x17\xeac\x1f\xb9@\
\x9f\xfc\xf8Gu\xd2qG\xab\xa7\xb3\x86\xf3\x97e\xcf\
y\xc0\x99\x88\xa5I\xe2g!W\x1b\x87\x11\x97\xdf\xc5\
\x87\xae\xe5\x19tA\xca9\x86\xd8\x8b0i\xfaj\x93\
a\xb6\xb0\xad\x9c\xcc-+t\x90j\x13\x0b\xac\xb7\xdc\
y\x8f\xee\xa5v\xbf\x91E\xc4\xedc\xc3Zq\xe2q\
\xba\xec\x0b\x9fU\xdf\xac\x99\xea\x9a\xda\xaf\x11\xb2\xc8\x16\
m4\xf0\xa3\x14\xfbl\x13\xacD\xc0\x8b\x10}\x04\x9f\
\x06\xec\xe2\xba\x07||\xf0\xf2\xdc\x88\x00[\xcbNG\
\x99I4\xb2\xa6\xc6\xdauMd\x8d\x22{\xcdb\xa7\
\x06\x0bf\x19\xef\xc7d\xaefO>\xf6\xa8\xba\xac)\
\x04)\xc7\xb1O\x82\xac\x8d(\x89d}\xa6\xd8af\
:`\xb6\x171\x8b\xcb\xeco\x914\xdb\xaa0#*\
'\x89\xea\xf8s\x93\xf1\x85\x8e\xb2j\x03]Zq\xdc\
Q:\x90\xcc]\xf0\x93b\xf7-\x9em\x91\x85\xafa\
\xc6j\xff\xf7\x1fl\xabJY\xe2\x88c\x8f\xd2\xfc\xc5\
\x0bd}Z`H\x01n^\x01\xccG\xe5\xe9\xf3\xb1\
\xfb\x1e\xd0\xda\xd7V\xcb\xc4\xe8\x18\xbf\xa3\x0fg/\xa3\
/\xc9+\xc7g\xe5\x02\x9f \xcal\xdd\x94-\x8e\xe8\
\xed\xee8N{\xf7v\xd8c\xbf\x0b\xf2\xbf\x8bN\xde\
\xee\xa31<k\xd6\xacig\xd4:k3}\x88\xcc\
\xe6\xf46\xe0\xf2P.\xfb\x97\xc99\xc9y\xa7\xb1\xc1\
\xbdD\xba\xfb\xb5m\xe3FExR\xc9{e\xd4\xf2\
\xda\xe4SY\xe44s\xfe\x1c\x1d\x7f\xfa\xa9\x22Z)\
g\xda\xff\xdc\xd3O\xeb\xf5U\xaf\xb2p\x15)\xc7\xe1\
\xcc\x98\xab8N\x05e\x1d\xb0\xe2P\xcd\xc6\xa9\xc6(\
\xfe[\x84\x15\x86&'y\xda-{\x9eg\xc5\xf8\xb5\
\xe7^\xd2-W_\xaf-onP\xc6j\xbf\xab\xa7\
\x1a\xdc\xb6G\xf7\xddq\xaf\x1e\xb8\xe7A\xed\xdc\xb1\x1b\
e\xe2\xd8\xa9\x14\xa1\xb8$*)f\x9f\xe2\xfc\xc2)\
\xf1\x9f\x02\xe8\x9d\xe3\x19'\x09~s\x14\x9d\xd1\xc7\xd8\
\xd8\x84\x92\x90\xa8\x14\x97414\xaa\x8c\x0c\xf7-\xb2\
\xdb\x9f^\xf9\x93\xe2\xbfdy\xf3\xa5\xd5j\xc3C\x02\
pYV\xa0\x8c6`\xb0E\x161\x9dz\xd9\x87/\
\xbbD\xa7]p\xaeR\xa6\xc7\xf5\x10i\xf5\xc6-\xba\
\xe9\xee\xfb\xf5\xe4\x8b\xabT\xcf\x91\x0b@\xdd\xe6\x1d\xe7\
\x22\xc0:\xe3M/\xe7\x1cL\x18W\xec\x90\xad\x94\xf1\
3\xe3\x04\x82_N8\xde\x7f\x9fC\xd9\xf3\xe2\xb2S\
B\x89B\xbc\xef\x01\xbf6\xc6,9\xc5\x04\x8djg\
\x97f\xce\x9d\xa7\x1c\xc7\x19f\xdc\xc38\xd5}\x8f>\
\xa9kn\xbe]\xab\x01\xbe\x89,\xc8\xfe\xc8Kw\xdf\
\x80\xe6-X\xac\x84\x8c=J\xcar!h\xc2\xc0\x97\
\xeer\xda2\x92m\xb9\x0a\xdc\xb5\xd1z\xe4\x95\x00\x8a\
M\x00\x9eG\x94\x19\xe0\xa0\xef\x8er\x84C5\xd4\xdf\
Y\xd1i'\x1e\xab\x0f\x9d}\xa6z\xbb:\xf5\xda+\
\xaf\xe9\xdb\xdf\xfa{\xad[\xb7I-J5\x1e\xd99\
\xf4\x91#\x0fZ\x95s^-J\x0f\xc3\x04\xe3\x08}\
W\xab\x15U+\x89\xc6m\x15\x1c \xaa\xc4@\x10\x00\
\xd3]+\x17\x80{\xc19g\xe9\xe8\xc3\x96k\xce\xb4\
):\xe3\xe4\x135\xad\xafW\x01\x999d\xe5\x8a=\
\xcc\xea\xe7\xb7\x7fx\xe5\xe7\xef\xff\xca3^t\xe2\x1f\
\x08\xe6\x0a\xe2\x02}\xe4F>U\x0e\x85\xd8\xab\xc9\xf8\
\x1d\x09E\x8elR\xc6\x95\xfaX\xeb\xb7\xee\xd0\x1d\x0f\
>\xa8;\x1eyP\x83\xcc\x02\x06\xdb\x0dM\xa1d\xf6\
\xb9?\xfe\x8af\xb3P\xd5\x8e\x1d\xb5\xdf\x5c6\xdd\xf7\
\x80\xa0\xc3\x972\xc6\x90\x91\xb9\xdb8\x22\xda\xf3\xc1K\
\x5co\x22\xe3q\xd6\x04R\xfa\xf3%/\xab\xcb\xdao\
\x8f\x89\xc5\xadZ\x1f\xba^8K\xf3\x0fX\xa8Z\x7f\
\x17\xf7d\x9eG n)\xd0n?\x99n\xc4\xde\xc7\
\x81\xb6\xa41\xd6\x15l\x86RJ\x12Y\x82\x11\xe3W\
1\x80[r\x89J\x01B\x9a%\xc8\xfc\xa5\x0d/\x11\
\xba\x10\xef\x8e1\x86\xe9sg\xe9\x10\xb2\xf6\xde)\x03\
\x8a\x01fKlJqEm\x12\xad\xfbY@\xdf\xbd\
c\xbb\x1c\x99\xf9\xd4\xd9\xb3t\x14\xb3\x1c\xcb\x943\x87\
\xcc\xbc\x90\xa2\x94\x03\xb0\xe5(&\xe1\xda\xc2z\xc8]\
\x02\xd5\xf1\xb1\x86\x22\xbb\x9b\xf1\x1c\x1f\xe7\x9c\x9cs\x92\
\x9crd\xae\xdc%\xe5JyF\x7f_\xef\x19Io\
m\xae\xc4\x0d\xbd\xff\x1b,\xbf\xff\x9dX\x0f\xff\xe5\xbf\
\xfc\x97RWG\xcf\x11\xb3\xe7\xcc=:\x84\xb8\xd3\x86\
\x87\x1c\x94\xf3\xcf\xe4\xe01*D\x07\x08gr\x01%\
\x22\xc45o\xbc\xae\xc7\x1f~\x04\xc1\x09p\xf3\x90\x93\
M9S2\xd5n\x16\xb0,2\xce]\xb2H%2\
\x98\xcd[6\xeb\xf1G\x1e\xd5\xf0\xee=d\x92e\x9c\
4WD;I\xa9\xa4%\x07\x1d\xa0\x83\x8f\x5c\xa1\x0a\
F\xa4\x84\xb6\xe3\x80i\x8b\xb6\xda\x0a\x08\xbf\x84q\x0c\
\x93y\xdeB\x96\xdb\xd8;\xaa|\xb4\xa9\x88\x05\xaej\
(\xa9b`6\xde\xd2\x1b\xaf\xbd\xa1-\x94\x19\x5c\xee\
\xe5\x15D\x00UJ4\xf6\x0c\xa2\x84\xb2=\xedL0\
\x95\x1df\xc1)\xd0\xaf\x1c\xca\x0d^\xb9\x196c\xe9\
\x04\xacr\x22\xb8\x19_\xad\x5cU:\xdeP\x0cH\xae\
\x7fm\x0d\x0b\x84\xaf\xaa1<&3\xc8(\xf7\xca\xc8\
\x0e\xdb\xb4\x9d\xe6\xb9\x06fM\xd3\xe9\x17\x9c\xa3\xe3Y\
\xa1\x1f#\xeb\x9d\xa0\xbdW\xd6\xad\xd7\x8fo\xbcY\xcf\
\x90\xe5\xd53/\xf0[\xb9\x8b\xd5$Kn\xf3n)\
))\x05Tr\x1c\xcd\xd8\xd8Oy1\xeaT\xe2\xba\
h\xdb\x09\xe6e\xdb\xbe=c\xc8\x9d\xb7\x0b\x0a\x8ci\
lt\x8ca8\xb5\xc9\x8aZ\x00o;\x93\xa6\xce\x98\
\xad9\xf3\x17\xc9\xc5e\xad\xd9\xb8Y7\xdcv\xa7n\
\xb8\xe3.\xca\x1b\x0f\xea\x87\xd7\xdf\xac\xbb\x1fzT;\
Y\x85/UjZz\xe0\xc1\xf2q\xa2\x092\x16\x1f\
%\xb4Ip\x83\x99\x5c\xc8\xa6 \xba\xa2O~\xcaX\
\xc9s\x80\x02\x07\x098m\xcesq\xecU\x02@<\
\xb3\x92\xfe\xae\xaaNa\xa1\xf2\xc3\xacbO\xe9\xe9\xd6\
\x8b\xcf>\xab\x1f^\xf9\x03\xad&\x13\x1a\xa3\xf6\x19\x08\
\x80i\xca\x88pr\xb9H>\xc4\x8a\x08N\x96\xe9\xee\
\xdd\xb3\x07\x00\xcf\x00\xf7L\xdd\x80u\x95zh9\x8e\
\x94R\xcb\x17\xa0\xb6\xe2\xe0\x03u\xe1\x87\xce\xd1\xc1K\
\x16Hdx\x8d\xb1\x11\xcd\x9c\xd2\xaf\xc3\x97\x1f,L\
E\x96\xe5:d\xe6\x8c\xc9\x82\xd9\xc9\x1f\xf9\xe4\xee\xdd\
\xff,\x1ap\xc5\xfbv\x98;\x82\xa2K\xd1R\xaa\x9c\
\xbd\x82\xe4\x93\xa0:\xba\xc4\x1c\x95b\xa7\x13\xd4sB\
\xa9\xaa\xdd\xe8\xe6\xee\xc7\x1e\xd6]\x8f?\xac!2\xd2\
\x0c\x00\x9b\xbex\x9e>t\xc9G\xb4\xf4\xb0C\x94\xf3\
\xde\x04r\xcb|\x8e8\x9c|\xa1\xd6L\x88\x15=\xf8\
\xa2D0\xdel\xa8D\xc0\x89j\x89Z\xf8T]M\
e\x89\xd47s\x8a\x96\x1f{\xb8\xce\xfd\xe8\xf9\xfa\xd8\
\xe7>\xa9\xf3?v\x91f/\x99\xafq\xfai\xc3]\
\x83\xf72\x1c`\xe6\x9c\x99r\xc1+E6-\xc0;\
\xc3N\x9c\xa3/<\xa4M\x80\xcd\x08\xc89\x19\xee\x8e\
\x8d\xdb\xb4m\xddf\xd9\x1f\x80\x0a\xd8kFP-\xa1\
cO@\xb7_lj+\x97/%Z\xb4t\xa9\x0e\
<\xf8 \xc5IIQ\x14+\x81R\x82\xa9e\xbb\x8f\
?\xf6\xb8D\xdf\x95JI\xcb\x0e>@s\x16\xcc\x13\
\xf1\x1d\x8f\xc8\x8b \x90$1~\xd3b\xb6Y\x92\xfd\
)\xca7)3D\xf0\xe1\xb0\xa7w\xea\xcd9'\xf1\
\x91m\xd8\x1b\xbb\xce\x99\xb3f\x1d\xd0\xdf\xdbw\xf47\
\xbeqE\x85\xf3\xf7\xfdS\xa8\xe2}\xef\x85\x0ej\xce\
\xf5\x0fL\x99zzGw\x0f\xd2B\xf2\x12\xa2\x96\x9c\
3\x09L\x8a%\x17\x9b\x09\x02\x1a\xc6Q\xee\xbf\xef>\
\x0d1\x85J\xa9\xbd\x95\x11j\x9b\xfaZ\x88\x22\x8c/\
\xd7\xb4\xd93\xb5\x9c\xc8Xe\xba\x93a\x94\x0fQ\xc7\
\xb5\xeff\xb6Qv'\xb5\xc8\x0a\x8a\xcb\xc9v\xcb\xd5\
\xaa\x8ef\x85w\x0e\xc5~+34\x98fM\xd0^\
\x9b}L\x9bI\x1ckt\xcf\xb0\x9e|\xf8Q\xbd\xbe\
r\x15%\x06\x9c\x15\x5c\xea\xaet*q\xb1R\x16f\
b\x17\xa9Uo\xcb\xa2\xafS\x90C\x99\x9ekm\x80\
1\xb3>\xe2\x92\x0cP\xb7o\xdd\xa6\xb1\x91Q\xd9V\
d\x16\x8c#\xf7\x8c\x8d16\xc8\x0aS\xc07\x05\x14\
\xcb!Qw\xb5S\xb9\xb5\x09 \x95}\xa4r\x88\x89\
\xe4\x92\xcb\xa4\x88\xe3J\xb5\xa6>\xea\x8ag\x9f\xf7A\
\xad8\xe1(\xa9\x12+&k\x7f\xf1\xf5\xd5\xba\xea\xa7\
\xd7i\xd5\x9boi\x04\xder\x02\x83\x03p\x9cOT\
*U\xe4\xe9\xab>>\xa1\xe0]\xe1h\x9c\x0a\x0e&\
\x09~d\x1b\xfb\xfd\xd7\xecT\x93\x9aP\xee&\xcf\xec\
\xe7D\xa3\xa1\xb0\x8f\x8f\x08\xe0t\x11\xe3F\xf6\xb3Y\
,L\xe0\xed\xb1\xa7\x9e\xd6\xf7\x7f\xf4\x13\xddr\xd7=\
\xda\xb2k\x8f\xc6\x09(/\xbe\xf6\xa6n\xb8\xfd.\xdd\
|\xdb\x1d\xda\x8c,f\xcc\x9a\xa3^2\xde:Nf\
\xcc\xe40\xd3\xe6\xb9\xbc\xe0\xc6z\x11G\x93\x9d\xdaO\
\xbb\x1fJ\x89B\x92\x14\x19j\xa3^W\x8a\x833\xfd\
\xd3y\x1f8K\xe7C\x9d\x00\xe6K\xcf=\xa7+\xff\
\xfe{z\xea\x89\xa75J\xb0\x92\x8b\x14Ee9\x0f\
\x8fP.)%H0\xccbh\x06\x06\x16d:\xa9\
\x83\x97\xe2Xm\xf4\xdf\xb4:n\x12\xeb\xc8\xc3W\xe8\
\xec3O\xd3\xd2\x85\xf3\xb4w\xd7v\xddq\xcb\x8dZ\
\xf5\xe2s2\xb0=\xec\x90\x83\xd5M@\x0f\xb4\xe7\x94\
\xc3+\x07\xef\xe1\xc7\xc6\xbc\xbf\xb9\xdc\xe5\xf4\x90)s\
\x00\xaeO\x95\x91S6Z\xe8\x11\x1e\x9b\x00Z\x0b@\
Kj\x1dr\xd8Z3\xf7L\xffS\xed\x1e\x1f\xd5\xad\
\xf7\xdd\xad[\xef\xbfG\xc3<\xdb&H\xcd\xc3\xce?\
H\x89d\x81\xfd\xb2\x0e@\xdc\x04x\xdb\xbc\xef\xbc\x14\
 \x1f\x9cZ\xd8~N\xe6o\xd9\xa2xg\x14Y$\
\x1deY\xa6\xf9\xc1\x0b\xcf\xd3e\x9f\xff\x94>\xf1\xf9\
O\xeb\xac\x8b.\xd0\xa1L\xfb\xe7\x00\xb8\xa5\xee\x9a\xd2\
\x986\x10L\x94DT\xfb(\xfb\x00\xb6mj\xb9-\
\xfc/\xf7NI\x92\xc8d\xdd\xc2\xd6\x19\x8eJ\xd4\xf9\
\xc7G\xc6u\xdb\x0d\xb7\xe8{\xdf\xf8\xb6\x9ey\xe4\x09\
\xcax\xb9l\x8d#\x07\x0c\xcd'0w\x89\x00\xd8\x84\
\xa7\xfe\xe9\xd3\xb4\xe2\x88#\xd5\xdd\xd3\x8dX\x908\xb6\
\xb1\x1a\xe7\x03\x00\x00\x10\x00IDAT\x22\x9e\x0b!\
\xe8\xb1\xc7\x1eeQt\x1b\xd7sMa&r\xe8\x11\
+d\xb3X$&\xd17\x1f\xe1\xa0\x8a\xd0\xd2\xd8\xde\
!\xddr\xfd\x0d\x80|C\xd4\x99\xe4\x1cm!\xdd\xbc\
 \x9ax\xe7'\xcb\xa3Zw\xd7\xf4\x81\x81\xfeS\xbb\
\xe2\xb9\xfd\xef\xbc\xf5~\x1d\xfb\xf7\xab\xe1_l\xd7\xfb\
\xf6\xd4\xde\xbe\xfe\x831\xfe\x0ey\xba\xc5#\x1c\x94\x19\
!\x0c3\xb3\x0c%\x9a\x90\x058m&\x9b{\xf9\xd9\
\xe7\x01\xa6\xa6by\xb5p>\x87d]\xe2UaA\
i9B_\xb8d\xb1\x22\xae\xbd\xf5\xdakz\x99\xc5\
\x94\x11j\x8b\xd5R\x85\x8c\xaf\xa5\xbd\x83\x83\xaa\x92\xd5\
\xd8\xd7\xb8\x0eXq\x88\xd2\x90\xc9~/<\xa5?G\
\xff\xa6\xc8\x1cC\xcep\xce\x180\xb1H900\xa0\
qj\x7f\x01#\xc80\x82:\xc7fH\x11\x80\xd3\xd5\
\xdd\x0d\x08\x0e\xe0\x0cN))_\xb9TU\xe2c\xe5\
\xad\x5c\x84zV\xcd\x9b\xdaD\xe6g\xf5C\xcb\xaeR\
\x0c\xc6\x0c\x10}\xcb\xd3_\x8b1\x95\xc8\xba\xad\xaf\xb1\
\xa1\x11\x8c\xc3S/\xac\xc9\x00\xdde\x8eqD\x00G\
L\xfb\xb9\xead`=S\xfat\xe6\xb9\xe7h\xf9\xd1\
G\xa8\x83i\xdc\x04\x22{\xec\xf9gu\xf3=wi\
\xe5\xea\xd7486\xae\x98\x8c\xb9M\xf7Y\xee\xe5\xa3\
\x18\xe3\x0a\xf0\x96+g\x5cf\xf4\xce\x94`\x07\xc8W\
\x05I\xc5\xb5\xe2\x98\x17\xf7\x9d\x89\x8d\xb7\xf8i\x9f\xc2\
\x0d\x94\xa6\xa9:\x90_\x83\xe9\xdd\xe8\xb8\xd5w\x13\xc5\
\x00\xe2\x082y\xf0\xd1Gu\xcd\xf5\xd7\xeb\xb9\x97V\
RC\xceqb\xc7^j\xe0 \x9b\xb7\xef\xd4\x9dw\
\xdf\xa7k\xaf\xbbQ\xaf\xac^\xad\x9e\xfe~\x95\xc9z\
\xeb8\xa2'\xf3t\x8e\x81h\x92\x0b\xebm?\xe5v\
)\xcf\x01\xc4\x06\xb2p\xaa\x94cE.\xd3\xdcY3\
\xf4!\xc0\xf64\xa6\xfb\x1d\xd5\xb2\x9eaQ\xf5o\xbe\
\xfeu=\xf9\xe4S8uI\x16T%\xaf\x16e\x04\
#\xd9\xd8\x9c\xfd\xcc1\xa5\x5c96\x95\xd3\xee\xc4\xc4\
\xb8\xba:\xaa\x05\x88\xe7\x80\xc4\x1cV\xc1OfQ\xe6\
\xc2\x0f}P\x87\x1ex\x80vm\xdf\xae;o\xbdM\
?\xb9\xea*=\xf1\xc8#\xda\xb3s\x97f\xcd\x98\xae\
\x83\xc8\xbe\x22\x1f4)F\x93\x99\xd1~\xae\xe9\xa88\
\xdc\xbf/N\xf6\xfd\xf8e\xd7\xf6\xdd\xb2\x1d\xb7Q\xbb\
l\xdc\xf9d\xe3*\xc4\xf2s\xc7\xd2\x04\xb5\xcf\x18\xe0\
\xf5\xd8h\x83\xe0\xe5\xd1sjF\xc5~x\xa2\xa1!\
\xe8\xb6{\xef\xd5\x8d\xf7\xdc\xadq\xa5j&\xd2\xe2C\
\x0f\xd09\x1f9O\x06\x96\x81\xd2\x8c\x95\xd3R,+\
\xc5.\xda\xd8\xb5\xf5\x1b\x95\x12\xb5\x90\xcd \x0br]\
\xfd=:\xe7\xfcs\xf5\xa9/~V\x17\x5c\xfa\x11\x1d\
}\xf2q\x9a\xb9h\x8e\x02\x81>\x8f\xbd:\xfa\xbaU\
\xeb\xedTD\x823\xde\x98PGg'&\x9fi\x17\
2B\xb4\x80\xb9\x97C\xf7vl\x03\xf2\xc8\xcbJ\x0b\
\x22\xc1\xd8\xbaa\xb3\x1e\x7f\xf0Q\xbd\xfa\xe2+\xba\xe9\
\xa77h\xc7\xa6\xedJ'Z\xccD\xbdP\x10\xba\xf6\
\xb2\xe1d\xf0\x17\x00\xf4\xc5K\x17k>e\xc08I\
\x14\xb0\x97\x84 \x93\xc3\xf0\xd6-\xdb\xf4\xec3\xcf(\
'\x80T\xbb\xbb\xb4\x98\x8cx`\x1a\xfe\xe8s\xec\x12\
\xfd(W\x9e\xb5\xf0I\xa7\xe6\xf8\xb8^y\xf1%\xad\
{\xfd\xf5\xa2\x8f\x5c\x8e{96\x9d\xd1eNOR\
!w\xb0C\x10m\xf6tuv-n\x8c\x0f/\xc0\
V\xd0\x8c\xde\xd7\xcd\xbf\xaf\xad\xefk\xfc/\xff\xf2/\
Y?\x9byJwo\xcf<\x05B-J\x09\xf22\
\xe3\x17\x220\xa3\xa8\x13\x91\xed\xf1\x1c\xc3\x12\xd3\xc5\xc7\
o\xbbG\xe9\xaeAUX\xa8\xa9\x84\xa0\x0a\x19k\xe8\
,k<\xca4\xf7\xe0\xa5:\x8c\x82z\x99,\xa4\xce\
4\xfd\xe5\xa7^\xd0\x8e\xf5[\x89l-\x84\xeb4\xcc\
\x0ai\xb9\xafS3\x96\xcc\xd3\xe1'\x1f\xab\xae\xe9=\
\x1ao\x8f\xaaTM\x14{/\xdfFQ\xc6\x03\x00\xe0\
\x10z\xa9\xb3\xa2#N8V\x97~\xe1SZ\xb4\xe2\
 \xb5\xab^\xbb\x1a#J\xba\xcaj\xe6\x0dY\xc1\xfe\
\x80C\x96i\xca\xac\xe9\x18j\xca\x10\xa2B\xb1>\x05\
\x1c\x92\x1aYp\xaaqx~\xf9\xe5W\xa9\xc11\x22\
4\x1a\xc71#\x14SS\x08\xab*aD\x91\x8fe\
\x19\xb1sA\x19<d\x80\xb7\x9c\x97\xc3\xb8\xcc\x01\xc6\
1\x9af\xc8\xe5;K\xb2\xbf\x14v\xc2\xb9\xa7\xa9{\
\xeeL\xb5\xc8\xeeV\xae[\x87c\xdd\xa3\xa7^xA\
\x13\x18\x1e\xd6\xaa\x16u\xb1\x22P)W\x9b\xec-\xc5\
\xa1\x1c\xe3\x89\xe8+C\x98\x19S\xc0\x9cgr\x9c1\
C\xce\xb0\xc5\x93Nr\xc8\x1e\xee\xccIr~\x18!\
8\xc1\x1c\x94)\xcf3\x85(bZ\xdb\xa6\x8f\x5c>\
\xc4*\xf8#\xf0=\xfd\xc2s\xba\xe3\xbe{\xb4a\xeb\
V\xa5\xf4\xa5(\xc8Y\x7f>H6\x8eTd\xe0\x0d\
\xbd\xb0\xea\x15\xdd~\xf7=ZC\xf0\xcc%\x1e\x8b\xe4\
\x9dSp\x9e>rM\x8cO(\x03\x04,\xa89\xe7\
\x8a,\x09\xe3\x97k\x8c+j\x8f\xa9\xe2\xdaZ:o\
\xb6.\x02\x0cN;\xf9dY\xb0z\xe0\xfe\xfb\xf5\xc3\
\xab~\xa8g\x9e{Q.x\x858R\x9b`f2\
\x88BP\x09\x8aD[\xf0n\xae\x95ytU\xf2\x94\
G&\xd4j\x8e\xa9\xb3\x12)\xa4M\x1dy\xe0R}\
\xfa\x92\x8bu\xf1\xb9\x1f\xd0\xf2%\x0b5\x04x\xdct\
\xfd-\xba\xed\x96\xbb\xb4}\xeb.\xbd\xf0\xdcJ\xad}\
c\xad\xbak]:\xec\xe0\xe5\x948\x12y@E\xc8\
%A\xaf\x06\xee\x8e\xbe2\xa4\xd9F\xe6\xfa\xa5\x9b\x8d\
\xfa\x97\xdex\xfb\xa2\x81m\xea\xe0\xd4s\xc9;~8\
9\x02\xa8\x00\x19#//8\x96Gf\xce9\xe4\x86\
pY8\xb2G3l\xcf\xbb\x8a\xeaM\xa7m{\x87\
u\xeb\x83\xf7\xe9\xee\xa7\x1eV\xbd$e\x1dA\xcb\x8e\
<X'\x9fs\x9a:\x06\xba\x94\xc7\xc2\x8e3\x09\xde\
3t\x94\xd2V\x03?K\x19O\x00\xd0]\x1ct\xe8\
\x91\x87k\x16\xd9~\xc7\xd4\x1e\xb5ic\x5c\xcd\xc9\xf7\
\x1c\x00If;\x85\xc0o:\x88Ke\x8d\xb0>\x11\
Ee\x8d\x8dN\xc8+(\xdfg\xcb\xc5}l\xc19\
'\x9b\x05:f\x81\xd58\xc1\xdf2%Ln\xb7n\
\xda\xa1\xdbn\xbaS\xed\x89T\xa5@t`\xf15\x22\
\xe9)\xa1KT\xa96\xe5\x8bjoU\x07\x1f~\x08\
\xbcZ\xf2QG\x9b9\xbaki\x8c\x19\xcd3\xcf<\
K\x89o\x8b<c\x98\xb3`\xae\x0e\xa0lX\xaa\xc4\
\xf8\xdc\x84b\xf4\x1cG\x81\xe73u\x92xM\xec\x1d\
\xd4=\x04\xd1\x14\x1es\x16\x99\xbdr\xa5\xf8M\x93\xd9\
\xb2\xe9\xac\x81\xaf\xd9/2e&\xcc(\x8e\x92jm\
\xfa\xb49s\xce\xf8\xf6_\xfe\xdb^\xbd\xcf\x9b\x7f\x9f\
\xdb/\x9a\xef\x90f\xcc_\xb0\xf8\x94\xae\xee\xbe\xe9\xb9\
G0(\x05\x8f\x93px\x17\x88Bp\xe1\x9cWF\
v\xe5|\xa47Y\x0c{\xe5\xa9\xe7\x94\x0e\x8e\xaa\xa2\
\xa0\x0c\xc7\x1af\x95v\xf7\xf8\x90*\xfd\xddZF\xcd\
j\xc6\xdcY\x22\xdcj\xe3\x9auz\xe1\xc9g\x95\x8e\
4\x94(\x96\x07Y,\xfbi\xe2\xd0'\x9cq\x8a\x96\
.?\x10pH\xc9\x88\xca\x1a\x1e\x1aT\x86\xb1\x95\xa2\
H\x11|\x98\xf34\xc8*\x1dF7\x00\xb8\x1dz\xdc\
\x91\xba\xfc\xcb\x9f\xd39\x1f\xbdP\x9d\xd3z\xb5\xb79\
\xa2,qZ\xb0l\xa1\x0e\x5cn\xb5\xa6H\x0e\xe5\x05\
\xf8M)cT0@\x8b\xe6\xb1O\xf4\xea\xaa\xd5\x18\
\xc4V\x99\xb38\x9e\x12N\x9aaP\xb6\xc7\xaf\xec\x8a\
l|v\xcd3V\x13L\x0b\x1e3;\xc0X2\x1a\
\x0d\x95\x92\xf2r\xd0i\xe7\x9d\xad\x93?t\xa6*S\
\xba\xa5ZUOS\xbb\xfd\xc9\x8d7\xe9\xc5WW+\
\x8dbE\x94O\x1c\x86\xd7\xc2\x88\x04?\x93\xe2,Z\
\x92\x08*9\x86\x94\xc3c\xce\xbd\xfdd\xdd\xfc\x8c\x1c\
\x876\x12vo\x7f\x0c$\xac\x8d\x94+\xbcE\x1bm\
\xe3\xdfyy\x9c\xd5\xae6\x19\xd3\xde\xd1\x11\x0dQ\xf3\
4\x83\xcd\xed\x19F\x96\xf1LfL\xa0;\xd3o\x1e\
b\x00;\xd3\xee\xc1!\x0d\x8f\x8e\x03\xf9N\x0ey+\
wj\x92\xb99e\xea\x22[2'm\x909\x099\
x\xdaI\x82S\x7fGE\x9ek\x8bf\xcf\xd4\x87\xce\
:S\xc7\x1eu\xa4\xba:j\xc5_\x9f\xba\xee\xba\xeb\
\xf5*\xd9s\x99 T\xadVd\xb3\x8a\x8c\xa0\x22\xe7\
d\x99\xac3\x10\x81\xa7\xa6\xad\xdeS\xab50n\xb2\
\xc8d]wTK\xe8\xbe!\xcbl/\xbf\xe4\xa3Z\
4g\x96\x16\x90Eo&\x98}\xf3\xbf\xfd\xadn\xbc\
\xeeff*\xe8/\xf7Lcw\x14\xbf\xd5\xd6$\x8b\
<p\xe9\x01\x9a5}\xbar\x93\x85\xd9'6k2\
\xcf\xb2Tm\xce3d\x82\xc0\xde\xd5\x07q \x12d\
\xedh\x11\x9al\xc4\x01\xbc\x93\x14\xe0%\x0a\x01\x9b\x16\
\x94+0N\x9e,>\xe2^\x96\x06e.\x92\x07d\
\xd6\xb3\xd0t\xc3]w\xe8\xf1\x95\xcfi\x98D!\x06\
\xbc\x0e?\xf1h\x9d\xc4Z@\xb9\xab&%\x01?\x90\
,P\xb5\x00\xc3T\x99|\x08\xe0p\xac\xf1\xfa\x04\xba\
\xda\xa3v\xde\xa6\xa8\x91\xa9\xe9R\xec,W;J\x8b\
s%^\x03S\xa7\xc8y\xa9\x85/N\xeaR\xda\xb9\
}\x97v\xef\xdc\xad\x08\x00\x0drj\xe3[9\xf20\
\x11e\x0c\xc6\xf1BW\xadS\xdd\x1d\x9d\xf2\x0cv|\
\x98`\xfc\xf4\x0bZ\xbbz\xad\xe2\xd4\xab\x16\x95\x0a@\
\x8e\x94\x0bV\x14\x19pVc\xcd\xa36m\xa55\x8f\
_8\xda)\x03\xdc\x19<\xdb7\x88^|\xfe%\xe5\
\xf0\xd0S\xab\xe9\xc8\xa3\x8f\xd4\x1c\x16\xd3\xe3R\xac\x06\
:\xcf\xb1\xb4\x8cYL\x1c\x9c<|\xbc@\x09l\xd3\
[oI\xf4\xddf\xc6\xe6\xe1\xdfFd\xa3l\xf3l\
+O\xd5D\x8f\xb9s6\xab\x9b>\x7f\xc1\x82\x13{\
\x06\xe6,\xcc\xf3\xdc\xba\xd5\xfb\xb5\xc1\xc6\xfb\xd5\xf4d\
\xbb_\xff\xfa\xd7;\xba\xba\xbb\x8fYv\xc8\xc1\x07G\
\xa5R2\xce\xf44\xe7\x16\x03\x93\xf7\xa8\x8a\xf19.\
X\x06J(\x92cJ\xf2\xec\x13Oi\xc7\xe6\xcd,\
rI\xa5\x12F\x15\xc1&\xd4f\xba\xb9\xe4\x80%\x9a\
\x5c\xbd\xec\xd4\xe0\xae\xdd,\xa8<\xaf\x0d\xeb7\xc8;\
\x8f\xb1\xd20\x0e\x1c\x87Hg\x9cv\x9aN>\xe9d\
%\x95\x8a2\xa6\xb6\x11\xf7\xcbII\xc1{\x1e\xc2x\
\x98\x8e\xa68\x8d\x19F\x1b\xe17p\xceR\xad\xa2\xc5\
\x07-\xd1G>v\xb1\xfe\xf4\x9f\xfd\xb9N>\xf3T\
\xf5\xcf\x98\xa2\x15\xc7\x1e\xa1\x03\x96\x1f\x8c\x99\xf2*\xea\
\x08X\x08z\x92pD\xcfA\x93\xac\xed\xf1\x87\x1e\xd1\
\x10\xb5\xcd\xc0x\x0c\xd0\x0d\x5c\x85\xe2\x8bq2\xc0\x1c\
@\xc8\x00\x88\x9c\xbe\xbcr9GC4\x97\xc1\xaf\xfd\
\x1d\x043\x80\x16=\x1c\xbc\xe2P\x9dH\xbfS\x09*\
\x8e\x95\xfc\x17\xc8\x18o\xb9\xfdN=\xfa\xe43\x9a\xc0\
pb\xaee\xb4e\xbc\xe79\x0d\xd8g\xb2)\x8e\xb8\
\x80\x8c\x1c7\xe8r\xf2\x9c\x9f\xef\xe6\xe3ij\xff{\
vX\x10\xfd\xe4rp\x8f\x0c\x91g\xa6b$\x16;\
!nr\x9e\xf1\x92]O\x1d\x80\xc0y\xbeo\x9c\xe2\
=\xb1\x95K%\xb5\x01\xc4\x06+\xdd\x9eq\x94#\x0b\
d\xa9\xc6F\xf6\xe2(\xec\x07\xf7\xca2\xdb\xcf~\xf2\
\x93:\xf1\x84\xe3i\xc1\xe9\xfa\xeb\xae\xd3\xb7\xbf\xfdm\
\xbdD9\xc32d\xef\x9d\x1a\xd4\x9cM\x06Uf@\
\x09\xd9Uj\xb3\x86\xdc\xc9\x8e\xdb8\xa8'\x00\xc4q\
R\xf0U)W\xe93\xa3dQ\xd5\xe1\x87\x1d\xae\xc3\
\x0e[\xa1\x993f\xe9\x86\xebo\xd0_\xfc\xab\xbf\xd0\
\xd3O=\xa5\x09\xa6\xa45\x1c9\x22`\x8c\x11(^\
z\xe9%m\xdf\xbeC\xfd}\xfd:\xe4\x90\xe5\x0a\xde\
+G\x9f\xa6\xaf\x98\xc0\x97\xd2Gnr\x86\x17\x86\xf5\
\xae?&5\xa3w6\xc00d$\xfa\x14\xf2\xcb\xa1\
\x94\xbe&\x09\x0c\x91S\x04\x0fM\xec!e\xdcQ\x5c\
\x92\x0b\x89V\xbf\xc5l\x08[y\xe2\xf9\x17%\x80\xb8\
g\xea4\x1ds\xe2\x89:\x8e\xd2\x8c\x8b\xe8\xc1g\x98\
,V\x86\xcd%\xbco\x81$\xc2\xaf\xccV6o\xda\
D\xab\xe8\x96{\xca\xa5\x10Ejs\x9cq\xd3\xc5\x91\
f\xce\x9d\xad\x1a3\xcb6~SA\x87\x19\xbe\xb3g\
\xd7Nm\xde\xb8\x116\x1d\x01\xc1+\x83\x17'\xc99\
\xc7\xfbAB6V\xa2\x9a2u*M\xe62\x9b\xda\
\xbdc\x97^f\xeao\xbf^\x1fHZr'\x80<\
U\x13_\xb2:3\x82\xd6\xf4Y\xb34w\xe1\xfc\xa2\
\x8d\x16\x00\x1b\x82/2\xe3Q\x16h\x9f\x01H\xb7o\
\xde\x22\x87l\x16S\x16:\xe0\xc0eyB\x10\xce\xe8\
\xa1\x0d\xe0\x1a\x7f\xa6\x17K\xaevn\xd9\xaaG\x1fx\
H\x86+b,\x86\x0b\xb1\x0fr\xe818\xf6\x0e>\
\xf1e\xb3\xa3R\xa5VY\xb2t\xd9B\x12\xc33\xae\
\xba\xea\xaaN\xbd\x8f\x9b\x7f\x1f\xdb.\x9a\x8eZ\xad>\
V%O\x0e!\x9ak_L\xafV\xaa\xca\x9d\x97e\
O\x0e\xc5\x9a\xd0\xbd\x1c\x8bH\xb9\x22Nv\xbc\xb5V\
/S\xbb\x99\xa0\x8eh\xe65\x8e3\xd4\x9b\x13\x8a\xa9\
\xf1u\xf4tj\xe1\xe2\xc5\x9a\x83R\x1cF\xbfv\xed\
Z\xbd\xf8\xfc\xf3\xc5\xbb\xd8\x06N\x91I\x08\xd4@\xe7\
\xe8#\x8ef*)\xe5cuUk\xdd\xd4\x86[\xaa\
%ey\x04\xdd\x22\x22\x9b\xa0\x13\x9c\xd5\x22\x7f\x9d\xa9\
\xf98\x19XD\xcdJq\x90\x81\xfb\x81d\xd3\x9f\xfe\
\xd2\xe7\xf5\x87\x7f\xf65\x1dw\xeaI\xf2\xf4\x8fe\xc1\
\xbb\x13\x8d(\x0a\x91&\xa8\xabJA\xab\x00\x83\xd5/\
\xbfL\x99\xa1\xa1\xd8;E\xf2\xf0\x92\xcbq\x1cP\xaa\
3\xe2\xd8\x04\xe2\xbc\xe4\x9c\xe3G\x0eIy\x90\xe2R\
\x8c<\x22\xcd\x22j_|\xd9\xc75\x83\x95\xd9\xb4\x14\
i\xdb\xf0\xa0n\xba\xe3N=\xbf\xf2e\xc5\xc8\xad\xda\
\xd5M\xcd\xb9\xa1:\xfc;\x93\x9dr!2\xbd\xe7\x1b\
\xc0\x8deN6k\xc7\x93G\xfc\x84o\xed'\xcf\xb9\
'L\xb8\x82L\xa7\x05/>\xc8\xa6\xaf9c\xb4}\
\xc6\xf39\xc4Hem\xe6\x04\x1d\x91\xa1'\x81\xf7\x90\
yZ\xaf\xab#a\xfc\x06\xc0\xc8\xfe\xa3\x17]\xac\xcf\
^N\x99g\xee|\xd5\x01\xbf\xeb\xaf\xfd\xa9\xbe\xff\xdd\
\xefk\xcb\xc6M\xb2\x99E\xa0\xfd&S\xc4\x8c\x9ay\
\x84\x0cZ\x04i\xc1A\x85\xcc\x97\x0e\x90\xbbS\xf0\xb1\
\x12\x02lD\x86\x1eE\xb1F\x99b\x96\xa9\xc1{\x1f\
\xa9\xab\xbbWO\xb2\x00\xf7\xe7\xff\xe4\x7f\xd6\xff\xfd\xef\
\xff\xa3^y\xe5M\xd5\x09\xca\xc6\xafej\xf6\xb7\x10\
R\x1c}\xdd\xbauZK\x96\x94+\xd5\x8aC\x0fQ\
\xad\xa3&\xef\x183\xf6U*%\xb2!yt\x1a\x00\
\x04)\xd7\xfb\xb2\xd1\xbes&ok\xdd\xf6N`\xaf\
\x998\xdd{\x19\x88x\xc64FF\x1e\x95k*w\
\xf5j%e\x91[\xef}@\xaf\xbc\xb5N\x13\xb0\xd5\
;}\x86>p\xfeyZt\xc0RY\x16c\x99^\
\x9c\x04\x05l\xd2\xc6\x9a\x03v%d\xb4k\xc7\x0e\x99\
\xdf\xb8\xcc\xc9\xc6\xe9\xe8!C'\xb9\x13\xc3\xcb4}\
\xe6\x0c\xcd\x9a7W\x09\xb6\x9a\xb2x\xc6\xc3v\xa3\xa8\
\x85\xa7\x13uy\x9eO\xa2H\x11\xfc8\x1f\xe4\xe0\x9d\
\xee\xd5\xd5\xd3\xad\xd9\xd8\xb5\x01a)N\x00^\xaf7\
\xdfX\xc3\xacb#~\x9b*\x8a\x12\xb5\x19T\x03\xc0\
l\xc1K\x1b\xf9\xd6X\xf0\x5c\xbcdI1\xd66\xb6\
\x92\xb2`\xed)aT\xa2\x926\xae]\xafg\x9f~\
V\x19\x01\xa7\x82\x8e\x97,[\xe6\xca\xe8\xa6D\xc2\xd4\
F\x0f)d\xa0\x9a\x12\x94;K%\xea\xc9\x0fh;\
IYl<\xe5R\xf0^6\xbe\xe0\xd8\xcb\xd3G\x0e\
\x0f\x91\xb2v\xdb\x858\x9e:}\xfa\xb4\xa3\xc7\xc6\xf6\
Lap\xef\xdb\xc7\xbfo-\xd3\xf0\x15W\x5c\x11%\
I2\xaf\xab\xa3sY\xdaj\x96\xc5\x80\x19%\xeaq\
\x92\x0b&\x1e\x89\x81'>R@\xd8\x81H\xb9\xf2\x99\
\xe7\x8a,\xb7\x8c1\xf3\x91\x83\xc3F\xab\xae\x96\xdaZ\
\xb0d\xa1\x96\x1d\xb4L9\xca\x19\x1b\x1a\xd6\xeb\xaf\xbe\
\xaa\x8d\x1b6\xa8\x89\xe3\x9a\xa3X6\xdb\xc9\xca\xbah\
\xe7\xc7W^\xa5'\xc9>\xeb{F\xe4\x86\xc6\xd5\x11\
U\xe4P\x1c>\xa4(\x04\xc1\x97\x02FR\x07p\x9b\
(\xb6\x0b\xe3\xd8\xbcm\x8bJ\x00{'%\x0c[\xa9\
-\xf7vh\xf1a\x07h\xe6\x92\xf9\x94\x19\x02\x1c\x98\
\xd6\xa4&\xd1>\xc6\xa1;\xc9\x8cv\x01\x06\x0f\xdes\
\x9f&FF\x95\x84H\x0e0\xc8\xc9\x02\xf2<\x93g\
\xbc\x19\x06\x95C\x0cZ\x93\x86\x9a1\xeeL)\x86\x9b\
QWr.W\x16r\xf5M\x1f\xd0\xf9\x97\x5c\xa4Y\
K\x17)tuh/\x80t\xc3\xddw8.,\xeb\
\x00\x00\x10\x00IDAT\xe9E\x16\xcd\xea\xb4\x19\x92\
\x0aS\xa8\x8c\x85\x95\x14\x90\xae\xca\x00\xa5\xc58\xc54\
\x93\x06i;\xa3\x8b|\xb2\x8b\xe2B\xa6\xdffs\xb9\
\xd0L\xb6\xaf\xbd\xc9\x96\xb8D\xcb8\xbe\xf3\xca&\xef\
\xb2w\x05\xe5\x9c\xbfM\xdcO\xa1\xbc 's\xdc\x9c\
&\x1cr\xf0\xa6\x00\xc6\x1e\xbb\x8c\x85\xc4D\xa2\x8e7\
12XL\xf5?q\xf1E\xfa\xe4\xa5\x1fSG\xa9\
\xac\xbd\xbb\xf7\xe8o\xbe\xfe\xdf\xf4\xbd\xbf\xff\xae\xea\x04\
\xb7\xc8EjR\xd21\xaeJ\x04\xcf\x0a3\x18\x93\xef\
\xc8\xe8(\xa0:*s$\x93\xb3\x05\xe9\x80~\x854\
\x1a\xf5\x96Rt\xfe\xdak\xaf\xeb\xce;\xef\xd6\xed\xb7\
\xdd)\x03\xdb\xaf|\xe5\xabz\x9el0\xc1i\x93\xc4\
kxdLc\x04\xf7\x14\x9dY\xbb\x1d\x9d\x1d\xf4\xbf\
[/\xaf|Q\xf6M\x90ys\xe6j\xe6\xf4\xe9\xb4\
(edL\xd6\xafwN\x11\xfau\x8cQ\xefr3\
\x19\xbf\x93LF\x93\xb2\xf22Y\xca|\x84\xf6\x0b9\
\xca)C\xd7v\xddq\xcd2\xba\x04\x1b4~'\xa8\
Y\x0e\xb3\xb6\xe1\x08,mW\xd2\x1b\x1b\xb7\xeb\xfa;\
\xee\xd1^j\xa6\x9dS\xa6j\x1a\xb5\xf1\xf3.>_\
Sf\x83%Q\xaa\x9c\x8c\xd7\xc0\xac\xddn+\xc5\x96\
3\x12\x98\xed\x9b\xb7\x163\xb5\x981E\xf4\x8bR\x0b\
\x99*8\x8d\x93\xf4\x94\xba\xaa:\xe0\xd0\x83\x14\x90\xd7\
\xc4\xc4\x98\x92(R\x86\x1e\xedOg\xd6\x91\x9d\x97+\
\x9ew\xbc\x9f\xe3\x9fm\xdal!\xab\x1c\xe0\x9b5g\
\x8e\x5c\x1cd\xfd4\x01\xe8\xad\xf8\xcc&\x16\xd8Z\x04\
\xcc4\xcf\xe5|PBfn\xe3\xcc$9\xfc\x88\xac\
\x93d\xa9\xaa\x84\xc4\x88\xf4\x5c\x1e|P\xa3\xad\xfa\xd0\
\xa8^b\x81}\xfb\xd6\x1d\x12\xcf-=\xf0@\xcd_\
\xb4P\xf6\xcd$\xfbz\x9c\x87\xdf\x9c\xc0\x8e'\xaa\xec\
#\xed\xd9\xb2]\xcf>\xfe\x84,\xb8\xe7\x00\xb1g`\
Y\xde\x02\x22Z@Q\xa6\x14^3\xe4\x1a\x18\x0f8\
\xd2\xd1\xdb\xd77\xd7e\xfe@\xc3.\xbdO\x9b\xdf\xd7\
\xee\xfb\xb2\x1bH\x92\xee\xee\xae\x9eS\x06\x06\x06\x16\xc6\
\xe5\xb2\x8b0\x123\xda\x14e\xb4\xe91\xcd\x9c\xcc\x07\
}\xee\x0a\xa1\xee\xdd\xbaM\xab\x9e{V-\x9c\xac\x1c\
b\xf4\x9d\xabB\x04s1\x0a\x06\x98\xec+b\x07 \
\xe4\xc8\x07\xad}\x93,\xf7\xb9\x17\x94\x11\x05\xed\xbc\x8a\
rM\xa9[\xb7lQ\x7fO\xbf\xd6\x931\xff\xed_\
\xffM\xf1U\x95\xd5+_\xd3\xf8hCY\xbd\xad*\
S\xb1$\xc4\xcaqF\xacX\xc1O\x8a\xa0\x8d\xc3\xd9\
\xd7\xd0\x86\xa8\xfb\xee\xd8\xbb[\xaeRRyJ\x9fr\
\xb2\x82\xdd\xc3{\xa9Q6\x00\xddL\x19\xc6\xd5`A\
)\x87\xf1\x1c\xbe\x1e|\xe0>2\xdd\x17e\xca\xac`\
X)S\xe7\x0c\x10wy.\xdbRJ\x0a\x93\xd4\xe2\
\x8d\x14g\xca\x0b\x857Y\xd0I\xed\x8a\xcf\x15*\x89\
>\xf4\x91\x0f\xeb\x90\xa3\x8e\x90\xaa%\xad\xdf\xb5C\xb7\
>\xf4\x80\xee}\xe21\x0d\x014\x19\x99[\x13Y\xd9\
\x22H\x99\xe9tF\xc3\x13dg\x19\xe0\xce\xe1\xe4g\
\xb2\xbb\xc9\xe3\xf7\xe8\xa7\xdb\xd7\xa6\x83\xeb\xc9&\xd1\x17\
\xe3\x17\xa3\x15\xfb\x1c\xe7/\xf6\xc5\xb9\xd8\xbc\x9c\x0b<\
\xed!\xbdMv\xe4\x90\x9c\x95\x13J\xc1\xcb2\xdb\x8c\
\xa0R\xa7>\xdcU.\xe9\xe8\xc3\x0e\xd5'Y\xd8\xba\
\xf0C\xe7\xaaA\xf0\xda\xb2a\xa3\xfe\xea?\xfc'\xdd\
\xc3T\xb9\x09\x98\xd4\x99\xad\x98\x83:\xfa)\x01\x94b\
\x1b%\x0b\xce\xb1\x9bN\xb2\xa2\x10\x82Z\xd4\xe6C\xc0\
N\xb0-\xdb\xa7\x04\xaa6A\x89S\xad%;\xfa\xfa\
\xd7\xffF\xff\xfa_\xff;\xdd\x7f\xffC\x8a\xb1\x01{\
\x7f/\x0bP\x1d\xcc\x82\xac\xcd*\xc1\xda\xdaq\xce\xc9\
9\x87C\xe6z\xe3\xcd748\xb8\x87\xb2zY\x8b\
\x172\xddE \xa6\xdf\x14\xb0\xb2\xc1\x99xrj\x82\
\xb0\xf3\xde|\xdc\xcf7cA$\xcb\xf3\x82\x17v\xc5\
M\xe7\x9c<\x94\x93\x19\xb6\xa9\xc5Z\x8d\xbc\x02\xef%\
\xea\xfcm[1Kj\x1a\x06\x9c\x9e{\xf5M\xddz\
\xdf\x83\xda\xb4{Wa\xcb\x07\xadX\xaeS\xce:M\
e[\x1cN\xebh#UG'\xc1\x1b\xb01\x00\xdf\
\xb5m\x87\xd6\xaf\xdd@\xdb\xb1\xbc\x82\xa9LB\xbf6\
\xc6\x86\xd93`\xbb\x94\x05\xc8\x81iS\xc1\xc0\x96\xe2\
$*\xfe\xce\xc9\xdauo\xb1'\xe8I\xca\x98\x81q\
S0,\xb3\xcd6\xbe\x90\xd3\xd3\xccy\xb3\xc5\x22:\
3\x95\x92r\xc0\xb8A9n\xf7\x8e\x9d2\xff\xb3\x05\
\xb7\x8cN\x22\xc05C\x9f9\xbd\xb7Q\xda\x14\x82E\
7\xb3\x12\xcb\x84q\x13u\x97;\xd4\xb6_XjI\
\xdb6n\xd1*J\x14)m\xf5\xf4O\xd1\xf2#V\
\xc8'A\x0e\x7ft\xc1+\xe7\xfd2\xc7\x13\xac)$\
\xceQ\x82|\xb6H\xe4\xc4\xf5\xc8\x05\xc5\x8c+\xa2\x9f\
\xc0>\x8e\x12\xd9\xf8\xdb\x04\x80\x84@\xde\xdb\xdb7s\
\xd1\x9c9g\xce\xed\xeb\xebeH\xef\xcb\xc7\xbf/\xad\
N6\xea\x9a\xae\xdc;c\xe6\x8c\xe5\x9d}}\xfd\x0c\
\xd8e\x0c\xda\x07\x9c\x12A\xb4\xd2L\x04\x189\x9e\xcd\
\x10\x9eZ\x99\xd6\xb0`\xb4\xfe\xf57\xd4\xc0\x19\x1d\xd1\
\xaaE\x16:^\x1f\x93G\xe1SfL\xd72\xea\xaa\
Q\xb9Lf3\xae\x95d*\x1b\x98B\x99\x12KQ\
,S\x80\x0df\x0a]Y\xf6\x9b\x03\xc6\x0e\xa7{\xe6\
\xb1'\xf4\x9d\xbf\xfe[\xddr\xd5\xd5\xda\xf2\xd6FM\
\x0c\x8f\x03\xf0\x1e\x03\xc9\x0a*\x85D\x06\xda\xf6\x9d\xd0\
:\x19\xb3\x8b\x82*d\x9a\xa3D\xf3={vi\x1c\
\xc3\x11\x0a\xe5!9xo\x03\xa2\x81g\xda\x00\xde:\
\xb2\xd0'\x1e{D\xa3#C\x12\xa0\x1d\x07\xcf.S\
`\x1f\x00\x00\xbf\x0f\xd03\xc6b\xc6\x87\x8e\xe5\x22F\
\x1c\xf18`\xebh\xb7\xa3\xafK'\x9d~\xaaN8\
\xe34\xd5\xfa\xfb4\x8a3=\xf9\xd2\x8b\xba\xf3\x91\x87\
5H\x16\xd2tA)\x94C\x8e6\x03Y^\x83\xb1\
\xb5\xa0\x88 &2F\xb9\x5c\x85 \x0d\x090rZ\
\xd7o\xb3Ys\x9ev\xf6\x13\x10\xf4\xb3.\xe8(7\
r\x8c\xc3\x9c$\xe3nN\x8f\x90s\x5c\xa3c.)\
\xdfw\xcc]\xde\xc5\x95@\x0d4\xaf\xb4YW\x8d2\
NoGU\xb3\x08jg\x9ct\x82>\x7f\xf9e:\
\xf5\xc4\xe35\xb4s\xa7\xec;\xb8\xff\xee_\xff\x85\x1e\
~\xf0A\xb5\x99B\xc6\x80B\x09\xa0\xed\xacu\xa8\x5c\
*+\xf8\x00\xc0\xa6EM\xd7\xe4k3\x0e\xdb[\x7f\
\xce9E\xd8B\x96\xe5\xd8C&\xef\x22\xceKj\x10\
l\x1b\xf5\x94L\xb9)\xab\xef\xa2*\x15N\x06\xf8J\
^\xf5z\x93\xd9K[\x961\x16\x99\xf3\x18\x99\x1c \
\xb0\x95\xda\xe1nx\xb2\xd9\xc8\xa2E\xf3\x01k\x14\x87\
\x5c2@\xc8\xd3\x97\xb3\xb1b\xd3\xec\xde\xd5\xc7\xe4l\
\xa4\xfc\x97\xbf\x9e#3A\xc5\x9e\x87\xcc\xbe\x8d\x02\x8f\
'\xde\xc3y\x86<[\x93r\x89\xcaj\xa4\x92\x07\x9c\
\xec\xb7\x02\xf7\x10\xa8\xee~\xe4\x11\xddG\x967X\x1f\
W\xdcQ\xd11\xa7\x1c\xa7\xe5G\x1d\xa6rG\x19l\
l3\x9e\x18\xb7\xccd3\xb3q\xb2\xfd7_[\xad\
&\xc1\xcc\xcb)\xc2X}\xd1\x03\xba\xc5fS2\xc8\
\x81\xd9\xd3u\xe41G**Er\xd8o\x1b[\xdd\
\xb9s\x87\xf6\xb2\xb6\x02\x9b\xbc\xe5$d\x1f\xa3\x83\x80\
\xder;e67\x8d\xd2\xc4t\x16-\x03m\x96B\
\xac\x1c\xbf\x5c\xb7\xe6-\xd9\xdfV\x08\x0ar\x99\x17.\
\xc2P]A\xe2\xc5$.\x0b\x00T\xc6\xb34\x83\xcf\
JV^\xf0\x04\xd3\xd1\xbdCz\xf9\x85\x17\xb5\x9d\x9a\
\xad\xbcc\xf6{ %\x8cy\x8aH^\xec\x17\xa7r\
\xa5\xb2\x00\x9f\xd0\x8e\xc3\x866S&Z\xfd\xca*9\
\x14o\x80\xec'9\x85\xd5L\xc5\x96K\x01_\xb2{\
\x95\xae\xae\xfe\x19\xb3f.IC:\xc0=\x07\xbd\xe7\
\x1f\xff\x9e\xb7\xb8\xaf\xc1+\xae\xb8\xa24cj\xdfA\
S\xa7O[\xec\x9c\xb0\xfe\xa0\x0c\xa0J!3\x22\x8b\
\xe0\xce\x84\xc2\x80s\x22dchDk_}M\xc3\
(0A9I\x1c\x14\x03J\x138iGw\x87V\
\x1c}\x84\x161\xf5N\xa9\xe7m[\xb7Akl%\
\x9fl/\x05|L1\xa3\xc3\xc3*\xe1(9J\xe9\
(W\xd5\xd3\xd9\x83\x92\xca\x18Q\x83\x9a\xcef\xdd\x7f\
\xdb\xdd\xba\xfa\xca\x1f\xe9E\xca\x17\xc3\xbb\x07\x15\x9b\xb2\
\xc9v\x1dT\x06x+\x09F\xcb4\xad\x01y\x0c:\
\x01\x18\x22H\x91W\x8a\x815\xe1\xdbG\xa1\x18]\x89\
\xec\xacM\xb6\xb3i\xeb&\xb3\x0f%\xa5X\x19\xff,\
\x88\xc8K\x8e\xf7\xd1\xab\xc4\x0fkk\xff\xdea\xb8\xf6\
\x9c/\x05\xda\x94B5\xd1\xfceKt\xf2\xd9g*\
+1\x15\x02\xe8\x9f\x07\xc8\x1f|\xfa)mD\x0ec\
\x04\xa3\x0cY\xf8\x88h\x8c17\x89\xc6\xd6o\xf0^\
!\x04\xc5Q$!?,\x95\xbd\x1d\xe8=\xdb\x1c-\
\x19M\xb6\xcfI\xf1\xb1+N\xce\xb9\xe2,\xdb\x078\
\x11\xe7\xc1\xaep\x9e\xb3\x02\xee\x08\xa8v\xee8\x17r\
\x8ah$`\xf0 \x9dJ\xf0\x9e\xf0\xfaLV\xc3/\
\xbd\xf0B}\xfeS\x9f\xd2\xac\xe9\xd3\xf4\xda\xca\x97t\
\xd7m\xb7\xea?\xfc\xfb\xff[\xaf\xaf^\xad\x9c\xb1\x9b\
\xe3\x1b\xf0\xb6\xb1\x8f\x14\xe7\xb3\xa0\xd8 \x8b\x8bB\xa4\
\x1a l]Z]\xb2Ep\x0a\xf0\x90\x02\x86\xce9\
\xbal\xc9xs\xc8\xce(\x84X\x16\xa4J\x94h\xda\
\xb4;>^WOO\x9f\xbc\x8f\x08\xe0\xa3\xb2)\xba\
\xc9\xb3\xa3\xb3S\x9d\xac\xb4G\xc86x\xcf\xca\xfcN\
\x16\xd3\xb6\x16\xbc\xcc\x9a1CIB~\x84\x98\x1d\x08\
\xc3m\xe1\xef8\xb2q\xf1\xee\x88\xa6\x8a\x17\x1d?s\
\xf4k~\xc1!\x9f\x5c\x0cC9\xf2\xb3{\x93\x94+\
`[\x11\xb2\xec\xe9\xa8iJ\x7f/\xc1\xab\xa4R\x1c\
\x14\x9c426*\xabM[PVLb\x82_\x0c\
2\xce\xa7Y\x10\x5c\xbd~\xbd\xc6\x00\xa2\xcei\x03:\
\xfe\xf4SX3\x98\xab\x8c\x97\xea\xed:\xc1\x86\xd41\
w\xaaS\x17^\xc7\xecq\xd7\xd6\x9d,f\xd3\x17.\
KW2F\x02v\x9f9\x16\x22\x09\x94G\x9dt\x9c\
,Qhq\xee\x22\x87\xfcF\xb4k\xf7N\x1e\xcd\xe0\
/\x08V\x14a\x97\x0e\x01\x8582\xaf\x90\xf9\xef\x8c\
\x993\xd5\xc4w\xe1V\xf6\x0bB\x9b\xd7o\xd2\x9e\xed\
\xbbU\x8a\x12z\x0ab\xc6\xaf\xc4\xc5\x80\xa5W\xb0+\
>.f\xac\x19\xfa\xb2g\xec\xab\xa1U\xf4\xe7\x09,\
\xad\x89\x16\xd9\xeeVm\xa6Vkz\x1e\xc0~\x0e\xa4\
\xee\xee\x92 \xe3Sp\x93\x93\x1cU\xf1\xdf6\xa5\x8f\
a\xb2\xfd7W\xad\x22\xe1\x1aR\x86\xad\x10q\x84\x81\
`\x8e\xd8\x09\xb6\x1aE\xb1$\xcf\xbdL\xce\xfbRw\
W\xf7\x8cZ\xb5\xba\xec\xea\xab\xaf\xb6\x1b\xdc{o?\
\xfe\xbdm\xeeg\xad\xf5\xf5\xf5uN\x9d1\xf5\xe4\xa9\
S\xa7\xce\x0dQ\xe4\xcd\xa0\x9cs\x8c5\x95\xc3Z\xbd\
Y\x10\xc6+(\x00\x94\x9b\xdfx\x03 }EV{\
)%\x11F0.\x031\x03\xddj\xad\xa6#\x8f:\
J\x09S\xa8&@\xfb\xc6+\xab\xb5y\xddF\x05\x8c\
\xc5\x14b\xdfJH\xa2H9S=\xc75\xef\xbc\xda\
<\x97axe\x94\x17\xb1Z5>8\xaa\x97\x9f}\
Q?\xf9\xde\x8fu\xfbOo\xd6\xe67\xd7+\x9bH\
\x15\x88\xb2\xae\x8d\xc8[\xb9\xa9\xba0\x82\x14'7G\
\xcf\x01\x8a\x18E\x1a\xc8&\x00\xba\x19@\x8c\x82<\x06\
e\xe0\xb9\xe2\xc8#\xf4\xb9/~NG\x1dw\x8cz\
\x06z\xd5 \xf2+8\x19500\xcb\x8asD\x92\
1Fy\x91\xcc\xb7)S4\x8b\xaf\xa94\xb1\x9e\xfe\
Y\xd3\xf4\xc1\x8b?L\xcdx\x81\x9a\x18\xb6}\xed\xe7\
\x9e\x87\x1f\xd6j\xa6\xc3M\xc6\x91\xf9Hm\xdb\xd3H\
\x8aS\x96+U\xa5\xc8\xca\xfb\x80q\xe7\x8c7\x13?\
~F\xe2A\xfa{/>\x8e\x1e\x8cd\xbcC9|\
\xe44\xef\x9c\xe90S\x0a\x98\xe6Ez\xd2\x96\xc7\x01\
\xa3\xc8\x89\xf8$Gpr\x18|\x82\x8e\x9d\x81 u\
\xbf\x089:\xca)1\xcf\xcf\x9a2\xa0\xd3YQ\xff\
\xfc\xa7>\xa9\xd3O9\x05Co\xeb\xf9g\x9e\xd5\x8f\
\xae\xfa\x91\xae\xfc\xde\xf7e\xb5\xdc\x18\x90,\xc5\x892\
\xc6,\xf8\xb0~\x9b\xe8\xc4\xa1KX\xe0\x92\x97C\xc7\
\x06\xb6\xce9\x95\xd0\x0d;9\x07\xc7\x8e\xdb\xecC\x08\
\xb2-C^\x82w\xe7\x82\x1c\xf2\x94\x02 [\xd3\x04\
 #9\xd9s\xd6\xbe|(\xfak\xc3\xff\xfe1g\
\x8ccdh\x88\xb165m`@\x1d\xb5\xaa<\xe3\
\xe2\x03p\xb4\x95\x1b\x7f\xce\xe9\xddo9\xed\xf9\xe2u\
\xb3\xb5\x00\x0f\xde{\xe5\xca\xb8\x86\x85\xd1\xbf86\x93\
\x8a\xb8\x1a\xd3U\x82\x90\x8f%\x019\xf3\xb4S\xd4I\
\x09\xccd\xec\x91\xafG0\xe5r\x99\xda\xf4\x84\xda\xf0\
\xe5\x91\xc9\x04cy\xf5\xad5\xba\xff\x89\xc7\xb5f\xcb\
f\xd5\xf1\xab\x85\xcc\x16O>\xebtM\x993CM\
\xda\x14\xa0-\xe4\xd0\xc2_6\x01\x84\xaf\xbf\xf2\x9ar\
\xb2C\x07\x18\xe5\xe8\xd8sO\x8c\xd1\xcao>\xf6\x9a\
\x7f\xd0R\x1d\x7f\xdaI\x12p\x94\xfaL\xa3\xcc\x0e7\
m\xdd\x5c\x00j\x93\x99)l \xc7\xb48\x8fb\xb8\
v9e\xb9T\xb3\xe6\xceR\x14Eb\x08E\xa0\xf2\
\x1c\xed\xde\xb1[.C/\xcd\x5c\x8e\x99H)\x8f\xd4\
\x1c\x99\xd0\xe6\xb5\x1b\xf5&u\xf8\x14\x80lQ\x87\x8d\
\xa2\x18\xdb\xa2\xadT\x8a}$\xfb\x0a\x99\xd9\x89\xfd\xd1\
\xfa\x11\x92\xad2e\x81#\x8e>J\x95\xce\x9a\x14\xbc\
R\xe4\x11\xd0\x7f\x93\x0c\xbf\x84<\xdb$3o\xacz\
Yk_{\x0d\x7f\xcf\x14\x9cWL\xe0\x8e\xb0'\x87\
m\x08^2d\xe5\x03\xbcp\xd2?e`\xda\x9c\xb9\
s\x8f\xdd\xb6m[\xb7\xde\x87\xcd\xbf\x0fm\xea\xea\xab\
\xaf\x0e\x894\xa5\xab\xbb{V\x14\xc75\xc6\xe4\x8aA\
\x01,\x01\xc1\xe7X\xb9u\xec\x9d\x14r\xc9\x0a\xdc\x1b\
\xd6\xac\xd1\xb6M\x9bq\xc2\x16\x11\xa8\xa9\x12Q*\xc5\
IKd\x95\x8b\x96.\x16\xe0\xad\x1cC\xd8E-h\
\xd5\x8b/\xab16\xc1\xbb^\x9e\xc6\xb1~%\x18Y\
\x1b'\xa75\x99 \x8d<\xa8\xedQj\x04\x05\x03\xd7\
\xba\xb4c\xfd6\xb2\xde{t\xed\xf7\x7f\xa2'\x1fx\
D\xbb7\xefP{\xa4!5\x88\xe4.\x917'\xa5\
\x9f\x08\xc5\x04Z\xcf\xc8\xb0\x8c<|\x8a\xebM\x8c\xb3\
P*\x06U\xa3\x0c\xb1\xfc\xa8\xc3e\xff\xf5\xcf\x85\x97\
~T\xf3\x97-,\xb2\x00\xfb\xf6\x83p\x8e\x1cc5\
\xb0\x14\x03M\xc9Z\x8c\x84\x0c\x86\x9bc\xea\x22\xeb8\
\xe1\xec3\xb4\xe4\xf0\xc34\x06h\xed\x9e\x18\xd5CO\
=\xa9\x17X\x1c\x9c\xa0\xd42\xce\x22P\x93@\xc0k\
\xa8\x08\xa0\xb3\xbe\xad\x96L`\xc9\xc9&\x03mr\x95\
\xd1\xe7\x90\x0a\xd2\xdb\x9b\xe3\xc8\x88\xddo\xf3\xc9\x7f\xc5\
\xcb\xe8\xcfZ\x0f\x8c\xcfs\x9c\x03\xac\x1e\xbe\x12\x97\xaa\
\x1c\x0499\x1c0&\xbb\xaa\xc0g\x82sO\xef\xed\
\xd5\xa9\xc7\x1d'\xfb\x8e\xec\x85\xe7}H\xcb\x16-\x96\
-\xde\x5c\xfb\x93\x9f\xe8\x9b\xff\xed\x1bz\xe8\xfe\x875\
\xcc\x22\x89\xb76!A\x0e\x1d\xec'q,\x19 \x19\
9\x183b\xc7\xa782^\xed\xe0\x9d\xc4=i\xff\
\x05a\x1a\x1c\xe7Pq\x8d\xf3}\x1f\xb3G\x03\xf8\x14\
\xb02 o\x9b\x03\xf2\x98\x05\x96m\xac\x11\xe4\x80_\
\x8c\xbe\xbbY`+\xb1\xf7\xdc\xcb\xb1\xcd\x1c\xe7\xde\xd7\
\xc4\xbb\xda\x05\x1f\xb0U)%\x9bs\x8c-\xe2<x\
/\xef\xe8\x00\x99E\xc1)\xa3\xbc\x15\x94)r\x80\x17\
\xa5\xb6\x1e\xd68\x0e9`\x89\x8e\x00<\xa7\x0f\xf4\xe1\
\x03m\xa5\xd4vK\xc1\x03F\x91\x9a\x8d\x09\x95K\xd8\
1\x00b\xa6<\xce\xec\xe8)\xa6\xe2+\xdfxS\xbb\
\xa8q\xe6\xa5\x92\x8e>\xe5$-eQ\xacLM7\
\xa5\xdd\x16\xe3\xad\x96k\x1a\x1f\x1e+\xcav6\x13l\
Sr\xc1,\x95\x02\xc0B\xc7\xc5,\x02~\xc6'\x86\
\xf5\xe1\xcb.\xd1A\x87/W\xa9\xb3\x02\xd0\x95UG\
\xd7\x19\xcf8\xe7\xe4\x9cS\x8a\xadz\xc6!\xb6\x10\x05\
\x95\xe8\xb3\x8b\x85j\xb1\xf1\x04>\x9e)kB\xf8\x5c\
\x0e\xb5\x86'\xb4s\xc3V\xadz\xfaE=|\xe7\xfd\
\xba\xeeG\xd7\xe8\xbb\xdf\xf8;=\xf7\xf4\xb3,\xd8%\
\xb2\x80\xd0\x86G\x0br\xf6\xbe\xa3~5><\xaa\xb7\
\xde\x5cC\x89a\x8b2\xfa\x9b1k\xa6\x0eY~\x88\
\x5c\xa0\x13\x12\x00\xd3M\xc0\x07\xbd\xcb\xe4I\x86vo\
\xdd\xaa\xb7\x98AY\xe6\x9b\xd3\x96\xb5\x13!#\x1fx\
\x01\xdbJ\xb9\x96\xa1O\xfap!Nz\xba:{\xe6\
VB\x18\xa05\x07\xbd\xa7\x1f\xff\x9e\xb6\xb6\xaf\xb1\xb5\
k\xd7V\xd9\x0e%\xdb]\x07v\x81;\x00\x00\x10\x00\
IDAT\x1c\x95J1V\xa4\xec\x1dJ\xc9A\x92\
\xe0\x9c\x18\xae\xdd\xd2\xc8\xd0\xa0^\x7f\xf5\x15\x0d\xef\xdd\
\xab\x00G\x19\x0e\xdc\xc2\xd03\x0c\xaf\xda\xd9\xa9\xe3N\
8\x81B|/.\xec\xb5\xee\x8d5Z\xff\xe6[\xca\
\x98fz\x12\x02\x03\xc36\x86\x11\x03\xe6N\x8e7\xb4\
o\xe3\x0c\x07s\xd0~\xf0\x0d)\x86\x99b\x98{'\
\xf4\xfccO\xeb\xfa\xab\xae\xd1\xcd?\xb9N\xab\x9ey\
Q\xe9xS\x06\xcee\x17\xab\xec\xa2\xe2\xebf\x0e\xc0\
u\xed\x9c\xec-\xc7\xb8\xa5\xd8\x05E\x18S\x14\x22\xe5\
./Vu\x9b\x00\x8de\xacg]t\x9e.'\xeb\
=\xe3\x83\x1fP\x0f\xb5\xca6Ni\xdf1\xf4\x0c\xc8\
\x9e\xb7h\x9d\xc1\x99\xfd\xf1\xe6\x0ej\xb7\x87\x90\xad\x1c\
\x7f\xe6\xe9\xca(1\x8c2\xb2g\x18\xff\xc3O?\xad\
=#\xe3j\xe2-%jsN\xf4\xc3K\xde\xa9\x18\
\x99\xc1M\x84!\xe5d \xecd\xe7\x93$M>\xa3\
}\x9b\x93\xc3\x90\xf6\x9d\xbc\xab\x1d\xc3\x93\xe3\xcdb\x9f\
s\xc0g\xffylc\xa2C\x87\xa1F\x5cO8\x16\
e\xa06\x81\xc3\xb5\xea\xf2P`a\xab\xa2\x5c3\xfb\
{t\xe2\x91\x87\xeb\xf2\x8b>\xa2O}\xec\xa3:\xe1\
\xc8\xa3T\x8b\x13=M\xad\xf1[\x7f\xf3\xb7\xfa\xf1U\
?\xd6\xda5k\xe5\xcd\x1a\xd0\x95\xe8\xd5\xba\xcb\xb1\x0f\
\x15\x1b#\xb4\xb1@9\xf7\xb4\x8f&\x8f5\xb9\xe5\x9a\
\xbc\x0a\xb3n?Ir\xce\xbdM\x9cIr*\xb6|\
\xdf\x1e\xfe\x8as\xf8w\xe8\x95f$\xde\x09\xde\xb3s\
\xca\xb0\xc1\xdd\xbbwp,y\xdaMBP\x8a\xec\xc5\
{\x9eg|\xf0b\xa7w\xbd\xd1a\x8a\x8d\xe1\x1a\xf4\
\xe1e\x80?\xc1t8\xb5 \x06\xd0\x1a\x80:\x02\xac\
\xa3.\x9a#\xcfR\xc85o\xe6\x14M\xed\xee\xd4\x00\
%\xb7\x19\xcc\xae\xca\xb1\xc7JRU\xd9\x8brA\x0b\
\x1d\xb4\x9b\x13\xa8\xa3^\xb4\xa7(h\x88\xac\xfe\xae\x07\
\x1f\xd1\x1b,@5\xe3X\xb5)\xfd:\xf5\x9c\xb34\
w\xd9B%\x1d\x15\x1b\x9c\xec[\x1f\x19\xbc\xbc\xf6\xf2\
\xabZ\xf9\xdc\x8b*G\x89*qI\xe5$\x11\x82(\
\x88\x1cF\xd5\xde\x0e\xa9\x1a\xe9\xc2O|\x94\x85\xb9\xd3\
\xb5\xfc\x88\x15Zq\xd4\x11*\xb3\xc0\xcb d[f\
\xfe\x1d\x82\xda\xc8*#\x90\xb9\xe0T|\x07:\x8eD\
\x12\xa6\xe0<\xac\xb6XcY\xaf\x97\xf1\xc3\xc7\xeez\
@\xb7_s\xa3~\xf0\xb7\xdf\xd1\xd5\x7f\xff\x03\xd9\xdf\
h\xd8\x88ML\x00\xac\xe5\xb8,\x9a\x10M\xca\x87\xa0\
`\x81\xc9y9.n\xd9\xb4Y\x1blVH6\xdc\
\xd5\xd5%\x9by\xd6z\xbad\xbei\xdfd05g\
`I\x82N\xc7\xc1\x96\xd5/\xad\xd4 I\x9b\x03\xa4\
\x85\xd0\x1d\xcc\xe6\xca\x0b\xb6\x9d\xf7\x9c\xa1sl\xda\xc7\
Q2m\xc6\xf4Y\xd3\xa6\xf6/\xfd7\xff\xe6\xdf\xc4\
\xdcxO?\xd6\xd3{\xda\xa05Vj\xb7\xab\xd4p\
\x0e\xe9\xed\xeb\x9b\x13\x82\x8f\xec\x9a\x18a\xce@\x19\xa3\
\x1c{OTq\x96\x992\x85\xd8\xb8v\xad\xde \xf5\
\xcf06\x11\x99\xa280Uo\xca\x04\xb7h\xe9\x12\
\x1dt\xe8a\xf2\x00\xdd0u\xdf\x970\x88:E\x7f\
\x070\x99\xe0\x03\x0d\xa7L=\x85\x12\xfc>\xc1\x99\xb0\
\x8b>\x8b\x1f\xd6\xb1\xa3V\xe4\x00U\x86;\x01\x94\x8f\
c\xa4yI\x8d\xc1q=r\xd7\x83\xfa\xf1w\xae\xd4\
\xdd7\xde\xa6\x9d\x1b\xb7\xaa\xc5\xf4&\xc9\x22%\x94$\
\x22\x22j\xa2\xa0D^\xde\xfaCY\xd6\xaf9G\xca\
\x18\x8c?\x9bb\xb5c\xfa(E\x9a\xb9h\x9e\xce\xba\
\xe0\x5c]\xfa\xe9O\xea\x90\x15\x87\xa9\xa30\x00\xa7&\
c\xb4H\xed1\xe0\xb8Z\xd1\xf4\xb9st\xee\xc5\x1f\
Q\x09@\x1a\x04\xac^[\xbfNw<p\xbf\xb6\xed\
\xd9\xab6\xcc\x87P.zu\xa9S\xc0`R\x22\xb5\
\xc9&\xa2\x1b\xef2\x9932\x12\xd95\xdb\x17@\xa3\
\xc9\xcd9'>\xa2\x99\xc9\x0b\xef\xd1O0\xa7h\xc9\
\x0935\xc3\xe4,\x01\xf9\xf3vC-\xa6o\x11\x81\
\xa3\x0439\x99\xd6\x94\xce\xaaV\x90\x8d]@\xad\xfa\
\xf2\x8f^\xa4\xcf|\xfc\x12}\x80\xe9p\x0fe\xa2W\
\xa9\xdd\xda\xd7\xf9\xbe\xfd\xcdo\xe9\xf1\xc7\x1eg\x11r\
Lu\xb2\xfaQV\xa6#\x1c=3\xb9B9^\x86\
\xa6h5\x17\xa2/(\xa7O#vo\x7f\x8c/\x07\
O\xfaE\xb2\x1bo?\xf5\xab\x0e&[s\xd8\x8d\xc7\
\xbe\xe8\x16\x8c\x8a\x15\x13\x142\x9cU\xf0\x90\x92\xc5\xb5\
\x99a8\x9a\xe8\xee\xeeR\x0c\x88YW)\xd9i\x86\
=p\xf9]\x7f\x9cs\xe8\xca\x17\xb3\xb4\x0aSd\xb3\
_\xf3\x11\x1bO\x86o\x94\x00R>\xd8n[>k\
R\x0f\x97fO\x9b\xa29\xcc\x92fL\xe9\x95e\xbc\
=\xb5\xb2\xf2\xd6\x84\x5c\xda\x00\xc8F\xd5K&\x1c\xc1\
`\x1c\x5c\xc1W\x13\xdf\xc8\x19\xdb\xba-\xdbu\xcf\xa3\
Oj\xed\xb6\x9dj\xc6\x01\xc0]\xa4\x13O?M\x15\
\xea\xc3\x96\xed\x96(M\xd4'\xea\x1a\xc5\xc7V\xbe\xf0\
\x92\xf60\xf5o3\xab\xf3\x08%\xd0R\x09\xc0l\x9b\
\x7f&AT\x014\x0f\xc0\xbe\xe4\x93\x1f\xd7\xe5\x9f\xfd\
\x94\x96,[J\x88\xc8d6\x97!3\xd3E\x00 \
\xdb\x8c\xc1\x80\x97\xd7\xc5@\xd5\xe6^\x03~Z\x94\xfd\
\x86\xf7\x0c\xe9\x99\xc7\x9e$\xe9\xb9^\xb7\x01\xb8O\xde\
\xfb\xb0\xb6\xbe\xb1^\xe9p\xbd\xf8\x0b\x7f\x15\x9f\x14\xa0\
\x9fak\x0d@\xb5\x0d\x1f9z\xb262|=\xc1\
VF\x07\x87\xc1\x8d\xd5\x1a\xa2\x04\xd4F_\x8b\xc1\x8a\
\xd9\xf3\xe6M\xda\x8c\x97\xda`\x8c\xf1\x12\xcb+F\xd5\
\x1bX\xbc\xdb\xf0\xd6Zn\xa4\x12\xba\xcb\xe0'\x85\xc4\
\x16\xa2\xa8\xc0\x18{\xc7y\x17\xbazzfO\x99>\
e\xf9\xc2)S:\xb9\xfd\x9e~`\xed=mO,\
\xa0E\xd4\x96\xa6O\x9d2eQ\xb5R\xeed`.\
Ep\xce9q\x8c\xec\x1d\xd1\xca\xc9\x09) \x94:\
+\xffVo\xd9\xbeu\x8bB\xe0*\xd7pk\xb2\xbd\
\xb6B\x12\xeb\xc4SOV\x95(\x96\x11f7\x92\xe5\
\xbe\xf1\xda\x1bLM\xda`s\x86(\xa5\xc8\x079\xe7\
dY\xa5\xb5\xaf}\xcef\x06\xa0\xb77\xfa\xe3\xfd\x90\
y\x992\xbb\xe3\xaaB\xcb)\x1dm\xc95r\xed\xdc\
\xb4]w\xdf|\x87\xae\xfc\xdb\xbf\xd3\xd3\x8f<\xa1\xb1\
]C\xb2r\x83c\x0a\x14\xda\xb9b\xc07\xe6\xfd\x0a\
\x8a\x8eCP\x8e\x82\x1d\xbc\x06\x92\xf8\xb6\xcf5\x966\
5\x0e\x95\x01\xd1\xae\xe9Se\xbf)3e\xc64V\
\xc3\xeb\x829\xc58q\x1b'mapSg\xcc\xd4\
\x19\x1f\xfc\xa0\xa6-\x98\xa7\x98,~\xed\x8e\xad\xba\xe3\
\xa1\x07\xf5\xc6\x86\xf5jcT)}yG6>\xde\
R\xdev\xb2\xf1\xe5\x18\xafG^\x0e\xd3\xce\xc9x\xca\
q\xa4iS\xfaU\x8ec\xd9\xb5\xc9{\xb9\xbc\xd3\xe4\
\x86<\x9c\xb3\x13\xa3\xc9K\xef\xc5O\x13\xad+\xf8\xa0\
5\xd3)r\xa8\x94\x22U\x93H1Y\xd8\xac\xe9S\
t\xca\xf1\xc7\xea\xd3\x97^\xaaO\x5ct\xa1.\xbd\xe0\
|\x9dz\xec1\xeaLb\xbd\xbej\xa5\xee\xb8\xe9&\
\xfd\xfd\xb7\xbe\xa9\x1b\xae\xbbVV;l\x01\xb6I\x5c\
\x96s\x91BH\x94\xa34\x03\x1d\xd3\x7fF?\xf8\x16\
\x0e$\x1buA\xb9\xf6\xf7\xee`@2~\xc46y\
5\xe7({\x07q^<\xc0\x9e\xab\x93\x9f}\xc7?\
w}\xf2\x9a\xfdL\xe9\xd0\xa1_\x87\x1el\xf6d\xbd\
\x04\xefer\xb5\xc0\xe7i\xa4\xc1T\x9e\x9d|0\xa9\
\xe7\xd8\xb4\xbdiW~sr\xce\x17\xef7\x00\xb7:\
\xed6\x00w\x1f\x9c\x12\xf4\xdb\x06\xec3\x82u\x8e]\
Y\xa6[\xe2\xfa@Og\x01\xb8\xb5$\x14\xd9\xed\xfc\
\xd93\xd5K\x80\xf3\x00r\xec\xda\x0a\x04\xe7\x8er\xac\
\xe6\xd80>\xd2\x90\x98mY\x10K\xe5\xa5\xa4\xa4\x17\
W\xbf\xa9g\xc9d\x87\x011\xc7J\xff\x91\xacE\xd8\
oZ\xba\x88\xf6\xb0%\xcfs9\xd9\xee\x865\xeb\xf4\
\xc2\xd3\xcf\xd0F\x0b\xb0\xcf\x15\x18\x9a\xcbs\xf4\x93j\
\xfb\x9e\x9d\xea\x9b1]\x8d\x9c\xfe\xaa%\xcdZ0G\
1m\xa5\x80W\x9b\xcc\xd6\xf6\x92\x93Gh\xdeyM\
\x9a\xa1\xd3(\x0b}-\xec\xd8\xb0 \x10\x04\x22\xee\xed\
\xdc\xbcM\xeb\xe0ip\xcb\xce\x02lK\xa9W\xd5'\
\x8a,\xd9 \xd2\xdaoz\xda\xd7\xcb,K\xcei\x88\
Kj\xf3\xc3\x02^L\x1b\xa6\xa37_\x7f]V\x02\
j2\xa6^\xd6\x0b\x0e8\xe8\x00E\x95\x18\xc0m+\
\xc57MO\x0e\xde\x92\x104\xb4{7v\xb8J\xf5\
\xd1\x11\xc6\x92!\x1f,\x87\x1d\x1f\x15\x8c:\xc9\x07\xf3\
\xef\xcc\x858\x0c\xd4:\xaa\x8b\xc9\xb8\xfa\xf5\x1eo\xfe\
=nO}y^\x9d:u\xc6\x11\xbd\xdd\xdd\x07\x85\
8.\xe5\x0c8\x83B\x08\xca\x00T\xeb\xcf\xf1\xc3\x94\
\xc8\x05\xed\xdc\xbe]\xab\x99Z7\xc9\x90\x84\x91\xd8\xe0\
\xad\xb4\xd0\xc4\x80\xa6S\xa79\xf2\xc8#\x85\xc7\xa9A\
\x09a\xe5\xf3/ip\xf7\xa0r\x8002G\xc5\x1c\
\xcc\x7f\x22\xda\xde\xdf\x8f\xb9@n\x1d\xd8\x0f#\x0cI\
\xb2\x0b\x8e#O\xc6\xea\x945R\x16\xd1ZbUK\
\xb5\xa8\xac\xb2K\xb4{\xebn\xad{\xfd-\xfd\xe4\xca\
\x1f\xe9\xaa\xef]\xa9\x0do\xbc\xa5\x12}\xf8\x94\xee\x1b\
m\xdei)\x85\x07g\x8eI{!\x8aP*M\x00\
<-\x98h\xf9L\x0d\x8c\x7ftbD\xaf\xbe\xf6\x8a\
\xde`\x01\xc3\xf3L\x8c\x03a\xaf,\xdeT1\x98L\
\xa7\x9dq\xba\x8e:\xfe89\xb2\xdeQ\xeau\x0f?\
\xfd\x94\x9e~\xf1y\xe5\x18}\x8b\xb6c\x9c#e|\
\x02|\x03@\x1f\xc1u\x1c\x9c\xca8\x93\x81o\x9ef\
Z@\xa6|<\x0e3w\xce,\xee\xe6p\xa3\x9f\x11\
\xc6Y\x9c\xe8\xbd\xder\x1a\xcc\x8b\xa6\x1d\x80\x18\x93\xe5\
&\x05\x05\xcd\x9e9]\xe7\x9e}\x96\xbe\xf4\xd9\xcf\xe8\
\x8bd>\xf6\x07\xc0\x17\xcc\x9a\xa1\x94\x0cx\xd5\x0b\xcf\
\xeb\xc7?\xb8R_\xff\xab\xff\xac\xef\xfe\xddw\xf42\
Y\x94\xfd\xdd\xe1\x18Gw\xb4f\x80\xc3\x90\x941\xf6\
@P\xcb\xe1?wR\xbeo/\x9eQqL\xaf\xec\
\xf5+7\x5c\x07\xfb\xca\x05\x5c#\xf0\x02\xbc\x8b\xf3\x1c\
\x07\xcby\xcb\x88]\xf1\xb1c\xa3\xe2\xa4\xb8\xbf\x1f,\
\xec\xbd\xd4\xc0\x83\xa0\x12\xc1\xa3\x9d\xc7\xe8\xc6\xd3w\x00\
hS\x80#\xa0\x8f8\x8e\x14B0\xd6&\x1by\x17\
?S\xfa\xd8\xdf~\x92\xc4\x8a\x00\x92\x1a\x8bu\xdd\xdd\
\xdd\xaaU\xcb\xea\xef\xebU\x1f\xb5\xf0\x0efG\xbd]\
5\xea\xe0\xf3u\xc0\x92\x85,\xf6z\xca])r\x9f\
\xa6e\x8b\x17h\xc6@\xbfz\x98E\xf4vV4@\
\xe9aJ_\x8fz\xd9\xd7\xb8\x16\xa2HfW#\x13\
M\x0d\x8d\xd5\xf5\xe8\xb3\xcf\xeb\xb9\x97W\xaa\x89\xafu\
S\x13>\xf3\x03gk!\xf5\xf5\xf1\xf1\x09\xd9\xf3\xa0\
\x95vm\xdfI=\xf59\xed ;F\x9c(#W\
\x86?r\xa0\x08\x80\xdd>\xbcK\x1e`\x8b\x01\xdd\xb6\
\xb8\x87l0W\x95*\x04P\xe4\xc0\xa9ll>\xb8\
BF\x192\xdb\xbcy\x13|\xa4J\xd1I\x06p\x9a\
\x0f\xdbw\xb0=\xeb\x16=\x95N\xf5\x94;\xd4\x19W\
\xf0\xc5Hm\xd6kR|\xae\xb7\xb3W\xdd$&\xa3\
cc\xa2!\xb5\xd0\xab\xf7^\xc1\x07E\xce\xcb\xa3\xc2\
\xdd;w\xe9\xb5U\x00)A+B_\x07-?X\
S\xb1\xc7&Y\xb9\xb3\xa9\xa1\x83!|4\xc3w\xdb\
\xf5\x06X\xf3\xaa\xec\xab\x80\xc5\xb8d7\x9d0=\x99\
\xfd\xa5\xb4\x1f\xc5\xf4\x9f\xb6\x1dz)ww\xf5\xcc\x9d\
>c\xfa2\xfb[\xe0\xb4\xf2\x9e}\xde\x13\xd0u\xfb\
\xd8\x81Q\x97&Im`Z\xff\x92\xce\xee\xce\x19!\
\xf8\xc8#\x08\xe7\xe9\x06M\xe0\x16\x85\x81gxYj\
\xab\xfb\xac|\xee\xd8\xbc\x95\xd5\xcau\x0a\x8c\xbc\xc9\xb9\
\xd5c|\x12\xc9\xa60\xcb\x0e9H\x9dd\x8e\xa6\xec\
\xd1\xdd{\xf5\xeaK/\xcb\x0a\xfc\x96\xfd\x95\x00'k\
\xb7\x851\x043\xfe\xe0\xe5 9\x84\xb8\x8f\x1f3\x04\
{w\xdf\xa9<|89\x99\x03u`\x90\xa5\xa4,\
Sn \x03\xee\xa9vjl\xef\x88\x86\xb6\xed\xd5\xa3\
\xf7<\xa4o\x7f\xfd\x9b\xba\xfd\xa7\xb7j\xcf\x96\xdd\xf2\
M\x07\x7f^I\x88y\x17e\xd3F\x8a\xc3\xd8\x1f\xe7\
n3\x96jG\x0d#ct\x8ca\x1b\xe3y\x8ci\
\xf3\xa6M\x9b\xb8\xd6.2\xf0\xdcg\x1a\xa9\x8f\xea\xe8\
\x13\x8f\xd5Q'\x9d\xa0Nj\xbeu\x14\xfc\xd4K/\
\xea\xa9\x17^\xd00\x8b\x16c\xc8#\x87\xbf\x8c\xb6\xed\
\x13\x82eA\x18)\xe3s\xce\xa9\xc4\x18\xdb\x04&\x87\
1-]\xb8@\xa7\x1cw\xac\x16\xcf\x9b\xa3\x08\xe7\x09\
\x10O\xdbk\x9a\xdc\x1c\xae\xc0\xc8\x9d\x9da\x99\xb6\xdb\
G\xc4\x072D\xffs$y\xee:\xe8\x17><\xec\
i\xc9(\x90s\x16}a\xc0\xb6/\x07i\xde\xac\xe9\
:\x8f\x12\xc2W\xbf\xf8E}\xf2c\x97\xea\xd0\x83\x0f\
\x94\x01\xc4[o\xbc\xa1\x9bn\xb8Q\xff\xf1?\xfc\x07\
\xfd\xfb\xff\xf3\xdf\xeb\xc7?\xfc\x89V\xbd\xfc\x8aFF\
\x87\x91GK\xce\x059\xe7e@\x97\xe2\x80\x9eq\x07\
f\x03M\xc0\xceq,\xc6+\xef\xd8y\xc8\xf6\x90\xdc\
/0\xb7\x7f|\x93\x97s\xee\xe7\xc5\xe1\xe4\xcf\xe2\xd0\
~ g\x9e\xb4\xa3I\xa2<3y\xf0\xb3\x9f\x19I\
A\x0e\x18\x04dlW\xdb\xe8V>(\xc2>Z\xcc\
P\xc6\x01\xab\xbe\x9e^\x1d\xb6\xfc0-\x9a??\xaf\
&\xb1Zdn\xd4y\x84\xa5\xca\xe3\xc1&q\xa3\x9f\
\xeb\xcb\x1a{\x9b\xdc\xdbG\xfb\x0f\x9cs\x22\xa3R\x88\
\x02ri\x13\x94\xdb\x9a\xc7\xf4\xf8\xd2\x8f~T\xff\xf3\
\x9f\xffO\xfa\xc2\xe7>\xa7/~\xfa\xd3\xfa\x93\xaf\xfc\
\xa1\xbe\x06]p\xee9\x9a\x0b\xa0\xc4\x8c\xa1\x8e,\xfb\
\xbaj\xba\xe0\xdc\xb3\xf5\xd9O]\xa6\xcf}\xf2\x13\xc5\
\xd7\xef>}\xd9\xc7\xf5\xb5?\xfa#}\xf6\xd3\x9f\xd1\
\xf1\xc7\x1eO\xb0\xaeJpX\xaet\xa8A0\x7fk\
\xfd&=\xff\xeak\xc5/M\xb4\x12\xaf\xb9\x07,\xc1\
&\x8fUG_\xa7\xc6\x1b\xe3\x05/\x06\x88kW\xaf\
\xd1\x83w\xdd\xaf\x91]\x83\xf2mZ\xc8\xa4\x94\xcc;\
*@\xa9%E^\x96\x1c\x8d7\xeaXF\xa6&u\
\xe7\x14\xdb\x08&CdnYz i\xf0\xa8\xa3E\
My\xe3\xfa\x8d,\x90\xa7p\xe2\x14\xbc\x97w^A\
\x9ef\x82\x84\xdf`j\xc5\x82Y\x13`\xec\xe9\xeaV\
)I(\x1b\x0c\xca\x82r\x85\xd2K\x8a~l& \
6{77\xbb\x81\xa76\xb3\x84W^^\xa5\x11\x82\
\x86e\xd2s\x17\xcc\xd7\xac9\xb3\xe1\x8d\x9b\xc8\xb7M\
]\xde\xb3oP:\xf1\xf4c\xff\x0b\x8d-\xd8#p\
)m\x83G)\x16\x9e+\xf7N\xd6\x87x\xd6|:\
\xf8\x10\xf7\xf5\xf7\xcf\x1b\xe8\x1b8pz\xb5Z\xa3\xdb\
\xf7\xec\xe3\xdf\x8b\x96\x90k\xd1\xcc5W\x5c\x11'\xb5\
\xd2l\x17\x87\x05.\xf2\x95\x9c\xd6\xf3\xe0\x84\x941K\
\xc9\x07L\x94A9\x1f\x89Q\x22\xe4\xb661\xbd\x98\
`:\xdf\x97\xd4\x14c\x14<\xa1&\xf5\xa9\xfe\x99S\
u\xca\xb9g)s)\xf2\xa9k\xfd\x9a7\xb4~\xf5\
\xeb*\xd3\x86s\x9ek\x19\xc2\xa2\x03\xda\x02\xf7\x94;\
\x94\xc71\xa2\xa6#'Y\xbf\xdc\xce1\xd0\x5c\x5ce\
\x9f\xaa\xad,\xe2=\xbao1=\xca\xb1\x08\xcb\xbe3\
\x9c,mb\x10\x80k\xcdW\x155\x22\xed\x5c\xbbS\
w_w\xb7~\xf0\xf5+\xf5\xca\x93\xab\x8a2\x84C\
i\x91\xf7\xca\xd9{\x05%>V\xd6\xcc\x99\xd6yE\
M\xafl\xb4\xadW\x9e{\xa9\xf8[\x9ex\x90\xa2\xc0\
5\x9f\xa9\xe9\x9a*\xf7\x95u\xf8\xc9G\xa9w\xceT\
\xb5J\x91\x06\xdbM\xddr\xef}\xb2Z[\x0a\xefY\
\xe6\x94e\x92\x19I+\xab+\xf3M\xb9\x98\x0b\xbc/\
\x06h\xbfj\x99 \xbb\x92r\xcde\x1a5\xbb\xb7G\
\x87-Z\xa8*\x80[\x86\xec:^\xa1\x8c\xe31\x82\
W\x9b\xe7r\x97+w\x8c\x97\xbd\xd8l\xe7QJ\xc8\
\xe0\x9e\xbdc\x1a\x971ns2\x93i@\xb6\xf2\x8e\
w\xa4\x06e\x8c\x8eJYI\xec\x95\x120\x5ccL\
\xbe1\x8alF4\xaf\xafK\xe7\x9fz\x92\xbe|\xf9\
't\xd9\x87\xcf\xd7a\x07,U\x84LV>\xf7\xbc\
\xae\xfc\xee\x95\x94\x98\xfe\x7f\xfa\xfe\x95?\xd6C\x8f>\
\xa5\x0d[v0\xa1\xc8\xd5`\xea\x98\xbaH\xa9\x8b\xd5\
d\xac\xed\xdcI\xc8\xd2\xa3\xa7\x80\x9c\x90\x94\xe8Y2\
\xbe\x90\xad\xf1YP\xc1w./\xc8\xe5\xc539\x0e\
\xa8B\xa7N\x8ew3\x1f\x94;\x94\xcd\x9e\x0b\x92\x1d\
\x17\xe4\xc4\x8bP\xfe3r\x8e\xfbF\x81=\xad\xc2\x83\
 \xb3\x03\xb3\x07\x07h\xe4.\xc8\x13`3^\x1e\xb3\
2\x0f\xf2\xf2\x05\x06\x8al\x00\x00\x10\x00IDAT\
d\x01\xa7\x1e\x7f\xa2\xfe\xd9\x9f\xfc\xa9\xbb\x80Z\xe8\xb2\
\x99\xd3\xd4\x1b2U\xf2\x96rj\xaa\x1e{\xb2RK\
F9\x00\x03\xe1}\xaf(.)D\x89r\xc6\xdab\
\xda\xee}\xa4\x88\xf3\xb4\x95*\x03\xcc[\xd8@\x0a(\
\xa4\xbc\x9b*-\xde\xd9\xb8q\xbd6RjZ4w\
\xae\xce>\xe1d\x1dw\xe8a:|\xe92\x1du\xd0\
\xc1Z\x06 w\x94h\xc3\xa5\xaa`\xc7q6\xa1\xf9\
\xf0q\xeaqG\xeb8\x16+Of\x06u\xcc\x11G\
\xea\xe0e\x07*\xf8H\x1b6l\xd6\xf0\xf08\xa6\x98\
\xabN\x1d\xd5\xc63N\x06\xf98\xeb\x22\x8fQ[o\
\x94#\xb5:\x22\x1dt\xc2aZv\xd4AjGm\
\xf9\xd8\xc9\x91}\xd6w\x8fi\xd5\x13+\xb5\xf2\xb1\x17\
\x94O\xc0\x1b\xd7\x1cc\xc8\x1b-E.\x14\x00\xda\xc4\
.\xdb\xf0\x92\x93Q&\xd5D2[\x03x[\xe3u\
\x12\x95L%\xec\xcbO\xe4\x1a\xde6\xa4\xadom!\
\x8b-)F\xae\x91G\xbe\xb9\x14\x905\xd6)\x9b\xd5\
6\x00@\xf2KY[u\x12\x0b\xe6\x95\xf2\x04\x85<\
\xe4H\x86\xfe\x09L\x91\xcd8\xb0\x00\x0f\xe0\xe6\xccV\
\xe3<R\xc0\xae\xb6l\xda&\xfb\xde\xaf\xb0_\xc7\xb8\
\x97\x1f~\xb8\xe8H\x1eY9\xde\xcb}\x90sN\xfc\
T\x9d\xc5\xb9\x0d\xaf\xaf\xd6\xb8\x95\x18\xd0U\xec%K\
\x99S\xc6\x91\x05\xd1W\x0e\xe0\x97\x85\xfc\xe8>\xe9\xa9\
\xc5\xe5Y(\xb0\x9b\xa7\xde\xb3\x8fu\xf9\x9e56R\
\xad\x96z:\xba\x0e\x98>s\xca\xb2j\xadZ\xceq\
\x92\xa2q\x06\x8c\x8c\x8b\x81g\x5cp\x90\xf9\xcc\xdem\
;\xf4\xe6+\xab\xd5\x1c\x1dWF\xc4*G\x91\x1c7\
\xb0Q\xd9\x1f\xe8\x98J&U\xc7\xa0\xed\x9d\x95\xcf?\
O\xc4\xcd0\x88T\xd6l\x9e[\x8b4D\xdb\x19\x0d\
\xda;\xfb\x89\xab\xb2c\xdbO\x92=\x9b\xd3r\xa6\xd4\
C\x18G\x8ax%\xbb\xce\x13\xb6C\x91\x11\xa0\xe0\xda\
\xb9Z\xa3\x13\x1a\xdb=Zd\xb9+\x9f^\xa9\xeb\xae\
\xbaVw\xb0\xd0\xb6w\xc7.\x99\xc1%(6\x86j\
IU\xfd]\xbd\x1a\xde9\xacDQQ\x9f\xba\xe7\xd6\
;\x05\xaa\xa8\xa3\xd6\x01V\xc2/\xa0B \xd21\xa7\
\x1c\xaf\xe5G\xafP\x13G\x1db\xf1\xe9\xd6{\xef\xd1\
\xe3\xcf>\xa7\xa1\x91q\xc9\xc5\x92O\xe4\x9c\x97\xb3\xc1\
A\xb0\x22\xecSI\x12\xd4\xa8\x8fkZ_\x9f\xca\xde\
k*\xd3\xc6\x93Y-\xee\xafV4\x9d\xe3\x83\x97,\
b\xd1/U\xc9Kf@\x0e@\xaaTJjR\x1f\
4 1\xd9\xe8\xed\xcd\xef;B\xca\x8c\xd7\xd3_G\
G\x97\x82\x0bj\x91m{\xda/\x97J\xca\xc88\xfb\
\x99\xa2\x0e\xee\xdd\xcd\x22\xd9\xb8z\xbb:h?\xd7\x00\
\xf5\xc3\x0f\x9c|\x92\xbeB\x09\xe1\x13\x17\x9e\xafC\x97\
\xd27\xbc\xbe\xf4\xec\xb3\xfa\xdb\xbf\xfek\xfd\x9f\xff\xfb\
\xff\xa1o\x7f\xf3\xdb\xda\xc6b\xcd\x10\xce\xce\x8cN\x19\
\x8e\x91!\x9bv\xe6\x09(\x01\x1d\x18y\xf6\x1e\xe9;\
\x89\x8f8\x13\xfa(\x0e\xedB\x0e\x9fFR\xa1k\x8f\
~<\xfa\xf6\x8c\xcd\x15\xcff\xda\xbfq\x8bv\x04\xf1\
\xb6\xbd\x93\x07n\xf1>?\xff\xf1\xcf\xe4;\xde\x07E\
8\xa7\x01\xe0\x04\x01+%\x08\x072\xefV+\x03\x00\
7\xeb\xeb\x7f\xfd7z\xea\xf1\xa7\x90E]\xb3\xfa\xa7\
\xe8\x92\xf3\xcf\xd7\xbf\xfb_\xfe\x85>u\xf1G4\xa5\
\xbbC\x092\x88\xe0\x7f\xc7\xd6\xcdJ\x82W\x7f\x7f\x8f\
lQ\x0a\xd3\xd4\xe0\xe0\xa0\x22\xc0\xb7R\xa9*C\xe6\
9\x91\xb5\xcaJ\x7f\x8d\xec\xadF)!\x06\x18\xea\x96\
-\xd2g\x85\xe9\xba\xfd\x02\x88\xfd\xdd\xe0\xbf\xfd\xfa\xd7\
\xf5\xc4\xa3\x8f\xa8\x8f\xaco\xa0\xb3[\x13#\xc3\xe8\xd7\
Q?/\xa9\xb3Za\x1f\x94\xb7X3\x80\x9a\x13\xa3\
j\x8c\x8das5\xb2\xc3!\xfd\xf4\x9a\x9f\xea\xca\xef\
\xfd\x00\xd0\xdd\xa8\xce\x8enU\x98\xba\x07\x1faK\x15\
E\xa5\xb2\xb6\xee\xde\xa3'(\xf3\xbc\xb9e\x93&H\
Df\x1f0_\xc7\x9e~\x822\x00n\x82i:\xc2\
dL\xb1\xb6\xaf\xdb\xa2\x07n\xbfW\xab\x9f}Y\x8d\
\xe1\x09u\xd7\xba\xe1\xa7O]\xe5\x1a\xf7\x83\x22\xe4\xe6\
\x14\x94\x01\xb4VSmLL\xc8\xfcc`\xfa,1\
\x1c\xa5y\xac\xa8\xd2\xad\x1b\xaf\xbeQ;6nS\x8c\
n\x03\x8ei\xfa\xd4\xbe\xcd\xf4g6\x9a!\xc3B}\
\xde!\xc9Lv.d)Ti\xbe^\x04D\x9eq\
0g\xef;d\x19x!\x80\x94u\xfc\xf5\xd5U\xaf\
jh\xcf\xa0B\x1ci\xfe\x82\x85\xea\xed\xefS\x13\xf0\
\x8e\xc8\x98[0c\x0b\x851 \xdf\x22#^\xff\xe6\
\x1a\xed\xd9\xbcY\xb1\xf3\xf2\xc1\x18\xa1?e\x825~\
J\x8e\x8b\xcey\xe4UJf\xcd\x9a5g\xc6\xec\xe9\
\xf3\xbe\xf1\x8do\xc4z\x8f6\x86\xf4\x1e\xb5D3n\
\xca\x94\xf2\x9c\xc5\xf3\x17\xf4\xf5O\x9b\xc1`#9.\
\xee\xfb\xd8\xe1~\x127\x90\xadvm\xdd\xa6\xf5\x1b6\
0H\xa9\xd1\x98\x90G\xc86\xd5\x8b\xa2HG\x1du\
\x94\xca\x18\xa6\x0fA\xf6\xeb~\xcf\xe2\xd8\x1ePH\x89\
\x88z\x9f\xb6R\xa9$\x9b\xcaT\xca\x15%\xa5D\xb6\
O\xc9Hlj\xfc\x83\xbf\xbfR\xff\xe1\xff\xf8\xbf\xf5\
\xc0\x1d\xf72\xe5\x1a*2\xdf\x04 \x19\xdd5\xaci\
}\x03\x1ac%\xf5\xc1\xbb\xef\xd3\x96\x8d\x9bq\xaeT\
-\x16B\xc6\xa9i6\xd8w\x0f\xf4\xeb\xe0\xc3W\xa8\
\x87\x95\xe7\xb8Z\xd5\xfa\xcd[\xf4\x10%\x881\xa6R\
\xbd\xdcs\x8c\xcb9\x93\x8e\xe4\x9c\x97G\xe9\x81q\x87\
\xc8\xe9C\x1f<[\x7f\xfc\xe5/\xe9\xf2\x8f_\xa2\x7f\
\xf1O\xff\x5c\x9f\xfd\xd4\xe5\xea\xaa%*\x93\x05,\x9c\
;[\x1fc\xc1\xeaO\xbf\xfaU\xfdO\x7f\xfa'\xfa\
7\xff\xeb\xff\xaa\x0b\xcf=WQ\x9e\xe3\x94\x09\x0e@\
[\x18&\xb6*\xdb\x0a\xa3\xa2\x9b\xcc\xe7\xf2\x11\xf7\xa0\
&\x19\xad\xf7R\x12\x075\x01w\xcb\xa8KQ`\xf5\
z\xbb\x06z\xbaU\xc6\x88\xeb\xa3\xa3\xd4\x91\xe7\xe9\xc3\
\xe7\x9d\xafO]~\xb9N8\xee\x04\x9e/i\xe5K\
\xab\xf4\x97\xff\xe9\xaf\xf4\xbf\xfc\x8b\x7f\xa9\xab\xae\xfa\x91\
6SZ\x09d#M+\x95\xe0M\x9e\x86\x9ds8\
\xa5H\x16r9G\xe7\xc6\xc8\xffp\x04o\xf0\x84X\
\x94\x03\x8af\x83\xc6i\x9af\xdaN}\xf3\x06J%\
\xff\xf2_\xfeK\xfd\xfb\x7f\xff\xef\xf5\xe2\x0b/\xa2\xdb\
6\xb5\xd6~\x9d\x7f\xde\x05\xba\xe2_\xfdk}\xf8C\
\xe7\xa8\x93\x9a{oGE\x0d2\xa8\xed\x94\x96*\xc8\
\xc1\x9b\x1e\xb0\xe1R\x12)F\xd6m@\xa0\xce\x82O\
\xb3\xd5\xd28\xe0nu\xd4&\x99c\x0a(\x14S[\
Y\xaf\x8e\xectX+_yMW\xfe\xe0\x87\xba\xef\
\xbe\xfb\xb5}\xc7vU*UED\xe1={\xf7h\
\xe7\xae\x9d\xc5\xfb\x11%69OfV\x02\xe8\xfb\xf4\
\xe4\x13O\xea\x9b\xdf\xa4,v\xe7\x1d\xb2\xdf\xd4\xb3\xb1\
X\x10\xd9;<\xa4\xd1\xf1q\xa6\xdc\xa9r\xc6\x99\xbb\
H\xaf\xbf\xb9V\x8f>\xfe\x8c\xc6\xe9?\x01\x94\x97\x1f\
y\x84\x0e\x83\xca\xd5\xb2\xe4\x00 xo\xa3\xc77Y\
\xb8\xfe\xc9U?\xd1#\xf7>\xcc\x02TS\x8d\xa1\xf1\
\xa2\x0c\xa7F\x06\xf8v\xa8\x12\x12e\xf5\xb6jqM\
\x03\xbd\xd3\xa8\xe375\xb4q\x8b\xbaJ\x1dj\x0f\x8e\
\xe8\xa7\xdf\xf9{=\xf1\xc8\xa3\xea\xe9\xea\xd1{\xb1\x99\
\x0d\xdb\x18\x8a\xb6\xf6\x1dd\xf8\xe8\x1aJZ\xc3\x83\x83\
r\xcei\xfa\x8c\x19Z\xb6l\x19\x89GKm\x93-\
\x98\x11G1v\x98\xcbd\xbda\xddz\xadg\xcd\xa5\
\x85\x1e\x1c\x0d\xf9\x02j%;\x96m\xc5\x01?\x82\xaf\
F\xd5\xea\xc1S\xfa\x06\x0e\x88\xa2\xa8l\xb7\xde\x0b\xc2\
\xdd\xde\x8bf\xa4+\xae\xb8\xc2GQ:\xd0\xd9\xd99\
?\x04\xdfa\x0aw\xb2\xe6a^?\xbf9\x14Z\x1f\
\x19%\x8bX\xaf1jS\x09\xd1(\xc3\x1cZDL\
\xdb\xf7\xf6\xf7j\xc9\xd2%jc\xa0e\x8c\xed\x89\xc7\
\x1e\x93\x15\xcc\x03bq\xd0\xcf\xb7\xf6\xde\x9d\x99\xa1\x1a\
`\x18Xx\xfa\xb11\xc4\x00G)N\xe0\xa5\xad\xb7\
^Y\xa3+\xbf\xf5}\xddz\xed-\xda\xb6n\xab\x06\
\xb7\x0f\xaa\xaf\xb3O\xd9D[\xcf?\xfe\xb4\x9e}\xf2\
\x19\xd5*5\x02\xb4/\xbe\xf7\x18\x01XQ)\xd2\xe1\
\xc7\x1c\xa5\xa5\x87\x1c\xa26\x91&\x8d\x22\xddu\xdf\xbd\
\xda\xc0\xc2\x82O\x22\xa2q\x86\xcas\x15\xd1\x9c\xa1\xd8\
\x9e\x9d\xb0\x1dr\x08\xa7\xb5o\xbe\xa9C\x0e\x5c\xa4\xd3\
O:^G\xadX\xae\xb3\x98\xd6ww\xd6\xd4\x1c\x1f\
\xd5\xcc\xe9St\xc4a\xcbu\xdaI'\xea\xc8C\x0f\
S\x8a#oY\xbf^\x09\x0d\x04d\x8c\xef\xc8\x99\x95\
\xcaqe\xf2c\xa7\x19\x87\x19\xbc\xb4)E\x8c\xd7\xc7\
\x94R\x8f\x8b#\xafH\x92\xc7@K\xdc\x9b\xda\xdd\xad\
\x1c\xa7\xab\x02\xc0\xe7\xb0\xf8\xf7/\xff\xe9?\xd5g.\
\xff\xa4:k\x1dz\xe6\x99g\xf4\xado~K\xff\xf6\
\xdf\xfe;]{\xedu\xda\xbdw\xaf<\xd3\xe6\x0c}\
GQL{\xa9\x9cs\x8a\xa2H\x81\xe0\xe1i\xaf\x90\
\xa9G\xaa\x5cG\xd5\xf4\xf4?\xc6\xc7\x19\x1b\x80\xab\x05\
\xd7\x10\x22\xc0\xad\xa2\xc0\x98\x1b\x8c\xddir\x0c6\x8e\
\x9d;w\xea\xa6\x1bo\xd2\xbf\xfaW\xffJ\xff\xf5/\
\xffJ/>\xff\x82\xc6\x86G4\x95\x19\xc8G\xcf\xbf\
@_\xfe\xecgu\xf21\xc7h\xd6\xd4\x01u`\xcf\
\x9e\xa9\xabC\x96\xd5$\xd2\xf0\xe0^\x8d\xf2l\x84,\
b\xc0\xd8!\x8f\x84g\x8c,\xd0w\x91\xcd\x96\xc8@\
\x0d\x90\xad\x86\x1c\xc7%\xd9\xb3\xdbw\xec\xd0\xf7\xbe\xff\
}]\x0f\xe8\x0f\x0d\x0f\xab\xc9\x0c\xa4Z\xab\xa9\xaf\xaf\
_\x1dd\xb0\x01\x99#i\xea\x99u=\x8e\xed}\xe3\
\x1b\xdf\xd2\x13O>\xad@?&o\x1bC\x0b\x1e:\
::\xd4\xd1\xd5%\x86\xa3f\xab-\xcf{\xe3\x13-\
=\xfe\xc4\xd3\xda=4\xaa\xdd\x80rHJ\xfa\xe0\x05\
\xe7\xab\x7f\xda\x80r\x0c\xa7\xd9\xac\xabF_e\x9e}\
\xed\xa5Wu\xf7-\xf7\xe8\xf6knV^\xcf\xd5\x11\
\xca$\x1d\x99&H8\x02\xe7]q\xa7\xb2\xb1\x96\xea\
{F\x08>]\xaaE\x04\x9f\xc1Q=|\xef\x83\xba\
\xf3\x96;(\x85\x94\xb5\x0e\x90w$\x00\xfaG7\xf7\
\x0f\x9fp\xf9?\xbcf\x83)\x88\x80\xce\xde\xf0a\xe7\
\x8e\x9dj1cN\xf0\xbbc\x8f;N\xd5\x8e\xaaZ\
\xe8\xc12\xe9\x149\xb4H0\xe28PZ\x18\x95\xfd\
\x7f\x8a\xf5\xa1!\x81\xca\xbc-,\xd7\xb1wE?\xfb\
}\x10\xa74k\xed\xa9\xd4j\xf3\xa7vv\x22@\xbd\
'\x9b\x7fOZ\xa1\x91\x193f\x94gO\x99q\xe0\
@\xdf\xc0ALQK\xf8<W\x7f\xf6\xb1\x8e\x0a2\
\xf9\x01\xae\x83D\xeb\xd7^~Y#C\x83\x8c\xbb\xa9\
\x800\xac\xb6ezYv\xc02uc\x88\xdeE\x1a\
\xdd;\xa4\xe7\x9ey\xae\x00\x8f\x04c\x0c\xdeZ\xf9Y\
\xbb\xef\xe5Q\xc0X-\xfa\xa5d;&\xf8\x06\x99h\
\x9b9r\xe2#\xf5W\xbb\xa9Q\xe1@\xdb\xf6\xe8\xd6\
kn\xd0\xdf\xfe\xbf\xffU+\x1f\x7fV\x9b^yC\
\x83\x9b\xb6\xeb\xa1{\x1e\xd0\x08\xbc\x16\xbf)\xe7\x83\x02\
\x8e\x1b\x95b\xcdY0O\x07\xad8T}3gh\
\x5c\xb9\x9ex\xfe9=\xfc\xf8\xe3j\x10\x9d\x93rY\
\x13\xf4\xc1LI\x19\x0232\xf1X\xdf)5R\xa3\
7^{E\xff\xf9?\xfe\x07=\xfa\xd0\xfd\x04\xa8A\
\xed\xde\xb5C\x1dd#9\xb5\xc0a\x8c\xc6\x16\x08\xb6\
1\xad\xbd\xe1\xfak\xf5\xfd\xef~G\xaf\xb22\x1d\xe8\
\xc7\xf3~1\x953\xe8vA\x0e\xca1!\x03[\x9b\
F\xb6\xa8E\xb6\x00\xdb(\xb1\xa7\xdb\xca\xa8/\x96\xe1\
\xb9\x8c|\x1b##j\x12\x0c\x97\xc1\xfb\x9f~\xe5+\
\xfa\xe2g>\xa3\xfe\xee\x1e\xbd\xfe\xea\xab\xba\xe1\xa7\xd7\
\xe9\xaf\xfe\xdf\xbf\xd2O~t\xb5\xb6l\xd9\x86cv\
\xaa\x94T\x98N74\xc1b\x85\xf5S|\xfbb\x9f\
bl,F\xceM\x1atq\xf9\x1d\x87\xc5\xf9\xef\xfb\
\x07\xbcy('+J|P\x12\x91\x15\xa1\x1f\xe7\x9c\
\xe28f\x8cU\xd9f\xe0\xd5\xc0\xa9o\x04|\xff\xe2\
/\xfe\x8d\xbe\xf3w\xc8\xfb\xa5\x95\xaaz\xa7sN=\
\xa5\xf8\xc3=\xe7\xb1\xb0\xb8h\xceLU\xe3\xa0\xd6\xf8\
\x88\x02%\x11\x8f=\x958O\x00\x03a\xfb\xb6\x86\xd0\
F?F-\xfai\x90m\xb6\xad\xce\xab\xc9\xfe|\x14\
\xc92a\x1fy\xed\xda\xb3G\xaf\xafyK\x83C\xc3\
\x9a\xa0\x0ca:\xac\x93\xa1\x8d\x22\xeb\xbdCc\x8a\xf0\
\x894wz\x8a@\xf8\xd6\xba\xb5\xea\xeb\xef\x07hr\
\xec\xab\xa5\xa4\x5cRRJd\xa0c\x09M\x8b\xf1\xa5\
\xf4Q\xa7\x8e/\x80\xf3\xad\x0d[\xf5\xf4s/h\x94\
\xfes\xfa\x9c{\xe0\x12\xcd^0\x97\xe9}[Y\xd6\
\x04\x882\xe5\xf0\xd7C\x89`\xf7\xe6=\xba\xf9G7\
\xe9?\xff\xdb\xffG\xcf=\xf8\x94\xb2\x86W\xdcr\xca\
F\x1arMI\x8d\x5cc;\x86\xb4\xf1\xd5\xb7\xf4\xe4\
\x03\x8f\xe9\xaf\xfe\xaf\xff\xa4\x1f~\xe7\xfb\xc5\xaf\xf5\x8e\
\x01\xc0\x03\xdd\xfd\xc2,y\xf0\xbf\xf71\xc30\x0f\xf8\
\x87\xcf\xd8,d\xffU{\x82!\x17\xa7\xf6\x86G\x96\
\xc3{\x87\xf5\xfa*J\x95\x13MEQ\xd0\x81\x07-\
S\x1f\x0b\xd69\xbaq\xce)%\xc1\xc8\xd0E@\xbf\
\x06\xcc\x9b7n\xc2_\x07%\x02\xae'\x0b\x09Ek\
\xef\xf8\xc1{\xf2\xce!\xc3rwo\xcf\xbc\xfe\xfe\xfe\
Y\xf6\x9b\xb6\xefx\xe2]\x1f\xfaw\xfd\xe6/\xbcH\
T\x8c*\x9d\xb5\xa9q)\x99\x16\xc5q\xec\x83\x0d\xc3\
D\x22Mv\x82\xa8\x00\x16\x87\x80(\xee\x01\xa6\x83\xda\
\xb4~\x9dR\xa6\xdfm\x22\xb8\x09'\xa5\xcd\xa8T\xd2\
A\xcb\x0fQ\xc9\x0c\x06z\xe5\xa5\x97\xb5m\xcb\xd6\x02\
t\xe3(\x96rk\xcd\xf1\xe4{\xff)\x03\x82\x06\x10\
\xd6\xb2\xf5\x95D\x91b(`\xa8\x13\xd4(C\xcb\xab\
\x9c\x97\x94\xb1`\xf6*u\xae\x1f~\xfb*\xdd~\xdd\
m\xfa\xe9\x0f~\xa2\x0do\xacS\xd9\xc5\xaa\xd0F\x8b\
1\xf1\x8a\x9c)\x9fLt\xe6\xc2\x05J1\xfe\x9d8\
\xceML\xfdv\x01j\x8e\xf3\x98\xa9gL\x86\x93#\
\x13\xa4C\xb7N\xc2@r9l!GL)\xfbT\
\xbb\xc8\xb2\xae\xfa\xc1\xf7\xf5\x00S\xcd\xde\xbe^\xaeg\
\x1a\x1e\x1dU\x14'\x1a\xa3\x8e\xf6\x0cA\xe9\xee\xbb\xef\
-\xfe\x9b\x99\xaa\xb5\x87\xa3\xf0\x10\xeb\x03\x0e\x12\xb2S\
\xb1\x99\xa1NR.O\xe9\x22D\x9e\x9e2%\xde\x15\
\xe0\xd0dE>\xa0\x8b\x99\xfd\xfd:\xe3\xc4\x13\xf5\x95\
\xcf\x7fA\xc7\x1fy\xa4&\xe0\xfb\xb9'\x9f\xa2^\xfb\
w\x00\xcd\xb7\xf5\xca+\xab\x98b\xa72\xa0\x18f\xc6\
\xd2\x00\x88\xba\xbb{\xd5I}\xdb\xfe\x98\x8c\xc9\xd0(\
\x03lR\x1c\xdd\xf6F\xfb\x8f\xf5\xfb\xd8\xf2_\xddi\
\xf0^\x11\xf6\x9a2\xf66\x19\x91x\xd6!\x99\x80\xee\
m\xe6c\xe4\x9c\x93\xd5\xc0\x9bV\xfbv^\xc3\x04\xd8\
\x9b\xc8@\xbf\xfe_\xfe\x8b\xae\xbf\xfaj\xadz\xfeY\
M\xef\xed\xd1\xe5\x17]\xacO]z\x89\x8e9\xecP\
M\xe9\xee\x92\xb0\x85\x88\x06#\xde\x17m\xa7\x00\xa6\x93\
\x94#\x1b\x93\x89Q\x8e\xfe%_\xc8\x93\xcbJ\x922\
\xf6_\x06<Su\xf5\xf4h`\xeaTu\xd2v\xc2\
\xac\xaf\x8en\x8d\x9a\x99\x94T:x\xad$O\xd9a\
\xf1\xd2\x03\xd470\x95w&\xed\x06\xb0P\x99\xdao\
\x9b\x92\xc60%\x0f\x1b\x97\xc7\x1e\xf3\xe0\xe5i?\x94\
\xaa,=8\xddA\xb2\xb0v\xd3\x16\x05l\xb1\xa3\xa3\
\xa6#X\x94\xabvw(3\x94\x03\xa4\x1c\xfd\xf8\xb6\
\x14Xdn\xeemh\xd5S/\xe9\xbb_\xff\xa6\xfe\
\xfa\xdf\xfe\x9f\xba\xe9\x07\xd7\xea\xe9\xfb\x1f\xd3\xa3\xb7\xdd\
\xab\xbb\xaf\xbdE\xd7~\xef\xc7\xfa\x1b\x92\x91+\xbf\xf9\
]\xad|\xe6\x05E,r%J4\xbc{H\x81\xf1\
y\xc6\xfd\xdf\xff \xf8\xfd\x0f\xb8\xfd\x07\xfb\xf60\xe2\
\x90cq\xf6\x8e{\x0e\x83N\x02\x81\x85@\xf2\xca\xca\
U\x1a\xc7\x1e\x03~\xd1\xd1\xd5\xa9\x19\xb3\xa8-\xf3N\
\xeere`O\x08^\x19\xf2hR\xca\xdcH\x80\xda\
\xb9m\xab2t\xcem\xb8s\xf0\xe8\x8a\xbd\xf6o\xbc\
#\xb9\xc4%\xa59\xb5\xae\xf2\x1c\x82n\xa4\xf7`\xfb\
\xc7\xe5\xf0\xebu\xe2\xbc\x1fK\xbcBg\x08Q\x92a\
DFr^\xce\xb9\xc9\x16L\x81\xca\x00\x80\x0c;\xac\
k\xd3\xda\xb5\xda\xbbs\x87\xca\x80\x8f\x8f\x1c\x18\xd1\x92\
\x8f\x83\xfa\xa7\xf4k\xce\x9c9*\xb3\xc8\x90\x12\x81_\
]\xb5\xaa\xf8-\x19/\x13X\xae\xe0\xfdd{\xef\xe2\
\xa7qb\xb6d{{\x1d}\xe9\x9dd\x99\x84\x05\x00\
!\xec\x1c~m\x1f|\xa0g\xa7\x0e\x8c4a\x91\xa6\
/\x00\x96K\x00\x00\x10\x00IDAT\x94E\x1a\xa8\
\xf5\xa9+\xa9i|\xf7\xb0\x1e\xba\xeb\xfe\xe2\xab5\x8e\
E\x97\xc4E\x8al\xcc\xc2<\xd0\xe4\x82%\x0b\xc8r\
\x97\xabk\xca\x80\x86\x00\xa6g\x18\xcb\xcb\x94\x0br\x1c\
\xdc\xbesXg|\xa9\xf5\x85\x8c\x9cs\xf2\xf4\xe5\x5c\
\x90\x9c\x97m\x19\x1e\x88(\x91\x8d\x81\xec\xb8\xea\x18\x88\
\xfd\x97=m8\x8a\xcaUQVS\xe6c\xed\x02\x00\
\x1a\xf4_'[\x1aaQ\x81d\xcaXG\xd6\x0e\xf2\
r<\xaf\x22X\x89\xcd\x0c\xdb\x88C\x97\xc9A\xde\xe5\
\x80s*\x9b\x0a\x1f\xb2t\xb1.e\x9a\xf9\xa5O}\
F=8\xe2\xa6\xb5\xebt\xf7mw\xe8\xbf\xfd\x97\xff\
\xaa\x87\x1fxP\x13c\x13\x0a>R\x92\x94T\x02\xe0\
\xab\x95\x0e\x85\x90h\x82\x15k\x03\xdf\x84\xa0\xe9\xbd\x97\
Q\xce\xd8l\x0c\xce\xc1\x07d\xe7\xf4\xfa\xfb\xf9\xb8_\
\xddm\x8e\x9csf\x0e1A\x88\xf8\xa3\x14p\xcc\x95\
+!\xcb5{H\xd3\x1c9\x05EQB#N\xc1\
G\x0a!\x22\xbb\xaf\xeb\x95\x97^\xd2\x0f\xbf\xfb]}\
\xe7o\xffV\xf7\x13P\x87\xb0\xe9\xe3Y\xe8\xfc\xf2\xe7\
>\xab\xb3O;YK\x17\xccS)H-\x16\xbb<\
\xfd$Q\x90Q)\x8eU\x8e\x13\xc5\xc8\xcedV.\
\x97$\xfa4\x19\xb6\xac\x7f\xf4\x15\x01\x8e\x9e>\x17,\
^\xaajW\x8f\xec7\xcbrld\xd7\xe0\xb0\xb6\xef\
\x1eT\x13\xe3\x1d3\x1b\x82\x9fCV\xacP\xef\xd4)\
\xaaS\x92\x8b\xd1\xcb8\xc1x\x82E\xb1\x14;\xae\x00\
\xbe%\x88\xc7\xe9\xc1)\xa6\xddv\xea\x14xn\xfd\xd6\
\xedz\xe0\xd1\xc7\xb5\x9bD \x87\xa7%\xcb\x0f\xd2\xc1\
+\x0eQ\x5c\x8e\xf0\xd6\x14\xfe\x22\xf9,\xc8\xb7\xbdz\
\xcb=\xea-ujt\xfb^\xad|\xfc9\xddq\xdd\
-\xfa\xde\xd7\xffN\xdf\xfcO_\xd7\xf5,6?\xfd\
\xd0\x93\xda\xb2f\xa3&\xf6\x8c\xb2\xb8\xcb\xfb\x8dTu\
\x16\x8a\xfb\x09\xc8)\xf6\xaf\xdfd\xcb\x7f\xfeaW\x9c\
\x17?\x8a\x1b6\x16\xc9a\xdf\x0e\xeb\xf6*!\xa7\xed\
\x04\x8fmP\x8e\x9f\xc4\xa5R\x91\xbcy0\xc5@\xb7\
\xc5\xe2\xb5\xc9\xd7t\x1da\x8b\xdbYW\xb1\xbf\xb9\xdd\
d\xa6im\x1b.x\x89\xb6\xf8\xb1\xff\x83\x1d\xbb\xc8\
GNio\xf0q_\xab\xb5\xd5\x0c`\xff\xddw\xbd\
\xb7~\xde\xf5\xcb\xfb_$\xed\xf6\xb5\xa8\xb7\x9f\xba\xd1\
\x9c$)U|\x88P\xaep\xfcI!e\xa4\xf0y\
\x81\x04\xbcA\x9a?A\xe4]\xcd4x\x9c\x0c*8\
\x09\x19H\x01V\x18\xde\x9c\xf9s\x89\xee]r8\xfc\
\x10\xb5B+\x90\xa3}\x19\x98\xb5\x99\xea;9\xbd_\
\x9b\x81B\x14E\x8a\xa3X\x81~\x0ae\xb0\xb7\xbe\x1d\
\xe8\x17Rz\xc6\x90D\x9a\x91\x00\xbe\xe2\xb8\xacX1\
`\x9c\xe0$%\x14?L\xed\xcd'A\xa5\x8e\x8a\x0e\
9r\x85\xe6\xb1\xc2\xdfdl\xafo\xda\xa0\x87\x9f~\
Z\x13\xedT\x8e@c\xa0+\x1cH\xa6X\x13\x00\xe4\
\x9c\x93s\x93\xc4\x81r\x8e-\x1b\xb6\xba\xdb\xc0\x8c\xd9\
Zq\xf4qj\xfbD\xab\xdeX\xabG\x9f~^o\
a`\x0d\xccd\xc1\x01\x07\xe3p3\xe4\xe3\x8a2\x17\
AA!*\xd1D\x04\x80dj7\xdb\x85.<\xed\
\xf1\xe1z\xce\xf5\x86\xdaV\xe3\x02h\x1c\xd9h\x07F\
z,\x8e{\xc19\xe7\xe8\xccSN\x91][\xbd\xea\
\x15}\xf3\xeb\xffM\xdf\xf9\xd6\xb7\xb4\xee\xad\xb5\x0a\xce\
+G\x0e\x0d\x1c(\x03\x88<}5\x1bm\x19\x95X\
|\xacV;\xd4ng\x0a\x01\xe9\xd1\x91s\x93cq\
\xce\xc9{/\xe7\x9c\xfeG\xdc2\xc00\xc3F\xbd\x0f\
\x05{f\x07v@\xcc\x80g\xaf2c\xb3\xe3:\x0e\
\x9a\xf2\x9c\x91\xc94\xf0|)N\x00\xd4:\xf5\xfc\xa7\
\xf4\xddo\xfd\x9d~\xfa\xa3\x1f\xeb\xc5\xa7\x9eQ\xc9{\
\xca\x0d\x97\xeb\xc2\x0f\x9d\xab\x13\x8f9Z]\x80^\xe2\
\x9d\xec\x1b:MJ\x03\xed\xfa\x84\xda\xcd\xa6\xda\x80d\
J\xf6\xdbD\xa61\xa0g\x00\xd9@_mxr>\
\xa2.\xd9\xadEK\x96\xc9\xc7\xa5\x22\xb8>\xcb\xcc\xef\
\xea\xebo\xd0u7\xdf\xaa\x07\x1eyL\xdb\xf6\x0c\xaa\
\xd6\xd3\xa7rG\x17\xc9\xca|\xc5\xe8\xb1\xd5n)\xa2\
-\xcb\xee\x5c\xf0\x12\xfd\xd6\xa9\xf7[\xc9\x22wR&\
J\x01\xf0\x10\x92\xb2,\xeb\xb5\xff\x87\xef\x8du\x1b4\
\x81ov1\x93:\xfc\xd8\xa3\xd53\xd0'\x03\x7f+\
\x85\xd4J\x15\xc6\x93\xc0k\x9bY\xcf\x84\xac\xa6\xdbW\
\xe9Q\x04\x10\xe7\x13\x19\xfb\xa0|<S\xab(5\xe4\
J\x14\xe1\x15\x11\xb3\xa7\xa0\xd8\xd1?\xc9\x80\xf9\x92~\
\xe3\xcd\xfd\xc37\xb8\x94\xbf\xe3\xaa\x93S\x86\xbc|&\
\xf40\xa1\xd7_{M)\xa0\xeb\x93D\x8bI \xba\
\xfb\xbae\xa0\x9b\x11|\x1cL8\xe5\x8a\xbc\x97\xe9\xc0\
\xfe\x8e\xcb\xf8\xf0\xa8\x84O\xca\xe4M\xc3-tam\
\xee\xb7\x01\xe5y\x88\xcb\xa5\xcejg\xc7\xd4\x9a\x06\xaa\
\xef\xe8\xfa]\x1f\x22\x91w\xfd\xee\xdb/n\xdb\xb6\x8d\
\xd2B\xe7\xec\xee\xee\xee\x03::\xbbj\x0ec4\xa3\
\xc9\x18\xc4\xa4A\xa7\xf0\x9e+'\x9b\xe0\x07\xab\x9f{\
\xb5\xee\x8d\xd7\xe5\x88\xe8\x02\x8cS\xae\x07\x80\xca\xc7^\
\x0b\x11T\xa5\xc6\xd80\x94\xad[\xb6h\xdd[\xebd\
J\xf7\x93\xd6\xc2\xe3\x19\xd1\xed\xed\xae\x7f\xe3\x03\xf7\xdf\
y\xc3\x00\xd79W(-7%\xf0\xacM?2\x94\
BB\xa8\xd8\xc7*\x85Db*c\x00\x5cr\x89\x9c\
\x81\x8c\x15\xcd\x00\xa18\x0ar\xce\xa9\xdelh\xc6\xdc\
YZx\xe0RU\xfb{\xd4\x0aN/\xbd\xb6Zk\
\xec?\xf1K\xcaJ1\xc4\x1c\xc5\xe7<\xdb$\x90x\
\x8e\xe9\x0a\xbd\xe3\x0e\xe6\xdd\x9c8\xbb\xe6\x83\x1a\xed\x5c\
\xa5\x8e\x1e\xf5M\x9f\xad\x8e\xde\xa9z\xfe\xd57u\xfd\
\xadw\xe9\x9a\x9bn\xd3Oo\xbdS/\xbf\xb9N\xe5\
\xee>\x0d\xcc\x9a\xab6\xfc5s/\x0f\xf8\xb6\xd97\
0 3\x9e\x10L\xcd9r\xcb\x14h\xdb\xe3\x5c1\
\x82\xa8\x00\xb8\xe2\x99\x9e\xce\x9aN>\xeeX]t\xfe\
\xf9:\xec\xc0\x83\x8a\xd2\xcf=w\xde\xa9o}\xe3o\
\xf5\xc8C\x0f\x01\x0e-\x09e\x1a\xd0xy\x05\x1f\x09\
\xf1\xf0j\xcax\xbd\x22\x82\x94\x01Q\x0b\x10q\xce\xc9\
\xfa4\x12\x9bst\xc4~\xff9\x87\xff\xc3}\x9c\xec\
\x9f\x0a\xbd[f\xeb=c$p4Yt\x92\xf3\xb2\
\xbak\x9cX\x10\xb3\xeb\x91\x1c\xd7\x8c\xbc\x03lR\x86\
\x93;y\xe4mu\xc2\xeb\xae\xfd\xa9\xae\xfc\xeew\xf5\
\x18r\x1b\xdc\xb5K\xc7\x1e\xb1B\x17\x9cs\xb6\xce9\
\xe3\x0c\xf5u1+\xc0\xdekI\x84\x1dy9\x82]\
\x89\xe3J))\xcalNR a1\x1e\x9c\x0f\x02\
\xdf5c\xf6\x1cM\x9b5[\xbb\x07\x87\xf5\xd4\xf3/\
\xea\x86\xdb\xee\xd0\x83\x8f?\xa5\x87\x01\xf6k\x01\xde\xdb\
\xef\xb9O\xeb6mU\xee#\x1dr\xd8\x8a\xc9o(\
8\xc7\xb9\x80\x17\x1a\xb4c\x94\xe5\x9cS\xc9\xb2i'\
Y&\x1f\xd1o\x1d\xdb\x0bq\xa2\xa1\xf1\x86^x\xe5\
U\x0d\x11TBG\xb5\xb0\xdb\x05\xcb\x96\xc8\xe1\x93m\
\xf8m`\xcf\x8e1\xe6\xcc\xa6\xca!\x96\xcf\xbcR\x80\
\xce\xb5\x1d\xf0\x1a)q\xb1J\xf4_\xc2\x1f\x02\x09\x88\
#\x8bvi\xae\x88w\x22\x17\xe4s\x01t\x01\xfb\x83\
\x9f\xdf\xe8\xc3\x8bo?o\xc7\xef \xda\x96\x18\x8c\xed\
\xb1M\x03\xde\x80u\xbf\xfa\xf2*\xec\xb2\xcd\xe0s\xf5\
\xf4\xf5h\xf6\xdc92\x06\x12\xc6\x1b\x90\x81C\x16)\
v\x9ap\xbci\xdd:\x8d\xec\xda-\x11\x14\x0a\xc2\xf7\
\xda\xa6s\x09\xd9\xe3\x8b\xec\x15\x82+WY\xb6\xec\xea\
\x9e_\xee\xec\x1c\xb8\xe2\x8a+\xbc]\xfem\xe8\xb7n\
\xc0:/\x95J\x01C\xedu>\x9a\x82\xb1\xc4&\x1a\
\x8f\xf1\x88\x81\xa5\x18\x96s\x0e\xde\x83\xdaD\xdb\x14\x01\
\xed\xdc\xbcI;\xa9\xd3\x9a\xf3{8\xc0\x865V\x1f\
U7\x005\x7f\xc1|%D\xeb\x9cH\xfc*\x0bm\
)\x00\x97#\x88\x1c%\x1a\xf0\xe5\xbc\xaf\xdfrs\xbf\
\xe6\xfb\x8e\x81\x14d\xcf\xa3\x90\x9c\x1c\x01m\xcaa\xce\
\xb0\x8d\xc1I!\x93\x8c\xaf\x88\xf1\xd61Z\xe3\xdd\xc5\
\x91\x0e\xc6\xd9\xe6\x1d\xb0XY\x12\xb4y\xf7.=\xb7\
\xf2e\xed\x1e\x1aQ\x03y\xd8W\xc5::\xbb\xd5\xc0\
\xe83\x8c\x80\xa6i\xd6I\xd62}\xda\x10'\xc9i\
\x94\x85\x81*\xa0\x1a*\x9d\xba\xe5\xee\xfb\xf4\xc3k\xaf\
\xd7\xa3\xcf\xbe\xa0\xb5[w\xea\xa9\x17_\xd1\xb57\xdf\
\xa6'_X\xa96\xfd\xe7qIY\x885\x02\x1f\x8a\
\x22\xd9jw\x00Xm\xea\x1aa\xf9\x99e\x00\xf4\x1f\
\x11\xf5=\xce\x14\xd1\xf1\x9ciS\xf5A\x00\xc1\x00\xf7\
\x80EK\xb4\x95\x05\x86\xab\x7f\xf8#]\xf5\xfd\x1fh\
\xd5K\xaf(#\xe0\xc4\xb4m\xa0j \x94\xa3,\xef\
#\x09^\x85\xc1;\xdbk\xdfF{\x0e\xdaw\xf6\xff\
\xd9\x1d*P\xbeo\x5c\x0c\x11\xad\xe7\x9c\xa3\xa2\xe2\x9a\
c\x5c\x90\xdd\x80\x9c\xb0\xebTj\x02HQT*\xca\
,O<\xf6\x84~\xf0\xf7\xdf\xa3\xfe\xfd-m\xa4<\
\xb3d\xc1\x02]x\xee9:\xef\x03gk\xfe\xac\x99\
\x80\x94\xb0\x9d\x5cIp\xd8NJ\xd65\xae\x1a3;\
T\xc4b\xe9\xa8\xba\xba\xba\xd4B\xee\x01}N\x9d1\
S\xdbv\xed\xd1M\xb7\xdf\xa5\xebn\xb9]o\xda/\
<PR\x18\x816l\xdb\xa5\xfb\x1e}LW\xfe\xe4\
j\xad&9\x99\x0e@\xd7X\x80\x8e\x92x\x1f\xbf\xfa\
\xf9-\x17#\xc8511\xaeZ\xad\xac\xa1\xe1!\xc5\
ej\xc7\xf2z\x86\x0cz\xe3\xce]\xaaK\xea\x9a6\
\xa0%\xcb\x0fT\xcf\x94^\xb9\xd8\xcb\x16\xa1\xda\xd4B\
\x83\xe9\x9e\x16<\x01\xc63\xf6\xc9\xbdg\x0c\x93d\xe7\
!'\xc3E&\x01\xf2<\xef\x8c\xbc\x93\x87\xf4[l\
\xe6s\xa6\x01\x86 \xba.\xc8\x9as\xfc\x08\xf0\xefH\
N\xa8\xc3i\xf7\xf6\x9d\xda\xb3u\x9b@y\xd5z{\
4\x7f\xd1|\x05\xfc\xd1\xdem\xdb\x0c \x040\x98V\
\xf0\x83A\xc6\xbbg\xeb\x16\x19F\xe5\x9c{\xe7UJ\
JJ\xcd'e\x9b\x9b<\xce\xf3\x8a\x8b\xa2\xb9\x1d]\
\xd5\xa9\xe7\xcf\x98\x11\xec\xceoC\xfe\xb7yy\xff\xbb\
\xbd\xed\xb6\x8fC\xa89\xe7\xaa\x92s\x90\xbc3\xde8\
\x94\x94c\xb6\xec\x8a\xafs\xb4\x89\x9akV\xbfN\xc1\
{\x18e\xa5j3\xc5e\xacJyf\xda\xcc\x19\xea\
\x9f>U1\x91\xdfV\xd0_\x02L\x04\xd8r\xcb\x1a\
\x91CV24\xb2\xc6~K\x9a\xe4\xecW7b}\
\xd93\x9e>\xed\xd825\xe3\xd1\xa6*\xc5\x08\xb9\xc9\
\x07\xbex\x00\xa0\xb1kc\x18\xb3/E\x9aE\x89\xe4\
\x80C\x0fQ\xa5\xa7S\xe3\xac\x02?\xbb\xf2Em\xda\
\xbe\x83a8V\xa5\x1bt\x1a\xc8\x06y\x9bW\x83\xe7\
\x18\xe0\xa6\x09\xae\xd1\x9c\xcc\xbc\x8cT<\x9f\x94;4\
\xce\x14\xfe\x957\xd6\xe8\x96;\xee\xd2+o\xbe\xa5A\
\x16s2\x1cr\x0f\xf5\xd5\x97_\x7fCw=\xf0\x80\
^a\x9fGA\x81\x80%\xf6m\x805\xa9\x9a\x01\xa5\
\x1a\x1b\x1f\x91M\xb9J\x5c/\x05\xa7\x08\x19\x96\xe8{\
\xde\xb4\xe9\xfa\xe0\xe9g\xe8Cg\x9e\xa9YS\xa7k\
5Y\xc2\x0f\xbe\xfb=\xddy\xdb\xed\xda\xb3{7\xa0\
\xddR\xc6\xb3\xa6\x82\x88\x8c\xc8\xa8Mf\xdf\x82T\xf0\
\xa9\xb77\x03\xdb\xfd\xf4\xf6\xc5\xff1\x0e~#.\x10\
\x0b\xcf\x9b\xfc\xa1I\x15a\xbf\xa6\x0b\xbb\xc3\x05\x8c\xd5\
\xc9K\x8c\xdf(c\x9f\x91\xdd\xe5\x80\x8c\x1c\x80\x13\x12\
l\xba\xad\xb5\xacY<x\xef\xfd\xfa\xe1\xf7\xaf\xd4\xca\
\xe7_P7\xe5\x853O:I\x17\x9f\xff!\x1d\xc8\
\xc2j\xd9;J\x0d^\x8e\xe0\xd7n\xd4\xe5\xd0W\x9b\
Y\x87\x95\x19<6\xe1\xe8'\xc7\xa86m\xdb\xa1k\
X\xb0\xbb\xf3\xfe\x07\x8ar\xd20\xbaW\x5cQ\x1a%\
\xd8V\xae]L\x8f\x1fa\x91\xf3\xef\x7f\xf0\x03=\xfb\
\xe2\x0bR\x08\x04\x80\xb6$\xa7_\xdc&\xaf\xe4r\xae\
\xadv\xdaP\xa9\x92\x14\x99q\x13\x1do\xd8\xbaC\xcf\
\xadzU\xc3d\xb0\xa1V\xd3\x82\x03\x96h\xda\x9cY\
\x0a\xe5H<-p\x16{\xcc\x0bY\xd0\x02M{\xc8\
>N\xc5?{\xc0\x883\x19\xe5R\xf10?\xec\xad\
\xcc\xf6\x8ek\xef\xe2\xe3\xac-\xde\xb7\x06\xedp?Y\
Sv\xcf\xd3\x9f\xf9)\x83\xd1\xd0\xee\xbd\xb2\xffy\xc4\
\x9e\x8d+e-\x5c\xbcH5\xb2\xf7\x0c\xee\x11\xa7\x02\
?\x22\xef\x0b\xe0\x1d\x1b\x1a\xd2Z\xfc\xca~\xa9#g\
ZQ\x00/\xb27\x9bw\x85\xfc%\xe7\x9cQ\xe4\xa4\
\x1e\x9e\xe9\x1eY\xba4\xe8\xb7\xdc<\xef\xd3\x1e?\x7f\
\xee\xf3K.\xfd\xdc\xfd\x9f?\xd9\xe5\x5c\x5c\xaeT\xba\
\x92$\xa9\xa0?\xc4\xe3\x00\x90\x5c\x8e\x7f\x81\x8c+\xc7\
\xb0\xb8\xa8\x18\x83h\x8d\x8fk\xdd\x9bo\xc8Y$\xa7\
\x99\x14C\x13\x02)W\xcb\x9a\x89\x92\xab\x1dU9\x22\
\xd3\x0e\x16$6n\xd8\x88\x90BA\x91\x02\xadM\xb6\
\xcbk\xef\xfa\xe3x\xd3\x88\xdd\xdb\x9f\x9c\x0bFo_\
\xe0\x80K2\x85N\x12f\xe32\xe5\x05q\xec%~\
*\xe7fAy.\x8b\x96\x19{3\xfa\x83\x0f?L\
3Y@\xb1\x1a\xd9\xe6\xdd;\xf5\xe2\xaa\x975<:\
&\x84\xc4;\x8c\x03\xa5\xb7,{\xe7\xf9\x10\xe2\xc9\xde\
r\xda\xe4\x1c\xc1qn\xads\xce\x91Cf\x13d5\
C\xc3c\x1af\xb1\xaaT\xebT\x8eaXM8\x0b\
^>I\xb4kp\xb0 \xab\xc1\xa5V:`\xf1\xc0\
a\x859\xfcz\xcc%F\x9e\x01\x9e=e\x1cOD\
\x8f\xe9g\xc1\x8c\x19\xba\xf8C\xe7\xe9\x8c\x13NT\xd9\
Gz\xe0\xee{\xf5u\x16\xcb\x9e}\xfaY\x16\xcb\xc6\
\x15\xe8\xb7Z\xab\xca\xa3\xbf&:\xb2,\xb7m\x86i\
Z0\x83d\xaf\x82\xecg\x0e\x0c\x19q\xec\x18\x88\xde\
\xfd\xf6\xdb\xbd\xfdk\xf4\xfb\xebv\x80\x01\x14\x8f\xb2\xcf\
h6\xc7\xf9&\x09\xbdp,(\xcf\xb1G\x05\xb9@\
pS\xa4\xf1\x89\x16\x81*S\xa5\xda\xa1\x08\xf9\xed\xda\
\xc1l\xe4\xb1\xc7\xf4w\x7f\xf3\xdft\xd7m\xb7R{\
l\xe8\xb8#\x8f\xd0e\x1f\xbdXG._\xae\xd6\xd8\
\x18~\xd0\x96\xfdq\x9aV\xb3\x8e\x7fxuuvh\
\x10}\x868\xc6fF\xf5\xe4\xd3\xcf\xe8yV\xe5\x1b\
D\xbe\xccEj\x02lu\x18J\xb1\x9b\xb6\x0f\xaa\xe3\
p\xa5\xceN\xad\xdf\xbcU\x0f<\xfc\xb0\xf6\xb2N\xd2\
\xce'\xed\x07\xb6'?\x0c\xc4\xd4R\x10Wbl\xa2\
\xd1\x18+\xc0h\x8c\x05\xb7TN-\xda}q\xd5k\
\xda\x0c\xcf\x19:\x1f \x01Z\xb0l\x91\xa2j\xa2\xcc\
g\xa2k\xb5\xf3\xa6\xec7\xc52\x93\x09\xc4\xf0\x95\xf3\
nA\xced!\xd9L\xd4\x12\x94\x8c;\x05\xc1Kf\
\xa4\x8c\x9e\xdf\xdd\x87\xae\xde~\xb1\xe8\xd3.\x18\xd1\xb7\
 G\xd3\xb1\xd9$\xc9@\x0e\xae\xbc\xf6\xeak\xca\xa8\
\x95\xfb\xe04c\xf6\x0c\xf5\x0d\xf4)\x05\x83B\x14\x08\
6-M\x82\xae\x94QVX\xbf\xe6-5\x86G\xe4\
]P\x8aO\xa6\xf8\x87\xf7\xe6,\xbe\xf0i\xcbz\xe5\
h\xdc\xa9\x83]\xef\xf0\xf0p\xac\xdfr\xa3u\xa4\xf3\
\x0f\x1a\xc9\xff\xc1\x95_u\x01\x01\xfb\x193f\xf4\xf5\
\xf5\xf4\xcd\xeb\xea\xe8\xaez\x84\xef\x9c\x93\xad\x9a\x9a\xea\
}\xc1\xafI(WTN\xa8\xe7\xee\xd1\xb6-\x9b\x95\
3]\x89\x19\x9c\x09\xc0z\xeb\xea\xe9\xd6\xec9\xb3\x8b\
o-d\xa4\xf7\xaf\xb3\xca_\xc7 \x82\xf7\x85\x90\x82\
\xf7r\xf2\xfam6\xc7\xcbfx\xec~\xeec\xfd\x1b\
\xed\xbf\x08^\x15\x87\xf6l\xf1\x8e\x9dq\x90q#\xc5\
\x00S\xb4l\x80V\x18@q\xcf\xc9\x00\xafDd\xed\
\xee\xed\xd1\x81\x87\x1c,\xfbC\xe6\x0d\xf2\xf7Uo\xbe\
\xae\xadLcv\x11\x81\x19\x16\x0eY\x93e\x8b\xbeP\
r&\x87\xd3\xb8bdN\xfbe'\xe4g\xfc\x18\xc9\
\x072\x92\xaa\x12\xa6\x81m\x1c\xafA=\xaa\x81q\x08\
y\x94\xb8f\x06\xddb\xda\x14b\xa76Yu\xbb]\
\xd7\xc8\xe8 \xb7s\xd1\x85Z\x06\xb4\x91S\xb9\x1c3\
\xd3\xa8+%\xabZ\xb6`\xbe.\xf8\xc0\x07t\xec\x8a\
\xc3\xd5I\x8d\xf9\xf9'\x9e\xd6w\xbe\xf1\x1d\xad[\xb3\
\x16~$\xfb\xda\xd7\x04FK#\xf2QD;A>\
D\xca\x9d\x97\xbc\x97\x0f\xec\xf5\xce-\xe7d\x92\x1c\x0e\
\xc6\xc9\xbb\xfe\xb8w\xfd\xe6\xaf\xf9\xe2?\xd6\x01\xf7'\
G\x22\xc6\x0b\x15\xcdrQ\x10\x1f9\xc7\xc7\x15W\xed\
\xb9&\x8e;A\x09,$\x15U:\xba\xe4\xa3Xu\
\x16\xc5\x9a\x04\xca\xc0\xb3MJj\xafQ/\xbd\xea{\
\xdf\xd7\x1d\xb7\xdcL\xbd|\x8f\x96Qn\xb8\x88\x8c\xf7\
\xacSOQG\xa5\xa4&\x89\x887\xe3 \xdb-\x11\
D\x9dsj\xe3\xfc\x0aA1u\xd866R\xa7\x0f\
%%%\xf4\xe1\x922%\xa4\x96\xca\x9d\xa4\xc1\xbe\xc9\
\x00\x00\x10\x00IDAT\x94!\xe4\xb4gdT\xa3\
,\xcc\xedd\xe1\xb9E;\xfe\x1d\xfa1\x1b.\x98\xdd\
\xf7\xc3\xd1G\x0e\x00y\xb3cf\x99\x05\xa8`cm\
\xda\xd9\xb4}\x97V\xbe\xf6\x06@\x9e1K\xeb\xd2\x92\
\x83\x0fTW\x7f\xb7\x5c\xe2\xb1\xe4\xb6\xec_J\x83\x99\
\x93\x0a\xa2M\xf3\x01v\xc5\xc7\xfc\xdd\xc8l2\xa3\x9f\
\xb7I\x99r\xce\x8b\x87\xde\xd5\x8fl\xdf[9{\xeb\
A\x9a<\x92\x1c\x0c8N<\xfb\xc0\x18\x12\x82\xd5\xfa\
\xb5\xeb\xb4\x97\x92\x9e\xf3\x0e\xfe\xfb4s\xd6\xcc\xa2\x7f\
\xc4\xaa\x16%={\x19\x17V\x90\xc0\xa2\xad\x1a\xc17\
\x85\x9d{\xda1\xe0\x0d\xc8#\xc7\x8eS\x1eD\xf4j\
\xd4\xeb\xbe\xb3\xa3\xb3g\xfa\xcc\x99\xb3ftu\xd5x\
\xcdA\xef\xfa\xf3\x8b\xde\xf3\x1b7\xf4\xec7\xbf\x19:\
+\x95\x99Q\xa9tH\x94\xc4\x9d\xf0\xca\x00%\xe7\xbc\
2NLD\x81\x01\x09c\xb0\x1b\x9b7n\xd0n\xa6\
\xaeA\x8e\x7fb\xac\x81\x87\xa5i\xd3\xa7k\x16E\xef\
\xa4\x94\xe0\xf4cz\xe9\xa5\x97\x14\xbcW\x86\xf197\
\xf9\xac\xbd\xafbs\xc5\xcf\xdf\xe9\x0f\xeb\xd2\xa3l\xb4\
\x95b\x82\x99K\x95\x91U2O\xd1dV)E\xf0\
\xbex\xd9R\xcd\xc5\xa9r\x0c\x7f\xef\xc8\xb0\x9e\x7fy\
\xa5v\x0f\x0e\xf1\xac+\xb2 \x87B=\x94#\x0f\xdb\
\xa3Wyd\xe5\x9cC\x1e\xee\xed!9\xe7\xe4\x9cC\
\xe1\x0d\xe5\x80m\x86\x1c\x10\xa7|\x08\xaa\xd6\xaar\xc1\
\x17@\xdf\x06T;\xc8\x8eDCm\x9c\xa8\xa3\xb3\xa2\
^\xca\x1a-\xc07\x04G\xf0KU|u\x88zn\
\x07S\xdceL\xb7>x\xd6\xd9:\xe9\xd8\xe3%\xc0\
\xfb\xb6\x1bo\xd27\xbe\xfe\xdf\xb4k\xfb6\x0d\xc3\xe7\
\x08\xd3\xd5Nj\x8a\xced/\x07\x90\xe7\xf2\xe8\xaf\x5c\
\xa9\x16\xfb6|\xa7\xc6\x88\x83U#vt\x8d\xf1\xe7\
<\x9d\xbdMv\xf9\xd7\xa5\xff\xd1\x9e\xc3\x7fed|\
\xd9\xde\xc6\x9bqb#|\xfb\x06#\xb5\xe3\xa4L@\
$\xb3\x1de\xda\xbfwx\x0c\xb0\xcc\x09pUU\x91\
W\x92$\x94\x1aZ\x0a\xca5\xbcg\x8f\xae\xfd\xf1\x8f\
\xf4\xbdo\xff\x9d\xd6\xbf\xf5\xa6\x16\x90`|\xf4#\x17\
\xea\xf8c\x8fQL\x06\x16\x07\xfc\x00\xd9\xe2\xe0\xd4[\
kJ\xc9\xd8D\x1f\x16h\xed\x17!\x5c\x9c\xa8T\xad\
\x15\x99l\x1d\xa0\xf7qI\x19v\x14\x97*\xaavt\
\xaaJ\xb6\xebCD\xff\xa9J\xa5\xb2\xde\xb9Y\x0e\xea\
\x00>\x07\x1f\xa62\x97\xb71\xdb\xb6\xda\xed\x86\xe2\x84\
`*Op\x163\xa9\x09\xbdD\x80\xb0\x92\x06\x8e\xa9\
y\x8b\x16h\xa1\xfdm\x0f\xcaT\x19\x90+X\xcc]\
\xa6\x02pi\xc8d\xb3\xff\xd8\xf6v\x9e;n\xec'\
@OF\x5c\x92]{'S\xef\xea8\x9f|\x8b\xf6\
rh\xf2Dt\xe1\xc1\x89L6\xbb\x10\xb6i\xb3\xe4\
5k\xd6\xc8\xfa,\x11\xb4\xe6\xcd\x9fO\xbcB^\xc8\
\xd7{\x09\x87\x927\x84%\x10\xec\xda\xb1C[6m\
\xe2\xfd\x94k\x81\xd7'\xfb\xb0D\xc6\xf3p\x14E\x0a\
\x93\xd4\x93\xc4\xd1A\x9cO\xbb\xfa\xea\xab\xad\x15\x1az\
w\x9f\xdf\xeae\xebr\xc7\x9c9\xbe\x92T\xbb\x92(\
\x1a :G\x0d2$\x03\x94\xe0M\x10\xa9\xdaD\x16\
\xef\xe8\x06\xd0\xc8\xc8\x5c7\xae\xdf@=wD\x09F\
\x94\x22\x846Q7'TM\xa5\x96\xdb3u\x008\
\xcb5J\xe4^G\xed2\xf6\x11\x99Y\xab\x10\x84\x89\
\x02u[\x97\x90\x9d\xb1\xfb\x0d?\xf6Va\x1c\xff\xc8\
{\xf6\x8c=\x92\x17\x06\x96\x17F\x96\xc3#\xda\xe2r\
^\x00\x0c(*\xa7L\xe2\x99\xdc\x0c+\x0ajq<\
\xef\x80\xa5\xea\x9e1U\xc3,fY\x1d\xf7\xadu\x1b\
\xb4\x8dLw`\xdaTy\x1fT\x9fh\x14Ne\xdf\
\xa3\xacV*\xf2\x01\xd9\x14\xed\xe42C2\xdb\xb4\xe6\
<\x07F\xa5$R\x14\xd3v\xbb\xa9\x02\xdc1*>\
t\x9f\xe30\x09\x99s\x95\x05\xb9\x06\x81j\xbc\x98\x9a\
\x8e\x0e\x0fjb|\x14\xa7\xca\xd4\x18\x1fS\x7fw\x07\
\xd9T\xa2\xb1\xc1\xbd\xb2?2~\xe1\xf9\xe7\xea\xf8\xa3\
\x8fRF\xc6|\xc7\xad\xb7\xe9\x07W^\xa9\xb7\xdez\
Kc#\xe8\x84L*\xc4\xb1\xcc\xd1\x8dR\xc2|\x0b\
\xfd4\xa8\xf3\x8d7\xea2\x9eS\xf4\xe8\x9cS.\xdb\
\xecg6)\x07N\xbd1\xc6\x1e7(~\x8a;?\
#\xbd\x8b\x8d\xf6\x91\xa9\xc9\xf8\x9d\xe4h\xe9m\xca\xbd\
\x5cAv\x85\x1b\xef\xe2cr\x7f\x9b~\xe1}8\x90\
\xe7\x9a\x11\x1d\xc9\xc8\xae\xa1-\x99M\x8c#\xe31\xe4\
MyMF9\xbcd<`R\xa9#\xb7\x18y\x9a\
\xcc&X\x18\xde\xb5s\xb7\xee\xa4.\x7f\xed\xd5\xd7\xc8\
~\xbb\xaf\xb3Z\xd6%\x17}Xg\x9ez\xb2H&\
\xd5Ci-\xa6\xa3\xfa\xd8\x88\xca\x00]\xcc\x82XJ\
`O\x00\x8ez\xab\xa9\xd1\xf1\x09f=5\x95\xca\x15\
uuwkddL\x0df9)e\x9f\x9d\xf6\xc7\
\x98\xe8\xcb\xfa\xab\xa3+\xfd\xd2-\x17\xac\xc9\xc7\x89\xc6\
\xf1\xcb\x98\x99R\x14\xc5J\xd3\xb6\xec=\xfbJ\xd9\xfa\
\xad\x9b\xb5z\xed[\x1aG\xcf\xb5\x81\x01\x99='\x95\
D\x8a$g>\x80\x98\x8b\x9d5$!\x0e;0\xca\
\x8a\xfb\xf6\x9do{\xcey\xee\xd9\xb3<lvk$\
\xb3s\xbd\x9b\x8d\xc6\x8a\xd7\xf6\xef\x8b\x13\x99\xce\xec(\
\x84\xa0\x8c \x15\xbcW\xab\xde*ly-\xd9\xae\xe1\
\x10\xb8\xaai\xb3g\xaa\x84l\xdb\xd8g\x89\xb1\x079\
\xe4\xcdO\xf0gx\xef\x1em\xd9\xbcY)z$\xcb\
\x9b\xc4\x1a\xae\x1bn\x05\xcf\xa0y\xd6\xb9 9\xe7\xda\
i\xda\xaf\x90\xf7,\x5c\xb8\xd0\xeb\xb7\xd8~\xab\x97\xad\
\xdf\xd1\xd1Q?66\x964\x9a\xad(\x8e#\x1f\xc5\
\x91L\x059\xa3M\xa2X\x8cBh\xb5\xa0\x5cN\xaf\
\xbd\xf8\xa2|jo:\x80\xc3\xa9\x8e\xd1D(u\xf6\
\x82\xd9\xea\xee\xa9)J\x22m&\xf2\xb4\xc6\xea\xca\xea\
m\xe5\x8dT\x95\xa8\xac\x0c\xc3\x12\xd3d\x07\x00\xd9\xdb\
\xef\x8e\x1c\xbc\xf9\xb7I\xf0#6\x0bzF0\xcb\x19\
\x86\x89\xa1X\xed*\xe5bj\xd30\xf6\xa6\xe0f\xa3\
\x09\xef\xb9*(\xd9c\xb4\x11\xca\xb1\xd1\xa6d\x0eM\
\xdf\xd6\xd4\x05st\xe0\xd1Gh\x8c\xebY\x5c\xd63\
/\xac\x22\xcb\x1dS\xad\xabG#\x04\x9c&\x86,\xe7\
d\xbf\x86X\x8ac\x02R])`\x9af\x04\x16\x03\
\x17\xeb\x8b\xb6Zd\xacmj|y\xda$\x19\xad\x93\
!\x8f\xc3W\xaa\x10\x9c\xec\xebD9\xc6\x93\xb5\x9d\x9a\
\xc8\xa71\x81\x8cR\x07\xc8z\xd5\x91\x19\x1a@L\xa8\
\x95\xf2M\x85qD\xcdq5\x06wk\xc9\xdc\x99\xfa\
\xe4\xc5\x17\xe9\xe8C\x97+\xa5\xed\xdbo\xbfE\xd7\xdf\
p\xad\xb6S;\xcfL\x22I\xac\xd4yY\xad\xb8\x81\
\xac\x93RU\xc1\x97\xe4]\x02\xcb\x01\xf2doeV\
\xd9\xcb\x8a\x08\x14Q\xe4\x15\xc5A\x81`#\x8c\xdd\xda\
\x90\x8f8O$\xc7\xf3\xe8\xde\x9c[!\x90mK-\
\x90\xc8\x88\xa4\x1d\x93p\xef \xe4\xcdxlLF)\
\xbcX[\xb9\xec\x08\x02tP\xbe\x8c\x1c6e\xc4q\
\x9e\xc3\xa3\xdd2?v(\xc7\xc9\xcb\xf6\xfa\x85\x8d[\
\xb2 \xfa\x8bD\xcb\xfb{\x90e\xef-\x18\xcbi\xc3\
\x87\x18\x96#yg\xed\xd1\x18\xfd\xc4\x8c7\x89\x82\x22\
\xefd\x00UG~ut\x94\xd2B\x5c\x0a*'A\
\xca\xda|\xd0#\xfac\xa8\xca\xe4\xe4C\xa4\xccE\x00\
\x5c[\x81\xec\xd3\x16\xd8\xf70\x9b\xb8\xf5\xf6;t\xf5\
5\xd7j'\xb3\x8b)\xccJ\xce;\xebt}\xe8\xf4\
\x93\xd5M[\xaa\x8fj\x80\x19l\xde\xaa\xa3\xeb\xbaR\
\xdam\xdb@\xe9\xdb\xfb ;L)5L\x8c\x02\xc0\
q\xacR\x94(%\xf3\xedbv\xd2\x02\xe4[\xcc^\
D\xdf\x0c@\x16\x142x\xc48L%\x05\xc9{e\
\xbe\xac\xb8\xd2\x8b]y\xe5b\x9c\xce\xe1\x8bm\x99\xef\
\xedfv\xf62Ax\x98AL\xd0\xce\x92C\x0eU\
\xff\xcc\x99\x8c#Wp9\x8b\xb0n\x1f\x89\xbd\xc0 \
\xae\xa3\x97\x00ye\xbc\x011\x0b\x14r\x901\xcbu\
\x1aWA\xfam6\xcf\xcb\x1e~\x8dW#aC\xa2\
\xc7\x5c\x0d\xd6\x1c\xca\xb5*};\xd5\xaaU\x95\xe3\x9a\
^\x7fe\x8d\xf2F\xa6\xb8TR\xef\xec\x19\x1a\x00_\
\xb20\xf9<J\x04[\x1a\xf2\xcc\xfe\x12\xf4\xfa\xda\xea\
\x97\xd529\xc1w\xa5V\xe6v\xaaNf/9\x0a\
\xcb\xb0\x0b\x93;\xfc\x07l\xa9\xb3\x9df]###\
\xb4\x04;\xef\xf2c#y\x97\xaf\x0a\x01\xc8u\x0d\x0f\
\xb3nP\x9eZ)%\x9dm\x94\xef\x9cC\xaf\x08'\
\x17B\xc8\x15<]\xe0Tv\x96\x0e\x0fip\xd7\x1e\
\x8c3\x15\xc1UB\xe1<,\x8b\xa4\xb5\xeeN\xf9\x88\
\xf7\x00\xa1m\x1b7ithT\x0e\x83\x0f\xb4b@\
\x93\xa1\xc0\xdce\xc2\xb3\xc4\xe0\xf5~o\xd6\xc7\xcf\x88\
\xc1\xc0G\x1cb%QR\x80\x1a\xa3\x9a\xdc{/\xe7\
\xa5\x04e-?\xeap\xf5\xcd\x98\x22<Ak6\xac\
\xd3\xba\x0d\xeb\xc9l\xeb\xca\x18\xac\x13\x06\xcbs\x11\x8c\
G\x1c'\xd6\x9e\x93\xec\xfb\x82\xf67\x0fJ\xc1\xcb\xc8\
\x8e+q\xa4\xaa\x11\x06\xc1\xe2\xb1&\xc9\xab\x1c\x1c\x01\
\xc8C\x11\xd7p\xf6`\xcf\x95\xd4I\xc6\xd2E\xd6\xdc\
\x81\x81u\x94\x12uP;\xef\xe4\xb8\xb3\x1cS\xaf\xda\
\xa5E\xb3f\xb1j~\xbe\x0e_~\x88\x02}?|\
\xff}\xba\xe6'?\xd6\xc6\x0d\x1b\x94\x91\xc9V0T\
\x17\xc5\x00#z\x91\x14\xe1\xcc\xbb\xd0\x13\x01U\xce9\
\x95h+\xe1Z\x8e#\xda\x7f+3>>\xa2q\xb2\
\xbb:\xf5\xcaf\xb3\xa1\x94\xf1\xe5\xe88\xb3`\xb3\x8f\
Z8\x82M\x95\xed\x99I \xa0\xdd(\xc2\x1eB\xd1\
\xa6s\xee\x97\xee\xe9~\xf2c\xc2\x9f<\x92\xe9\xdc\xc8\
\xe1\xf4N\xc5V\xec\x88\x85fA`\x8a\xe7bq\x89\
\xfdo\xfe\x89\x19[\x8d\x15{\x87.\x8d\xe7qj\xac\
\xf6M\x02\xbb\xdeM\xdd\xd4\xceI,\x00\xc16\x19a\
\xa4*\x19j\x85Zl\x84\xbd\xc6\xa6\xb7(`\x0b\xb9\
,\xcb\xb3\xde3\xec\xd6\x80`\x9c\xd9\xce\xd8\xc4\xb8\xe2\
\xa4\xa46\xd7\xe2$\xd1\x94\xa9\xccxB\xd0\xbd\xf7\xde\
\xab\xff\xfc\x97\x7f\xa95\xabWk\xc1\x9c9:\xeb\x94\
Su\xc8\x92\xa5\xea\xadU5\xbck\xa7j1\xb2\x02\
\xb8\x02@\x101\xee\x18\x22\xe7\x90\xd9N\x84\x1e\x12:\
*cx\x15\x80\xb8L{\xd5(\xc6>\xc2\xa4mp\
n_\x07,\x88\xe7\x02\xba\xd9O\x1e\x10t\x9c;2\
\xf2B~\x80\xba'\xe8;\x82\xb43\x1f\xe3\xfe\x9e\xa1\
Am\xdb\xb5K)<\xd4z\xba4s\xceL9\x1e\
\x8e\x92 \xc7\xbf\x90\x09\x99\xef#\xe5\x5c\xc9\xe9e\x1f\
\xc1\xaf\x80\xc2\x9fQ._\x9c\xf3\xc8\xaf\xff\xb1\xc6~\
\xc5\xd3n\xdfu\xf3(\xd1;\x04\xcf-f\x02M\x12\
!\x86P\xd4m\xf7R\xce\xb1\xec?\xe3\x892\xd8\xd2\
3e@\x9e\xf1x\x82W\x8c\xccL\x96\xb8\x13f\x95\
ih\xcf^M\x80MrN\x8e\xd6\x03\xf7\x1dG\x01\
\xf9z\x87\xc7\xc0\xcd\xc4\xf8D\x946\x9b]\xe5j\xa9\
?\xfe-\x17\xd3\xccZ\xe9\xe6\xdd}\xfe\xed\x15W8\
M\x99\xd27u`\xeaA\xfdS\xa6\xf6\xf8\xc8\xcbc\
\x84\x0d\x04\x90\xe2\xcc\x19\xc2\x08\xde\xcb\xb0R\x0c\xc2~\
\xd9a\x1b\xd1}\xbfs\x9a_\xd9;\x1dD\xe9\xfe\xfe\
~E\x18\xce\xd8\xe8\xb8\xd6\xad[\xc7\x14y\x5cQH\
\x14B,\x03]\xec\x04\xf1!\xe0\xe2\xa7~\xe7\x1bv\
N,t\x98\x8f\x93eE)\x0c\x15\xd9\x13F\x9b\xe1\
\x1c\xe5J\xa2\x15\x87-W\x15\xc0k\x8e\x8f\xe9\x8d\xd5\
\xafh\x07S\xb5\x98\xc1\xbb\xb4)O\x8d\xd5\xb5&\xd8\
O(\xa4\x0d\xa8\x0e5\xe4\xd3\x09\xb5\xc7\x87\xd5\x1c\x1d\
\x84\xf6pL\xfd\xb7>B$\x1e\xe1xX\x19\x00g\
\x94N\x0c\xab51\xa2\xd6\xd80\xd7G \xce\xc7\x86\
\xd4\x18\xd9\xcb\xb5\x11\xb5'F\xd5\xe6\xd9\xc6\xc8\x90\xea\
#\x83j2E\xcd\xc8\xcc\x07\xba{\xf5\xd1\x8f|D\
'\x1d\x7f\x02\xf2\x8c\xf4\xd0\x83\x8f\xe8\x07?\xf8\xa16\
m\xdc\x8c0\x9db\x1f\x8bAQ;\xae\xab0\xdaL\
h\xca\xa3\xd6\x01uZ\x9d\x10\x83\xb32\xc5\xc4\xd8(\
\xc1\xa3\xa5\x92\x81zG\x87j\x00u\x951\x97\x19o\
)\x89\x14\x9b\x153\xd6\x0c\xbd[\x83\x09vP\x01\xac\
;*e2\xc1\x08'M\xd5b\xb1'3\xe7\x06@\
\x0a\x00-\xf6\x98\xb7\x19;$#\x5c\x94.\x95q\x9c\
\xcbI\x90\xed\x8d2\x0c&\x97\xc4N\xf2N9d3\
\x92\x8c~\x85>\xc4\xb3\xdc\xd0$9\xf6\x92\xe3\x05\xf0\
\x82\xfe\xf5+\xa9M\xe0\x18Cf6\xb3(\x97bu\
\x00\xaa\xa58\x143\x11+\xd7X\x19\xa0\xca8\xbdp\
at\x99\x91\x18\xd8\xb39cI\x0bJe6-6\
\x8f\xbd\x07@8\x8e\x91\x09`^.W\xd5\xc1\xe2W\
\xd3\x00\x98r\xc0\x18\x94\xb1\xca\xde\x02 \x9ey\xf2\x19\
]\xf9\x1d\xca;\xab\xd7h\xce\xac\xd9\xfa\xfc\xa7>\xad\
S\x8f;^\xb3\x00\x08\x87\x0fy\xf8\x0a\xec\x03Yu\
D\x9f15\xd8\x88,;4'\x0a\xbbh\x8d\x0e\xa9\
\x85\xdd\xb4\xc6\x06\xd5\x86\xd2\xf1!e\xd8I\x86\x9d\xb8\
\xe6\x98\x1c\xb3\x1c\xff\x0b\x148\x0f\xd8ah\x8d\xc9\x8e\
]cB\x1e\xca\x1b\xe3\xca\xd87F\x87\xf5\xe6\xeb\xaf\
\xe9\xd5U+\xb1\x89\x09f\x9f\xdd:x9v\xcd\xba\
A\x9aa\x1c\x8c\xb1\x90?{\xfb\xd8\x15Dl\x87\xbf\
\x922\xf9_y\xefW\xdcp\xbf\xe2\xfa/\xbdl2\
W\x8e]\xc0\x9f\x0fA\x1e\xbb\xb0\xdff\xdd\xb2a\x93\
\x02\x00Z\xc5Vg\xcc\x98!\xc7u\x1bC\xca\xc3)\
\xd8\x94R\x920\x8c\xda\xb1c\xa7\xb6m\xdd\x82\x09\xe5\
\x85\x1e}\xf04\xa6\xe2y\x07'9\xb6Eb\xe2g\
\xcc\x9e\xdd;e`\xea\x82(\x8e\xbb\xb9\xc6\x1d\xbd\xab\
\x8d\xd6\xdf\xd5{\xc5K\xa7J\xbeZ*\xf5\xc1\xd0\x12\
\x17|w\x03'\xb7A\xc5\x18[\x14\x22\xd9\x80\x0a?\
0\xcb\x87\xf1M\x1b6\x12U\xf6\x14\x97\xcc\x1b\xcc\xf1\
B\x082\xc0\xed\x01t\x1d\xc7{\x89:\xbb\xb6\xef(\
\x06\x1d9/\xbb\xcf\xab\xf2~\x92\xd5\xfd\xc6]0\xf0\
;\xfcQ\x18\x9a3\xb7\xf3LGs9\x02D\xc0\xb1\
\xda(/G\x89\xf3)\xd6\xcf\x9d;[9Y_\xc3\
\x8c\x9e\xeca\xd6\xb4\x01\x1d\xbct\x91\x96/^\xa0\xe5\
\x8b\xe6\xeb0\xf6?\xa3\x85Z\xb1\xc4h\x91\x8e8`\
\x89\x0e_\xb6X\x87/]\xac#\x96-\xd1Q\x07.\
\x83\x96\x16\xd7\x8b{\xdc?\xe2\x80\xc5\xc5\xf9\x91\x07.\
\xd5\xe1\x07\xf2\xce\x81K\xd8/\xd6\x0a;>h\x89\x8e\
8x\xa9V\xb0?\x8c\xf3\x15\xdc[q\xd0R\x1dI\
)\xe1\xa3\x17]\xac\xd3O>U\x15\xb2\xad;\xa8\xe1\
^\xf5\xfd+e\xdfR(Q\xfeHX\x8c\x11\xdah\
3\x8d\x92\x82JIY\x81l\xb4I\xbd\xd72\xda\x16\
\x0e\x9e\x13P\x02\x80\x9a$1\xbapj\xe3\xfc\xe3d\
\xb9\xa38\xfc(SQ;\xb6o\x99\xb4x'\xa3|\
\x921\xfe\x0cph\xd4\xc74>6\xa8\xb1Q\x82\x03\
 a\xba.\x01\x5c\x01\x1d\xe7&\xb3}\x94\xa1\xdc\xb7\
\x099\xaa\xd8L\xd7F\x81\xb3\xfd\xe48\xfe\xf9O\xbe\
\xef\xd4\xf696V\xe8h\xdf\xb5_\x7f\x97+F\x8f\
\x1d\x04\x92\x12\x99\xa8\xe0\xa1\xddn\x15\xe3\xccqb\x01\
\xb4uj\xa4-\xa6\xfb)c3\xca\x8a\xc0\x22E\x8c\
\xc5{\xc0\x9f\xf4\xca9\x87|\x82<\xfb\x9c19\xe7\
\x94\xd0\xde\x04e%\x93\x8dsN==\xbd\xc53m\
\x9b\xd6\xc6\x09\xa5\x9a*A\xf0A}\xf7\xdb\xdf\xd6[\
\xaf\xbf\xc9\xec%\xd6E\xe7]\xa0\xa5\xf3\xe6\xe9\x80\xb9\
\xf3\xb0\x9b\xc5:\x94\x85\xcf\x15,f\xadX\xbcP+\
\xb0\x9f\x15K\xe6\xb3\x9f\x8f\xad,\xd4\xe1\xfbl\xe2\x88\
\xc2>\x96\xea\x08l\xe3\x08\xd6\x14\xeczas\x8b\xe7\
\x17v\xb7\xdc\xf6\xbc\xbb|\x1f\x1dF\x1bF\x87.\x9e\
\xa7C\x97, \xc3\x9e\x07-\xd0\xc1\x5c_\x8e\xfd-\
[8_\xa58(C\xd7\x22\xa0\xcd\x99?[\xd3f\
NWF\x16\x9b\x91z\x98\xbc\xc5\xb6\x7f\xcf\xe1/\xf9\
\xec\xd3\xd7\xcf=\xe4\x7f\xc9s\xef\xee\x925[\x90u\
\x83lM\xe6F\xc1\x07\x19\x8d\xb1.\xb4\x9e\x99\xa6\xdd\
\xae0\x13\x9c1s\x86J\x95\x92Rte:-\xde\
EOA^#CC\xda\xb4~\xa3pl\xf1\x00\x1e\
\xc1\x13\x85}\xda\xde\x9ed\x8fm\xa7\xadVw\x94D\
\x07T\xa6\xf6N}\xe0\x81\x07\xc2\xbb\xe3\x5c\xf4\xf8n\
\xdf\xe4\xbd\xd7g\xccp\xca\xb2J\xb3\xd9\xe8\x0a\xc1\xb9\
\xe0\xed\xd4b\x9f0]\x98\xe5\xc3c\x93\x1f\x14\xb8\x8e\
\xe2v\x1b\xe7\xe419\xd2\x8f\xdcK%\xb2\xa1\x19\xd3\
\xa7\xab\xab\xabS6\xe0\x1d\x89\xe8\xa5\xb8\x00\x00\x10\x00\
IDAT\x00\xee\xe0\xde!y\x170\xfc\x94\xe6\xc9\
.L8!\xc89WD\xa3\xc9\x06\x7fw?m\x18\
\x0eez\x80\xd6Fg\xe4\x03F\x09\x0bM\x1c\xc8\xa6\
-\x87\x1cz\x88\xaa\xb5\x8a\xb8\xac\xbe\xee.\x1d\x7f\xcc\
\x11\xfa\xf4'.\xd1\x1f|\xf6\x93\xfa\xe3/~N\x7f\
\xfa\xa5\xcf\x17\xf4'\xec\x8d\xfe\xf4\x0f>/\xdb\x17\xf4\
\x85\xcf\xe9Ox\xa68\xfe\xe2g\xf55\xa3/|\x96\
k\x9f\xd1\xd7\x8a\xfd\xe7\xd8\x7f\x8e\xf3\xcf\xeak_\xb4\
kF\x9f\xe6\xfc3\xfa\xb3/}N\x7f\xfa\x07\x9f\xd5\
\x9f\xfc\x01\xf4e\x8e\xbf\xfc\x05\x8e\xbf\xa0\xaf\xfd\xc1\x17\
\xf4\xa9\x8f\x7f\xbc\xf8\xd5\xder\x1c\xeb\xd9'\x9ff\xf5\
\xfc\x1a\xd9\x1f\xa5\xaeP\xafm\x91i5Xq\xb7z\
\xa0\xf7\xbe\x00\x88\x88\xe7L\xeef\xbc\x1e%y\x1c.\
\xdfg\xa4\x01]y\x08\x0d(\xc1!k\xd5\x8a\xca,\
\xf0$\x00VLfg\xf7\x9d2|4\x95\xbd\x97\x04\
\xa7J)\x22kLd\x19q\xc4y\xd6n\xa1\xcf\x16\
\xb6\x91B\xe8\x95\xe7'\x7f\xe6\x1c\xe5\xe8\xd6\xc9\xc9K\
\x047\xb7o\x9fs\x9c\xbb\xa0\x82\xb8\x96A\xe2\x5c\xce\
I\xf0h\xfb|\xf2m\xfd\xfc\xe68\xf5r\xc5?\xf1\
\xf3\x9d\x94s\x0e\xaf\xbc\xe7\x94\x13(S\xea\xe3\x13L\
K\x1b\x00MK\xc2\xe1\xaci\xe3\xd9\xc6&@\xd6\x9e\
\x8b\xb8\x18 ;\xce\x99\xe1\xa4\xd8\xb4\x05Y'\xc1J\
^P\xc6u\x0bVV\xb7W\x96+\x89b\xa5dT\
M\xea\xad\x8e\xb18x7\xca\xa8\x15\xa6\xd4_\xadP\
\xf8\xd0}\x0f\xea\xfa\xab\xaf\x95\xfdq\xa1)\xbd\xbd\xfa\
\xdf\xff\xb7\xbf\xd0\xd7\xbe\xf4E\xec\xe5K\xe8\xf7\x8b\xfa\
'_\xfa\x02\xf4y\x8e?\xcf\x1e\x1d\x9b\xae\xbf\xf4Y\
\xee\x7f\x0e\x1b\xf8%d6\xf1\xc5\xcfs\x1f\xc2\xce\xcc\
\xf6\xfe\x8c\xfd\x9fa{\x7f\xca{\x7f\x06\xfd\x93/}\
\x86\xb6&\xe9\xcf\xfe\xe0s\xfa'_\xfe\xbc\xfe\xec\x0f\
\xbf\xa0?\xfe\xf2\xe7\xf4\x99\xcb?\xa6\xa3\x0f?Te\
\xf4\xd7 \xfb\xed\xc47\xe7-\x9a\xaf@\xd0\xcc\xbc\xf2\
\x9c\x00\x97A\xb6g\xe8\xbf\xe4\xe3\xb8\xb6\x8fl\xc7\xd9\
o\xfb\x01.~e\x13\x19\xc1\xd1lv?Y\xb2\xd6\
\x02g\x0cH\x1b,`\xc6Q\xa4\xe9`Lo_\x9f\
P\x92\x00\xaa\x82|\xf0\x8aCP\x86\x0foZ\xbf\xbe\
X\x5c\xf6\xce\x09\x03(\xa88\xc4>\xda\xe8/\xb7\x13\
\x8fe\xe7yW\x9a5;\x98\x05\xda\x83<\xf7\x9b\x7f\
\xfco\xfe\xca\xcf\xde8\x92\xc3,\xcf\x13\x98\xac\xa4\xed\
6r\xc1\xf0<M\xa2\x10n1>\x8e\x89\x10\xa8I\
\x19\x83\xdfH\xd9 \x06\xbc\x84Q\xe7\x0cF<g\xd1\
g\x165\xc7*\x0b\x0d6\xf8m\x9b\xb7htdD\
\x81A\xda\xef\xfa\x8bZ\x98\x19\xaf\xb5'y9\xe7&\
\x0f\x7f\xc7?\xb14\xd8p\x04\xc3|\x92ri\x8c)\
c\x13P\xea\xea\xef\xd1\xc1\x87\x1e,\x1bZ\x9b2B\
\x14\xe5\x9a>\xa5O\x07\x92\xa1\x1c\xb0h\x01\x8bX\xb3\
\xb4d\xf64-\x9e\x05\xcd\x9c\xa2\xc53\xa6j\xd1\x8c\
\x01h\xdf\x9ekKfM\xd5\x92\x99\xd3\xb4h\xe6T\
-\x98\xd6\xaf\x05\xd3\xf7\xdd\xb7k3\xa6q\x1d\xe2\xbd\
\x85<\xbb\x88g\x16\xce\x9a\x22\xa3\x05\xb3\xfa5oz\
\x9f\xe6N\xed\xd5<\xde\x9b?}\x8a\xe6\xd3\xf6\x5c\xf6\
\x0bg\xcfR\xec\xbc^[\xb9J?\xf8\xfe\xf7\xf5\xe6\
\xea7(\x0b\xd4\x9866Ue\xda\x1b\x00\x00\x19\xe5\
\x8c\x0bP\x98`u\xdcj\x99\xa5$.2\x9d(\xf2\
\xf2\xe8(\x03,\x1b\x94\x06\x9a8`\x965\x05J!\
\xfd\x8cLO\x00k\xa2\xae\xce\x9a\xfa\xfa\xba\x99\xb1t\
\xab\xaf\xbfK\xbd\x9dU\xb2\xb8H1\x0b\x839\xcf\xa7\
\x96%2EN\xc9\x803f\x00\x85\xfe\xcd\x06\xf2\xbc\
h\xc7l\xa1 \xcea\x05\xb3\xf0\x5c\xe7c'\x16\x99\
\xe58\xc1\xdb\x05q\xcd\xde*.q\xd9\x9c\xdf\xc8\xde\
\xe7\xa1_\xf8\xd8\x93Fv9\xe7\x95\x9c\x03\xa3l\xdf\
\xde\x8e\x8d2\xeeA\x8c\x15?T\x1c\x1ccs\xec\xbd\
\xa2\xc8\xa9\x9b\xa9u\x19\xc0\x09\x9e\x0e\xd1\xb7-(\x05\
X\xb4S\xcb\xe0\x05(\x93\x05\xb1\xa0E@)\x00 \
CF\x92sN\xf6/\xc2\xb1c\x02\xda8\xf25\x0a\
!\x22\xbbN\xe4}\xac\x98\x19H\xc0pn\xbf\xedv\
\xfd\xe4G?\x01x\xd7k\x02\xfb\x9fGf\xb6\x90U\
\xf7E\xb3fh\x11v\xb3\x08\xfbX<k\x00\x1b\x9a\
\xaa\xa5\xd8\x92\xd1\x12\xbb\xc6\xf1b\xdb\xf3\x8c\xed\xcd6\
\x16c\x1fKfO/ln\x09\xd7\xdf\xb6=\x9e-\
\x8e\xb1\xa1\xc9g\xa6\xf2\x8c\xd1t-\x9ec4\xb3\xb0\
\xd5\xa5\x0b\xe6j\xfaT\xca}\x8c\xd1\xc6\xd7\xd1\xd3\xa1\
\x85\xcc\xc4j,\xfae>w\x99\x93\x8c\xf4s[\xce\
X\x8d\xc4~\x92Tl<\x5c\x5c\xa1\xb1\xe2\xfc\xdd\xff\
\xf0\xb9\xb0\x0d\xfd\x83\xcd\xc0\xd6{\xaf\x80\x5cs\xec*\
 \xef\xc8\x07\xed\xd8\xb6\x8d\x99\x16e1\xae\xf5\xf4\xf4\
\xa8\x7fJ\xbf2p\xa7\xcd\xb9\xd9\x8b\x05Oas\x09\
\xfcm&\xd3\xb5\xefK\x8b\xfb8\xba|\xc0\xd68\x0e\
!\x90\x90\xc4\xb2\xcd\xc9E\xdc\xeb\xca\xdbie\xc7c\
\x8f\xbd\xeb\x01\xfd\x9a/:\xeb\xf3\x1f\xd0\xca$\x09\x80\
n\xa7w\xae\xd3y'\xcf\xc0=\x86\x06\xaf\x12\xc3\xe3\
T\xe9>\xd0mbp;\xb7mW\x89\xc8\x9fs-\
c\xe0&\x802\xd9R\xbf}\x9d*\x8a\xd4j\xb4\x10\
\xd4N5'\x9aJB\x8c(\x9c\x82\x8fd\x82\xc9\x0a\
c\xce\xe5\xdc/\xe7E\xef\xf3\x96\xa1\x9c\x94\xcc%\x13\
\x22\xf3A9\x83k3\xd0\x84\xecv\xf6\xbc\xb9\xb2\xef\
\x18\x87$\x10#\xda\x8c\xb9\xa5\x89\xd1QY-\xb4>\
:\xa2\x94\xa9\xb6\xb3)6\xa0\xc5\xe0d\x94SC\x13\
\xd7m\x1f\x911\xc5\x80Q\x9c\xb7\x14\x01L\x1e\x902\
\x0a\xd4\x0f#\x03\xf1wP\xe0\xfe\xdb\x946\x8a\xba\xb0\
\xb5Gg\xb2>\xa2}\xf7\x1dm\xe4\xd4\x03\xdf\x02h\
\xbf\xf7\xed\xef\x14\xbf\x8a\xea\xe5\xc0\x87\x1c\xc3u\xc85\
\xc8\xbb\xa0\x8c1\x89\xebQ\xc4\xb9\x105\xba\xc9\x01\x91\
:%\x84\x8cze\x04\xf0\x96\x01\x9c\xae\xae\x9af\x01\
\xfe\x071}=\xee\x98#u\xc6\xa9'\xe9\x83\xe7\x9c\
\xa5\x8b?r\x81.\xbf\xecc\xfa\xdcg?\xad/|\
\xfes\xfa\x12Y\xfbg>}\x99>~\xc9E:\xf7\
\x9c3e\xcf\x1e\xb0t\xa1f\xb2\xc0\xd8\xdb\xdd\xa1R\
L?.\xa7o\xc9\x1c\xfa\xe7\x08\xaf\xe2\x96\xe0\x02\xfa\
E=;\xa4\x0d\xa1\x7fpWy\xb1\xcf\xd9\xef#\xd9\
\xb8\xc4\xd8\xf6\x91\x9dC*6\xbb\x97\xd3l\xc6}\x88\
\xeb\xfem\x22xxG0*k\xa0\xb7[\xf3\xe6\xce\
\xd2\xf2\x83\x0f\xd4\x89'\x1c\xa7s>p\xa6>|\xde\
\x87t\xee\x07\xcf\xd69g\x9d\xa9\xb3\xce8Ug\x9f\
u\x86\xce8\xed\x14\x1du\xc4\xe1Z\xb4`\x9e\xfa\xc9\
L-H9\xec=7@\xf6Rb\xb2d\x9f\x91!\
Y\xc6e\xdfzI(\xdd\xc4q\x22o\xb6\x03+m\
\x92\x89\x06\x99\xae\xb0\xef&\xc7m\xe4\xfe\xe8\xa3\x8f\xea\
\xe6\x1bo\xd0\x96\x8d\xeb\x95\x13\xe8(*\xb3\xaf+\xc7\
v2j\xb1\xb6Wk\x5c\xa2&\x1b\x99m`/\x09\
\x99u\x8c\xed\xd8\xf9~\xbb\xf0\xd8\x80\xe7\x19Gy\xc8\
\xec\xc0\xf6v\xeei\xc7\xc8aw\x934\xae\xa2\xa6\xcb\
sV?6\xca\xa9#\xb7\xea\xe3\xcai3\xa5\xb4\xe4\
b/\xb3\xf1\x19\xc8\xa5w\xea\x80\x18\x80\x0cps\xa7\
\xb7\xf7B\x96\xce\x08\x1f1\xfd\xbdM\xe2!(/H\
\xef\xe9f\xfd\xefo0\x03\x1b\x9cs\xd8\x94#\xf0\xb5\
%\xf8\xf0\x9c\xef\xdd\xbdG#\xc3\xc3\xb2\xad\xd2Q#\
)\xe8\x97\xf3\xc6\x13\x1c\xb1s\xce!\xe2&\xdcI\xdb\
7o\xd6\xc4\xf0\xa8p`em\xda\xe0jN;\x19\
\xfea\x94\xda\xb5<\x8f\xb24\xedj\xb5\xb3\xce\xd1\xe9\
\xd3\xbd\xb5\xfb\xdf#\xba\xf8\xa5\xb7\xff\xd1\x17'\xdf\xca\
'w?\xff\xd3\xcd\xe9\xee\xae\xf5\xf4v\xcf\xef\xea\xee\
\xea\xc8\x19\xb8\x0f\x1e\xd1\xf3\xec\xbe\xde\x18\x93\x9c]\xc3\
\x80FY\x1d\x1c\xde\xbbW\x0e\xe3\xb2q{2\x88L\
\x99\xaa\x1dUu\x90I\x88(5Q\xafk/\xcf\xe4\
\x0c\xd4+ D/\xcf\xe0\x8dL\x00\xe2\xbas\xfe\xe7\
\xb9\xf8\x1d\x9d9\xf1\xcf9\x99\x02\xc4\x00<A\x22*\
\xe1Dq\xa4\x03\x0f=Xq\xa5\xac<HQ\x123\
\x94\xb0o\xea\x1d+\xe2\xd9\xd8\xb9b\x9f\x04\xa7\xc4\xce\
\x19w@R\x93\xab\xd2b\x81'\x852\x05\x02Qp\
9#\x878\xf6\x80_@\xf1\xde\x9e\xb7\xf3}\xfbH\
m\x15\xe4R\xda\xcby\xaf\xcdy\xaa\xc0\xf3\xb9\x018\
m\x97\xe8g\x02\xc0\xbf\xe7\xce\xbb\xf4\xd0\x03\x0f)O\
s%QL`k\x88a\xa8IfK\xd3\xcapx\
\xf1|\x02\xdf%\xc6c\xc0\xe1\xe1\xa1\xc4y\x19\x80\xb4\
\xff\x12\xe8\xc4\x13\x8e\xd5G/\xfe\xb0>\xfb\xe9\xcb\xf5\
\x95/\x7fI_\xfb\xdaW\xf5'_\xfb#}\xf5+\
_\xd6\x17)\x85|\xeaS\x9f\xd0\xc7.\xbdD\x97^\
r\xb1>\x06\xd8\x1a\x08\x7f\xfe\xf3\x9f\xd1W\xff\xe8\x0f\
\xf5\xa7_\xfbc\xfd\xd1W\xfe@\x9f\xbc\xfc\xe3\xfa\xd0\
\x87>\xa0#\x8f8\x8c\xa9\xde\x14\xc5\xb1\x83\x8f\x5c\x88\
\x04\x1eZ\xca\xe0\x1bS)\xae\xc1:,eJ'\x0d\
]^N9\xf6e\x04\xabh\xdc\xed#\x1ec\x10f\
\x1b\x19{\x10\x95\xeb\xb92\xc0\x22G\x16\xf6T\xa01\
#\x1b3BPF q\xc8\xd1\xf4Ra\xbc\xb3\x98\
v\x1e}\xe4\x0a]p\xde\xb9\xfa\xd4'?\xa1?\xfa\
\xf2\x1f\xc0\xf3\x1f\xe9\x9f\xc0\xf7\xd7\xbe\xfa\x87\xc5x\xbf\
\xf2\x07_\xd4\x1f\x7f\xf5+\xfa\xf3?\xfdZA_\xe3\
\xfa\x1f\xfd\xe1\x97\xf4\x87\x94p>y\xd9\xc7\x01\xe7\xb3\
t\xf8\x8a\xc3\xd4\xd7\xd3-:\x90\xa7\xb3(x\xf8o\
\xa9luDx\x91\xf1\x07\xe5P\x0a\x18\xa7\xe8\xc3c\
;\x0d|\xa3\x001\xef\xb4gp\xafn\xbb\xe3v=\
\xf0\xc0\xfd\x1a\xdc\xbb[I\x8cA\x01\xe4\xa6\x8f6 \
\x1a\xc7\x92\x0f\x99\x023\x08\x0f9\x00\xd73V\x07y\
{\x0e\x0a\x8c-Pw-l\x8b \x06f*F\x9f\
\x01\xc1\x15\xd7\x9c8\xcf\x14\xf3\x5c\xc2\xf5\x12d{R\
8y\x9eq\xd8\x99e\xed\xed\xb4-\xc1\x93#\x80\xd8\
w\xb5\xa7L\x9f\xa6\xa9d\xdf9\x0a\xcby\xc7|=\
\xa5\xff\xc08Q\x8f\xc4\xb8\x10\xfe\xbe\x8f\x93s\x9ec\
W\x90\x93+\xf6\xfcx\xd7\x1f\x93\x9bua-\x89\xf6\
\x8a}\xf1\x833\x0f\xe7\xdc\xf4\xc8\xddsO\xd8\x8a\x05\
\xbbV\xa39\xf9\xdf|\xf9\x80\xbdE\xb2\xff\xac\xd2\x0c\
.\xf3R16\xef0\x19P\x88\xe07\xb2wPc\
C\xc3\x04\xb8\x96\xac\x09\xac\x08iH\xa2\xcd\x9c\xa3\x10\
\x82|\x08\xbe\xc6\xb4\xae\xab\xb3c\x1a\xb16\xd1?\xb2\
\xe5\xbf\xe2\xbe\xff\x15\xd7\xff\xd1\xcb&\x04\x0a\xd4=\xdd\
]\x9d\x07\xc3D\x15\xdex\x07\xf6\x1c;\x98t\xae8\
P\x08\x91\x1c\xcec\xbf\xf9\xd1\x18\x1f'\x12\xb5\x14\xa1\
\xa8\x02\x9c\xe2\xa0^\xb8\xef\xacTd\x8c\x0c\x0d\x0ei\
\x98\xc1\xa3w\x09\xa3D\xb72\xb0\xb0\x16\x9d\xa3=\xfb\
@v\xfek\xd1o\xf2\xec?\xd2`\x06Sm\xc6\x81\
~e\x8a\xc8l\x8c\x18\xa4\xc3q\x0e8\xe4`)\xf2\
j\x12P\xcc\x81\x1a\xad\x96\x1cc\xccP~\x1b\x07C\
*2\xc0\xd8O\x19\x06b\x86a2\x14\xc7\xb6/\xee\
\xd1\x87\x9dc\x0bt\x01\xf3\xdc\xb36r\x80\xb1\xd8\xd3\
^\xf1\x1eN\x9cA\xa99,}\xc6\xf4\x15\xe4`\xc1\
+r\x1e\xd9ejQ\xfa\xb8\xf7\xae{t\xeb\xcd\xb7\
\x14\xd7\x9d\xb5\xc5\xb3I\xa9\xa4\x06\xf5\x5c[\xbd\xf58\
P\x9c\x045\xc9\x8a\xebd\xdem\xb2\xa7\x04/\x0dA\
Z\xbcx\xbe\xfe\xff\xcc\x9d\x07\xa0%E\x95\xf7\xff\xa7\
\xaa\xbb\xef\xbd/ON0\xe4\x0cbF$\xa8\x80(\
\x82\x8a\x08\x12\x14\x150\x87U\xd7\xb0\x9f\x19s\xc4\xb0\
\xaekXsX#(k\x0e\xa0\xa2\x921\x81\x81\x9c\
\x86\x19\x86\x89/\xbf\x1b\xba\xeb\xfb\x9d~3\x03(\xb8\
\xcc\xb8\xeb\xdas\xcf\xad\xea\x8a\xa7N\xaaS\xa7\xde{\
\xf3\x84\xc7?N/|\xe1\xf3j\xc3s\xeaSO\xd6\
\x13\x9ep\x8c\x0e<\xf0\xa1\xda\x8d\x0b\x99e\x5c\xac,\
\xe4\xb86<4\xa0F\x911G\x9a\x05\xe8\x903F\
\x7f_S\x0b\xe6\xcf\xd3\x1e\x5c$\x1ez\xf0A:\xe1\
\xb8\xe3\xf0\x84\x9f\xa1\x17b\x88\x9f\xf7\x9c3t\xec\x13\
\x8f\xd1^{\xed\xa6A6\xdd\x06r\x101\x10\x15!\
\x08\xdft\x842\x1bF\x81e)\xa1\xfc\xae@N\x03\
\x97\x87Y\x806\xacWwy\x8c\xf5%\xfaT\x18\xa0\
\x12\xc3\x9aeQ9\xb8\xf40\xe6\x81\xb1=\x9f1`\
\x06q\xe7\xe1\xd1>\xf0\x01\xfb\xeb\xd8c\x8f\xd1s\x88\
u\xbe\x08\x83\xfa\xccg<\x8d\x0d\xe38\x1d\x8e7{\
\xbf\xfd\xf6\xd6\xf6\xdb/\xd1\xfcy#\x1a\xc6\xc3\x9f\xc3\
\xb1z\xd1\xfc\xb9ZB\xc8f\x19\xe1\x9e\x1d\xb90\xbd\
\xdf\xbe{\xe9\x11\x87\x1e\xa4'?\xe9\xf1:\xe3t\xdf\
`\x9e\xadg<\xe3\xa9z\xd8\x01\x0f&\xb4\xd2T\x82\
7\xfd\xc4\xbds\xe6lax\xe5\x06\x91|@\x80z\
\xc8D\x09O{\xf0\xc3\xc3S)\x8frC\x10\x8bB\
c\x9c0\xce\xfd\xaf\xff\xd2\x85\x17\xfd\xb2\xfeM\xc2\x0a\
Z\x08\x03\x9b\xd1\xa6\x0b\x7f\xdc\xfb\xac0\xaa=\xd6X\
A\x9b\x12\x99\xac\x18\xa7B\x1e\x12s$O\x81\xfa\x9d\
4\xd1\xbfr\xa0}\xe9\xed=\x8f\xf3\x22d\xad6\x0a\
|%t\xadB\xb6*\xc6)\x01\x8a\x10\xb3T\xcb\xb0\
e\x01U\xac4\xcc)g\xd7\xbd\xf6Tld\xbc\x97\
\xaa\xc5\x8c\xf9B\x0cp!\xa1\x0dR\x82\x07\xbcl\xfa\
\x18\x1c\x0a5xc\xf3\x0e\x9bj\xb6)q\x9c\x99\xc5\
\xe70\x1f\xc0Lf\xb3\x10cT\xa2\xde(\x0f^\x96\
\x84\x9d\xe9)A\x9bU\x84+\x13k\x8b\x94\x0f\xcf\x19\
Q\xc6F\xdb\x05o\x97\x7f0V\x163\x1a\x97\xea\x11\
\xfe\x5c\x7f\xc7\x9a:\x1f2\x14\x80\xb9\xc4\x80\xbe2\x0b\
\xa6\x00\xdf\x124\x1b\x1c\x18\xec\x1f\x18\x18\xdau\xb8\x18\
\x1eJ\xe9\xae\xfe\xb6\xee\xf3\x13\xees\xcb?k\xf8\xa6\
7\xbd\xc9\x10\x92\xfe\x98\xe7KYH\xb3F\xd4\x91\x04\
1_\x0c\xd9\xd9\x1e\x10@,\xf8\xb6[n\x85\x10]\
\xf9\xc5AH^X\xa9\xd1\xcc\x89\x01\xceQ?\xae\xbf\
0T\xeb\xd7\xac\xd1\x98\xef6\xbd\x8a\xbe\xc6.\x04\xc8\
$\xfa\x8bg\xb6\x17\x99\xfb\xfa\xf1\x0e\xf7\xb5\xed\x7f\xd3\
\xaeB\x80\xdd\xc85\x1a\xb9\x22L\xa9P\xf0\x12\xc6,\
&n\xbad\xfb\xed\x95bP\x0f<-/T\xb4\xfa\
d1G5\x1c\xf7(\x0b\x99\x14\xa2\x12\xe0\xe9\xdd \
R\x1f\xa9w\xa8\xdb\x91\xf7\xb4.\xcfeY.e\x05\
@\xca\x98\x163m\x86\x98ej\x10\x0b\xcfh\xd3\x85\
f%\xca\xd3\xc6\x83\xad\xb0\xfc\x97_\xfe\x1b}\x8d\xcb\
\x99\x95\xb7\xafR\x06NN\xd1iv~O\x8bFC\
=\x14\xb0\xb2J\x16\xa4\x18\x8d\xd5\x97\xca\x22\xb1\xe8\xc5\
\xf3t\xc2\x09O\xd2K^\xf2\x22=\xe7\xb9gp\x9c\
>\x5c\xdbm\xb7D\x03\xfdM\x0d\xf6\xb7j\xef\xcb0\
lBpg\x01\x8f\xa8~\x9fM\x0d\xfe\x07\x1f\x0e\xfa\
\xf4\xca\x0el\xe5r\x8a\xb6Mx=\x7f\xde\x5c\xed\xc9\
\x0d\xfbc\x8e|tm\xc8_\xf1\xb2\x97\xe0=\x9f\xac\
\x87q\xe98\x7f\xde\x1c\x19\x14K\xc4\x80\x0d#c\x9a\
\x1d\xcfq+\xf2L\x91A-\x81\xa6\x7f\x90\x1f\xdb\x02\
BN4\xfb0w\xc6\x09\xaaQ\xe4\xeaal\xdb\x1c\
\xa7a\x95\x04~\x9e\xee\xb6\xdbNl$G\xe9\x0c\xbc\
\xf0\x17\xb3\x99<\x87\x8b\xa5\xc7\x12B\xd8\x93x\xe5\x02\
pk\x81c\xa8\xe7\xae\x948^\x0b\xbc\x0b\x8c\x8e8\
Q\x881*\x8e\xf3^\x9e\xc8\x1b\xeb\x0b\x18\xf3\x81\xfe\
\x86\xfc4\xb0\xef>{\xeaIl$/\xc1\x1b~\x16\
\x17S\x0f\xe0\x22J\xacg\x0a#\xea\x9e\xa3\x1b\xcd\x1e\
\x86\xd8\xa0\x0d\xfa\x8bQ\xeb1\x02\x0b\xe2%\x80\x5c\xa2\
\x22D\x98Az\xe3\xcd\xb7\xe8\x9b\xff\xf5-]v\xc5\
\xafd1\x93\xff\xbco\xcc\x0b\xb5\xf1\xc8D\xfb\xa2\xaf\
O\xfe\xeeu\x8a\xc8\x0f\xfd\x8dv\x0e\xf5\xbb\xe73\xe4\
$\xcbew\x83\xd92!OU\xd6\x90B\xae\x84L\
! \xccC\xdb\x98)YP\x0f\x03\xe6i\xa0\xaf\xbc\
\x8c\xb1\xdc\xa1X\xb0dq\xad\xab]\x0cw\x09\xf6\xee\
)U\xf0\x81U\xc8\xc1\xe0\xa0%\x93H\xb5\xe9\xa9_\
\xc9oN\xc9\xfeM\x1f\x1f}\xf3\x00>\xe7\x9d\xf9$\
\xdf0\xba\xd8\x91\xc4\x86V\xb0\xae\x19B\x9a+o]\
\xa1n\xbb\xad\x1c\x99\x98\x03\x8f\x878\x8d\x94U\x05\xf6\
U\xdd\xd5E\x1f\xb1W\x89n\xdc\xc6e\x9a\x1930\
\xb0\x1b[\x07\xb1\x163\xca\x1c\xc8+\x84\x81,\xcf\x96\
e\x16\x07\xf5eo\x22E\x00\x00\x10\x00IDAT\
\xa67Q\xa1\xad~\xe0\xf2}\xecs\x0f\xc3\xa7^/\
\x0b!\xb4\xa0x!\x88_\xef\x96\x08>;\x00E\xa0\
L^\x0eLq\xd3\x8d7\xe2\xc0\xf4\x14\xa91\xa0W\
\x91G\x99\x86\xe7\x8e\xa8\xd5\xd7R\xc5\x0e\xbbn\xcd:\
MC(\xaakE2\x16o,\xd4j\x8e\x19\xa3\xfc\
\xdf||\xe6\xc8\xd4\x11j%7\xbex\x0d\x96\xf1\x92\
I{\xec\xbd\xa7\xfa\x87\x87\xe5\x7f\x99\xa9kA]\x8b\
\x9a\x81\x9fS\xddR\xac\x10\xb9n\xaa\xb4L]\xd6\xd1\
\x85q\xdd\xba\x8diK\x8a\xe4v\x98\xa0\xc3\xf8\x7f\x01\
^\xcex\xdd\x90\xa9\x87\x82\xf4\xea\xd4\xc8GU\xc1!\
\xd34\x8a81\xdd\x96+I\xa2mD\x99V\xac\x5c\
\xad\xaf\x9f\xfdM\xdd\xca.o!\xa8\x83\xb2\x8b\x14\xb4\
\xd4\xe6V7 i%\xf4o{\xfc\x0e\xc3\x18X\x5c\
D\xf2v\xd9e\xb9\x9e\xfb\xbc\xd3u\x1a\x1e\xdb\x83\x09\
\x03\x0c\x0f\x0dz\xb7\xfa\xa2\xacQd\x9a\x9a\x1aS\x0f\
\xaf8\xd2_*\xc1\xb8Tr\xfeb\x9cf\xdf+%\
\xca+\xca\xe0>}M,\x19e\xe8\xc9\x0d\xb0\xb7\x09\
\x88;l\xd7\x9c\xe1\x01b\xa7{\xea\xa4\x13\x9f\xacW\
\xbe\xfc%z\xce\xe9\xcf\xd0\xa3\x1ey\xb0\x86\x06\x9a\xc8\
\xc2\x0c\xfc/\xf1\x18\x1bu\xea?#l\x8c\x1c\x02\xe3\
\xb9L\x00\xbc\xca\xc1\xc0\x82b\xbe+\xe6!L\x01\x7f\
f<&\x89\x81\xcc0\xc0n\xecw\xd9yG\x1dw\
\xdc\x13\xf5<\xc2\x1c/&4r<!\x90\xfb\xed\xb7\
\x0f\xe1\x80!\xf0\xab\x98\xaf#\x03\xef\x1e\x9ev\x05\xad\
\x0c\x1c\xcd\xd7\x00\x8d\xc4\xda\x0c%M\xa4b\xec\xc4f\
\x956\x95\xfbZ*\xf2N\xbb\xbeV\xa1\x16\xb0\xf3\xce\
\xcbu\xfcq\xc7\xeaY\x84$\x8e=\xf6\x09\x8a\xd0\xb6\
\xaf\xaf)\xff\x95]\x1f\xa3\xd1\xc8\x15\x10$7\xc2L\
\x0a\xdeR\x17\x8f\xccOG\x15\xf3\x14\x18DA\xb4\x1b\
n\xbcYg\x9fs\x8eV\xad\xbeC9\x1b\xab\xc7}\
#q\xe1\x12\x0d\x1a\x87\xdf\x1d\x98\xd9\xb5\x80\x1cY-\
g]\x08\xd1U\xa8\xdfg\xcb\xef\x9a\xb7\xbb\x94G\xf2\
Q\x1de\x9aa\xacN\x22\x9f\x82z\xa4=\xfaW\xc8\
\xaa\xc5\x1cj\x04u\xca\x04\x94r\x87\xc2\x11\xdda\xa7\
\x1d\xe5\xbf\xce\xde\x83\x0e%\xf4\x08\xac\xa3\x82N\x08\x01\
\xd5\xce\x14\x12\x81\x08\x89\xbf9\x90U\xa2hs\xde\xdf\
\xb7\x15\xec\x1e\x06\x81\x0c23\xc5\x10\x14\x10\xe4\x04\x0d\
E\xbb\x16\x8e\x85\xfft\xc8\xea\xd5\xb7kjzR\x01\
}\x1d\x9e;Gs\x80\x1ag\xf1`\xb3\xd8\xfd\xa0\x02\
\x08b\x7f\xfc\x0f\xe5P*_\x8fWI\xc6P\x0cF\
jf23/*\xc8\x0cU\xb2\xe6\xd7\xf6\xde\x9b\x02\
m\xf5\x13\xees\x0f\x9f\xfb.\x8d\xdfH\xbe\xcaR\x8c\
\xd1r\xa9b\xf2Jh\x08\xf8V@\x02x\x07e9\
 T+W\xde&\x1c\x03E3\xd6\x99\x80RY\x11\
\xeb\x1f\xbe\xce\x8b\x5c=\xdal$\x9e[b\xac\x0c\xe6\
;\x81\xcd\x8c\xf5AL\x03d\x8c\x99j\xd0\xff\xc1\x03\
*j\xe6\xb9\x12\x02W\xb9\xc0\xa1\xe9\x89\xc2\xdd\xf7\xde\
[=\x90\x9d\xc0\x80\xb5\xd9a-/\x14P\x8eP\xb4\
T\xf4\x0dJyC)/$\xde7\x835\xfa\xb4\x19\
B\xb3_V\xf0\x0e\x886)o\xd6m\xcd\xdfiW\
\xf1\xee\x7f;u\x16rU\x8cUe\x85J\xbc\x90\x14\
7\xcd\xd5h1g\x0b\xc5\x09P;\xd77\xcf\xfd\xae\
~w\xe5\x1f\xd5Ei,D\xcd\x10+\x0fYT\x83\
\xb8s\x0f%)\xc1_\xe0\xaf \xdaWj43\x1d\
\xf0\xb0\x07\xe9\x9f\xff\xf9\xc5z\xf4\xe1\x8f\xc4x\xe4\xea\
\xc7\xab\x15\xde\xde\xc4\xd8F6\xc2\x09\x84Zj5\x0b\
e\x08/D\x80\x1b\xd5\x9d\xc0\x98\xe6jJ*U\x18\
\xbfR\x15R\x1bbT\x96g\xca\x98;0_4\xc1\
\x7f)g\x0cN\xcb\x88KW\x1eo\xdc\x81\xe3\xfaq\
x\x89\xafz\xc5\xcb\xf4\xd2\x97\xbcP\x0f\xd8\x7fo\xec\
[[\xed\xe9)\xb5\x1a\x99\xfa\xfb\x9aLY\xca\xa0\xbd\
1\xbe\x18[xc\x9e\x9a\x04\x1e\x06~@\xe6o\x15\
q\xd4\xa2\xc6u'.8\x9fr\xfc\x93\xf5O/~\
a\xed\xdd>\x8a\xcb\xbfE\xdc\xca\x97\x5c4MM\x8e\
\xaa\x8b'\xdc@\x06\xdd\x83\x07E\x81\x22\xe3H\x19\x99\
\x10\xc4RJ\xd6\xd2\xa5<1\x07\xebe}\x09\xda\x19\
\xa9\xe3\xe1\xb1\xd6\x06\x9b\x91C\x82V%\xdeu\xc2\x08\
\x0f\x0d\xf6\xe9\xa1x\xef\x1evx\xe9K_\xa2\x9c9\
\x9ax\xd1f\xa6\xa9\xa9I9m}\xfc\x0e\x1eX\x89\
\x91pC\x91\x87L\x81\xc2\x1e'\x16f\xd6\xe4\xe4\x94\
~\xf3\xeb\xdf\xea\xdcs\xbf\xad\xa9\xe9.|\x8a*Q\
\xb3\x88\x8c\x84\x9c\x8d<\xe6R\xde\x87\xac\xf4!_\xad\
\x1a\xe42\xe3@y\x15\x1b\xaab\x13\xd8\x9c\xce\xe6K\
d\xa6\xa2M\xc58%\xe3\xf42\xcas\xfa#\xb3F\
>o\xf6\xa9oh\x84\xa1\x90\xcb\x1c\xbdd\xe5B\x86\
zI\xb5s\xb1\xfd\x8e;(\xc0<^%\xd6\xe3\x9b\
\xb7\x90\x7f\x93\xe9/\x1f/3\xd8D\x9a\x80\xbfl\xf0\
7\x958\x0e\xf5\xa8|\x19\xb2\x96\xe7\x19\xbc\x0a\xaa\xe9\
\x99y\xde\xea\x9f\x84\x1a\x1f\x1f\xaf\xe7\xe9\xeb\xef\xd3\xc8\
\xdc\x11)H\x8eN\x05\x1fK\x9c\x96\x08\xee\x05k\x5c\
\xb3j\x95\xc4I\x11B\xd3 \x89\xe5\x01\x8e\x7f\xaa\xed\
S\xc9\x86\xcc\xd8H\x87\xf5\x95Uj,X\xf0\x07\xab\
\x07\xde\xca/\xa6\xdf\xca\x1ewi^\x9a\x19X\x05\x10\
Q\xa2\x9c7\xb9\xe08\x98\x19%|P\x90\x19b\xb9\
\x1b\xd7\xadc\xad\xa6hL\x89\xf2\x84\x18\xd4\xd7\xdf_\
\xef<F\xd9\x0c1\x15\xff\xc5\x087\xbe\xc1\x07\x83*\
V\x83\xfe!\x9e\xc4N\x08\xca\xcacT\x91EU(\
W\xb3\xaf\xa9\xe5;.W\x19L}\xc3C\xeaJ\xf5\
\xff\x81\xd6.\xa56\x0a2Ef\xed\xc6\x09\xad\x1f\x9f\
\xd1\xe8LOc\x0e\xedMi\xa7\xd48\xf5c\xbcO\
\xe0\xb6\x8coz\xf7\xd4\xcb<\x9d\xa8\xcbz\x1a\x9f)\
5\xd6\xee\x92v5:\xdd\xd3\xd8LW\x13\xc0\xc6\xc9\
\x19\xf9\xf8\x1d\xe6*-\xd3t\xa7\xd2\xf7~x\xbe\xce\
\xff\xd9/\xe5\xff\xe3D\x87\x0d,Cqb\x91k\xa6\
\xcbQ\x1f\xbaGp\x0f\x08dD@s\xca\x9b}\x85\
\x0e>\xe4\xc0:\x9c\xf0\xa0\x07\xddO\x16\xba\x8a\x5c\xd6\
\xac[\xbbZf\xa6a<\xd2\x1c%\x9b\x99\x99\xd6\x14\
|\xac\x18#\xc0B\xd5\x1cO\xb4\xc1\x18\xc1\xb0\x9a\xdb\
F\xde\x92\xf2\x06\x02O\xa3\x0a\x832{\xe4\xeb\xc8\x0d\
L\x87\x8d)g~7\xa6\xeb\xd7\xad\xad\xe9X+\x01\
^\xa9\x1b\xc0\xb9#\x03:\xea1G\xe8\xb5\xaf\xfe\x7f\
z\xce\xb3\x9e\xa9E\x0b\xe7h\x9c\x0b\xd8\xc0\x5c\xfdl\
\x18\x11\xda3U\xbdy\x0b\xb9b*(.p0\x19\
\xf3y\xbd\xd1`xh@O<\xf6\xf1z\xe3\x1b_\
\xa7\xd3\xf1\xa0\x0f<\xf0a\xca\xf2\xa0\x89\x891`T\
\x1e\x16\xe8\xefo*\xc3Hw\xdb\xd3\xf5\xa6\xe2\xca\x97\
X\x9b\x9f\xb8\x12x\xe7\x8c\xd7l4\xd4\x07\x043E\
p\xd8\x9c\xa2\x86\xd8\x19\xd6\x0e\x0e\xbe\x96\x8d\x5c\x80\xf5\
0\xe4\x03\x8c\xd9`\xed\x93\x93c\xeauf4\x9f\x98\
\xf7Q\x8f}\xb4^\xf1\x8a\x7f\xd6\xf2\xe5K5\xcd&\
\x22\x13\x9b\xe0\xb4\x5c\x96\x1a\x8d\x5cY\x88\x8a\x16\x94\xb3\
\xb6D\xac\xd7\x7fs-\x86\x8c\xf1\x0d\x5c\xa7\xf4\xe3\x1f\
\x9f\xa7\x1f\xfd\xe8<\xec\x80a\x0f\x92F\xc7&59\
\xd5\x81\xbf.\x0bm\xe4\xaa\xa3\xb1\x99Y\x18%\x8e?\
J\xdea\x1c\xe3q\xcfPj\xbc\xc38\xc8\xdeFd\
i\x03r4\x86\x5cN\x00\xfe\xbfQl\x9c\x98\xd6:\
dv\x92qf\xc0\xa7\x8d3TJJ\xc1\xd8\xee\x92\
v\xdemW5\x9b\xcd\xfa\x9db\xf4\xa0\x94\x19\x8br\
\xf0\x82\xff%\x08\xf72n\xa2\xbc\x84\x0f%\xbc3\x99\
\x82\xe3\x09\xdeF\x85\x99A\xf3\x19\xad_\xb7\xbe\xc6\xb3\
\x89\xd30<gD\x19rOS\xf9S\xc1k#\xe3\
\xed7\xac]\xab\x99\xc9I\x16[RR\x01&3#\
\x15) \xf2e\xc5^[F\xa9\x97I\x8f\xd0\xb6<\
\xf7\xb6\x96\xffv,w\xad\xab\xc4\x99$%&\xa79\
\x8b\x14H\x19\x10\x14\xf86\x90\x17\xb8\x95\xda\xb8q\xa3\
\xc6\xc7'x\x91\xcc\x0c}I2\x88348HL\
w\xbe\xfcq\x0f`\x94v.xJ\x94\x00&\xfe\xd9\
,PBq\xaa\xfbz\xfe\xef\x0d531\xb4\x91c\
\xb8a\x5c\x9c\xc9;\xec\xb0\x83\xe6\xcc_\xa0\x12\x5cW\
\xdf\xb1V\xdf \x0e\xf7\x8e\xf7\xbcWoz\xeb\xdb\xf4\
\xb6w\xbcKg}\xf0C\xfa\xf8\xa7>\xab\x7f\xfb\xd8\
\x7f\xe8\xac\x0f\xfd\xbb\xde\xf7o\x0e\x1f\xd1\xfb>\xec\xe9\
\xbf\xeb\xfd\x1f&\xffo\x0e\xff\xae\xf7\x91\x9eE\xbd\x83\
\xe7k\xf8\xd0G\xf4\x81\x7f\xff\xa8>\xf0\x11\xe0\xdf?\
\xa6\x0f~\xe4c\xfa\xd7\x8f|\x5c\x1f\x22\xff\xaf\x94\x7f\
\xe8\xa3\x1f\xd5\xd7\xbf\xf1M\xf9\xff\x91\x85}\xae\xff\x87\
\xd8o}\xef\x87\x1a\xc3\x18cok\xe1\x8axb\xb1\
hpYV\xaa\xc7\xc6!\x0b\xaa\x90\xb0\x90\x05%\xd6\
q\xe0\x81\x07\xe8\xf43N\xe3BsX\xa3\xa3\xeb\xd9\
\x08\x1bJl\x1f\x0b\x16\xcc\xc7pt\xb4q\xfdz\xb9\
\x11\x1a\x84W\xfdx\xbf\xee\xe5\xf9\xbb\x99\x84\xf4\x01V\
\x831\xa6\x83x\xccL\x15\xa3$\x94!\x84\xa0\xa2(\
\xd4\xd7\xd7\xd2\x00\x1e`\x80~\x03\x8c3o\xee\x88\xa6\
\xf1\xfa\xd6\xacZ\x81\x81\xa94\x87\xcb\xaa\x06\x1ea\x97\
\x0b\xbd\x1d\xb7_\xaa\xa7\x9e|\x92^\xf5\xca\x7f\xd6\xd1\
\x8f{\x8c\x06\xe97\x8e\xf1\xf5\xe3?\xc3\xf3q\x85p\
Pm\x80\x99Z*\x99\x91\xa3\xff\xfd\xee\xb7\xaf\xfe\xdf\
\xab\xffE\xafx\xf9+\xb4\xc7\x1e{\xb0\xee\x8ef\xda\
\x93j\xb5\x1a\x1ab\x1cW\xbc\x84\x82v\xdb3\xaa\xf0\
L\x1b\x18I\xaf\xcb\xf3\xa0&F\x10\xdb\x87w\xdb\x81\
V\x1du1\xa4\xd33\x132\xe8\x84m$Mb9\
u\xea\xc6]\xac\xb2\x8f\x8d\xd7\xd7\x92A\xcf\x19\xc2\x1a\
\x1d\x8cm\xc4\xa5Ox\xc4\xa3c\x1b\x98\xb7\x8f\xb8\xf8\
\x11\xd0\xf8t.\x0e\xf7\xc4`5$\xa7\x8dLM\xf8\
\xe2\x1eV\xac\x90k\x18Va,\xfc}\xa8o@\xc4\
\x0c\xc1O\x1a\xdd0\xae\x9f\x9c\x7f\x81n[\xb1Zy\
\xde\xa7\xdbn[\xad\xff\xfa\xf6w\xf4ad\xea\xfd\x1f\
\xfe\xe8\xac\x0c\xb9\x1c\x01\x9b\xdf=\xfd 2r\xcf\xf0\
\xf1\xba\xcfY\xf4=\xebC\x1fE.?\xac\xf7#w\
\xefG\xfe\xde\x8f\xbc}\xf0\xc3\x1f\xd3\xc7>\xf1I}\
\x18\xd9\xfa\xc0\x07?\xa8\x8f|\xf4c\xfa\xfe\x0f\x7f(\
\xff{\x0cy\xab\xa5\x9dw\xde\xb9\xf6\xd4\xcdL\xc9\x84\
1\xabdf\x00\xcb\xfa?\xfa\xb8\x9c\xb9\xb3V\xd5\x06\
\x14\xbc\x94jL\x12t\xf5\xdf\x96\x5c\xb3v\x8d\xbcM\
\xa3\xd1\xd4\xc8\xc8\x08NA\xa1\x0a/\x17\xb4\x95\xc5\xa8\
 \xe3P\xd7\x93\xdb\x1f\xb7U\xda\xf4\xc0\x15r\xb3c\
\x99\xb7\xcbsY\x0c\xf4U\xd6\xee\xa4\xe2\x9ak\xae1\
\x1al\xf5'lu\x8f-\x1d~\x1fC*\xe7f.\
\x09 SK#\xc8;\x8a\x8el`)\x81w!\xe0\
\x13c\xe3\x04\xb3;,\xdcw\x10A\x92\x04\xe2\xa5\x1a\
\x08\xec\xc0\xc0\x00#\x06u8B\xcdL\xb5\xeb\xbc\xd9\
\xecZ\xea\xb1f\xb3>R\xad`\x81\x16\xff#\x9fM\
\xe3\xde\xd7\xb1\x1ay\xa1\xd4\xab\xd4C9:\xec\xfe\x86\
\xf6\xed\xc4\xae\xdf\xe8\xef\xd3\x0c1\xdeU\xc4\xa3\xaf\xf8\
\xed\xefu\xe1e\xbf\xd6o\xfet\xad~\xf5\x87k\xf4\
\xb3K\xae\xd0\x0f.\xb8P\xe7_t\x99.\xb8\xf4\x0a\
\xfd\xec\x92_\xe9g\xa4\x17\x5c\xfck\xf2W\xe8\x82K\
Hy\xf7\xf2\x9f^|\xb9~v1m\x80\x9f\x02u\
\x9e\xfa\xf3\xe9s>\xef^\xf6\xd3K\xbc\xcd%\xfa\xe9\
E\x97\xea\xe7\x17^\xac+8~\x8e\xb23\xf7\x0d\x0c\
h\xfd\xc6Q\xf9_\xaf\xba\xf6\xfa\xeb\xb5\xf2\xf6\xdb\xd5\
\xe2r2\x22d\xe3\x93\xd3u\x1c\xb7\x85\xc2\xb8\x07\xe8\
\x86rjb\x5c\xc6q\xf8\x80\x87\xdc_O=\xe5$\
\xed\xba\xcb\x8eZ0\x7f\x8e\x861\xac\x1d\xbcQ\x98\xa3\
\x0d\x1b\xd7)\xc3\x10\xf5\x0f\xb4Tb\x9c\xc6\xc6G\x19\
\xa7-W4g\x86\x19\x9c\xb0\xa8$\x84\x10\x22&\xcf\
\x03f\xa6\xe0\x16\x0a\xe6\xb9\xa0\xbb\x22\xb8Bx\x88c\
bbB\xd3\x9ch\xa6\xf0\x98;\xc4\x96\x07\x07\x07\xf0\
\xa4\x87\xe5^\xe1\xe8\xe8\xa8\xbclxxH\x86\x15\x9d\
3gH\x87\x1f\xf6H=\xf7\xb9\xcf\xd2\x09\xc4`w\
\xddu'\x8cw\x90\xa9WC\xf0\x14\x0f\x19u\xa91\
X\x08\xfe/x\xde\xb3\xf4\xce\xb7\xbdY\x87=\xf2\x10\
MO\x8d\x83G\xa5\xc5\x8b\x17\xe0E\x06M\x82\xff\xf4\
\xf4\xb4Jx%\x9e\xc0\xda\xb2\xa2`M\x1d\x8dz\x1d\
\x1eob\xde\x10\x83b\x96)\xc7 \xe6y._\x97\
X\x93\xa7\x01\x9e\xa7\x10%c\xcd\x10\x82=\x85\x10E\
WN\xcf\x1e'\x89,\x8b\xca1\xbe%\xc6?\xb1A\
\xfb\xdf\x9dh\xe4&\x04G\x87?\xea\x10\x9d\xfe\xccS\
\xb5\x9c\x8bWS\x92\x83\xc7\xaa\xdd\xf0\xa3\x18\x0af\xe0\
Y\xa8\x80O\x819\xc6\xc6\xa7\xd4\xd7?\xa4\xd5wl\
\xd0\x95W\xfdA_?\xe7\x1b\x1aE\x8f\x16/Y\xaa\
Q\x1c\x98K.\xff\xb5.\xbc\xf4r\xe0\x0a\xfd\xf22\
\xe0\xd2_\xeb\x97\xc0/\x90\xbf\x9f_\xfa+\xfd\xe4\xa2\
\xcb\x81\xcb6\xc1\xa5\xfa\xe9\x85\x9b\xe0\xa2K\xf4\x0bd\
\xee\x17\xf4\xfd\xd9\xa5\x97\xea\xe7\xb4\xfd\x99\x03\xe3]@\
\xdf\x9f\x5c|\xa9\xce\xfb\xc5Eu\xfb\x9f\xfc\xf2\x22\xfd\
\xec\xc2\x8b\xf4\x9b?\xfcAk\xc7\xc64\x83\x1c\xccY\
\xb4@\x11\x1cS`]\x0a\xa0\x0eOR@7\x03\xeb\
\xf42my \x11\xdb\xd2\xa6Wh\xbb)\xb7MI\
u\xb7^\xd0\xcf\x8d&t\x14\xe3B:\xf0H\x04\xb8\
h\x05^\x01>\x85\x90\x81SR\x0fO~\x02\xcf\xdd\
\x14T4\x1ajq\xba\xce\xb2\xacn\xef\xfd\xb2<\xca\
7P\x97\xfb\xe9\x89IM\x8f\x8f\xb1\x0eIf\xf2\x0c\
\xd3\xa8d3\xac0\xe0\x14\xf0\x89\xca\xf2V_\xb3\xaf\
1\xbc\xfd\xf6\xdb\xb3h\x8a\xee\xf6\xb1\xbb\xbd\xdd\xd3\xcb\
=t\xba\xa7f\x7fY\xb6x\xe0\x80\xe1y\xf3\x17=\
|xd\xce\xdc\x1e7\x7f\xb3\x0a&h\x10\x00\x93\x09\
\x941P\xea&\x8d\xad\xdb\xa8)\x8cC\x9e\xe7\x1aG\
\xf1\x8a\xfe\x86\x1a\xfdM\xf5\x0f\x0c\xb0\xf3\xf7)U\xa6\
\xd15\x1b5\xb6vL%G\xe4\xe4B\x1d%\xff\xb3\
\x8a=+a\xdc\xac\xb1\x8e\x94\x07E\xc6g\xf0\xbf\xf5\
\x93\xb6n\x80.a\x00U\x81NA\x16#1\xd5\xa4\
E\xcb\x97h\x1a\xaf0\x1b\xe8\xd3\x1a\x18v\xfdm\xab\
\x14\xfbG4Uej\xc7\xa6\xd2\xc0\x88z}\x03\xea\
6\xfa\x95Z#R\x8b\x0b\xb7\x06\xd0\x1cRY\x0c\xa9\
W\x0c\x90\x0e*5\x87\xa9\x1bQ\xa2~6?<\x9b\
\xef\x1bV\xe9m)\x8f\x03\xf3\xd4\x0b-e\xfd#\xea\
\x1f\x1c\x96\x11\x8f\xdbe\xb7\xddu\xd8\xe1\x87kdd\
H\xd7_\x7f\xad.\xbc\xf8\x97Z\xbd\xf6\x0e5\x07}\
#\xe8h\xd3\xdf\xbfM.d\x15\xc6f\x0a\x81\xb2r\
FC\xadL{\xec\xb4\x5c\xc7\x1d}\xb4\xfcw\xed\x0d\
e\xea\x12_\x9c\x99i\xab\x1fEOf\xca\xf3(\x83\
\xf6\x09\x8f-\xe0\xb9\xe59B\x1c\xa2\x12\x0aVB\x07\
\xe4\x10\xe7\xd2j\xa88\xf0xY%\x83W&\xdf\x98\
\x02c\xb8\xf0C0\x99\x99b\xcc\x94\xc5\x82<\xe3\x86\
L\xb2\x88\xc1\xeb\xc9C \x91\x0d\xad\xd1\xec\xa3>\x97\
\x9fx\x02\x86\xcb\x15\xc1=\xcd\x1dvX\xa6\x13O|\
\x92\x9eu\xc6\xd3\xb4\xcb\xce\xdbih0W\xaafj\
\x88\xa1T\xb0\x9e\x96o\xbfH/y\xf1\xf3\xf4\xf4\xa7\
\x9e\xa0\xf9#\xfd\x0aU[\x03\xad\xa0\xc4Z\xa7&6\
\x8a\x0c\xeb\xeacn\xb2\x92\x22J\x87c\xccq\xbd\x04\
\x8dLy\xa3EY\xa1\x0e\x85\x0e\xbd*\xa9\x8d\xecv\
z\x95h \x8f\x8dw\xc9w\x08l\xce\xae;\xb2\xce\
\xac\x86\xa4\xa8\xc0z\xf2\x98\xc9\xc4\xf8))\x07\xff\x02\
\xa3\xae\xd4\xa3\xa0\xab^gJUgF\x8f=\xf2Q\
:\xe9\x84'i\xd9\xa2y*\x82\x84\xd7\xa2F\x91\xa9\
\xd1\xc8\x99&\x80G\xa1\xdbW\xaf\xd5('\x95\x81\x91\
y\x22\x02\xa0\xfe\xa1\x11\x8dM\xcc\xe8\xe2K.\xd3\x15\
\x97_\xa1\x81\xfe~\x1d\xfc\xf0C\xb4\xfb\xee{\xb27\
\x06\x8c\xc8\x1c\xcd\x94A\xd9\xc0\xb0\xe2\xc0\x5cmh\x9b\
z\xc8L\x0f\x99q(\x91\xbb\xaa5\xa4\xaa5\xa8\xd4\
\x1c\x905\xfaTfQ\x09~\xc6\xbe>U\x8c\xd7k\
\xb64\x93\xb7j9\xed5\x06\xd4\xc9Z2d/C\
\xd6zYCw\x8c\x8e#\xa7\xb9\xa6\x83)\x11\xe6\xd9\
u\xbf\xfd\xd41\x03\xbfJ\x8d\x029\xaf\x98\x93\xa3\x96\
)(%\xda@\x89\x8azm2\x8a\xc20\xeao|\
o\xd5\xba\x10\x00\x00\x10\x00IDAT,B0\xe6\
\xf7a\x99\xc5g\x02*\x9fI>~\x0e\x0d+\xe6+\
\x81\x00?\x5c_c\x15\x95C\x9b\xa9u\xa3\xd0\xbf\xe2\
\xf4R\xa9 4\x12Y;vY\x19\xe1\xa5\x8a\xcd\xb1\
\x0doF\x86\x86\xd4\xe5\xe4\xb5\x81\x8bK\x1a\xca\x90\x05\
ctc\xda<\xcf\xe1\x154\x133#\x1bs\xe7\xcd\
\x1d\x1c\x1c\x9a\xbb\xb4\xd5j\xe5\xfa\x8b'\xfdE\xc9\x9f\
\x170\xe4\x9f\x17\xdd\xb7\xf7\x90\xf7Z}\xcd\xd6\x8e\x8d\
Vk(+r\x05\x84.\x84\xa8\x00U\xccL\xaa\xcc\
i\xc1`V\xff\x18\x98\xd3\xbd\xe4x\x1bb`MN\
\x1a\x89\x01T\xd0W\x9c\xcf\xa7\x89%9\xa1\x0c\xa5\xa6\
'\xcb\xf5! \xa3U\x8c1\xfb\xf11l6\xfbw\
\xffvE\x0d!S\x07/\xb7\x03\xa3\xdc\xc3]\xb0t\
\x91\x02\xf8Oa\xd0n\xe7\x08\xd3\xe6x\x93\x22F!\
\x16\xeaB\x83N0UE!!\x98\xc2H\xfa%\x99\
\xd5iC\x9b\xd3\x14\x1bj#\xa83\xd0\xcb\xe3\xc0\x1d\
\xd6\xbf\x050n\x9d\x9eib\xb2\xc3\xde\x954E\x5c\
\xb7\xc7\x1c\x15\xd4\xe9GY\x1e\xfc\xa0\x87h\xe9\xe2\xa5\
Z\x85\xb1\xff\xfe\xf7\xbf\xaf\x9bn\xbaI\x0b\x17-\xc4\
\x90\xf5\x88\xfbM\x0bIQ\xa7\xec\x19\xc2\xa1\x10LE\
\x91Qd\x1a\x1a\xe8\xd7\xa3\x1eq\x88\x1e\xf6\x90\x07\x13\
W\x05G\xf8\xd2B\x18]\xb8\xa6\xb8\xc0\x89\xac\x13\xea\
K5\xed+Iw\x11$\xd6%\xe6\x97EJ\x11B\
3R\xc0\x84\x110@[\xff\xb0f\xef\x14B\xd0\xc0\
\xd0\xa0\xda\xed\x19\x8d\xb1A\xcc\xe0}\x96eG\xf3\xf0\
b\x0f;\xec\x11:\xf3\xcc\xd7i\x9f}\xf7\xd4\x82\x85\
s\x14\xf0k\xf2hz\xc8\x83\xf6\xd7\xdb\xde\xf2F\x1d\
r\xf0\xc3\xc4\x12k\xb0\x1a#)0\xa8\x83\xbf\x93\xbd\
\xc7O\xf2\xb58\xd0\xd9,\xc8\x14%O\xcd6\xa5\xac\
\x91R^\x94(\x17\xa3\xc2.\xf9\x93\xc0;\x91\xd9\x0c\
.\x9f\x92\xd3\xcbA\xf4\xaa0B\x95\x06\x07Z@\xbf\
6\x10\xc7>\xe6\xa8\xc7\xd4\xa1\x93\x85\xf3\xe7b@\xfb\
\xea\x0b3\xf7\xfes\x0c\xc1\x0c\xceK\xb3\xd5\xa7\xbe\xbe\
!\x8d\x12\xbb\xedb\xe8\x1d\x0a\xbc\xee\xd5\x18\x83_\xfe\
\xf2b]w\xed\x0d\xf0x\x91\xf6\xdf\xff\xfe\x9a;w\
\x81&854\x9a\xfd\x9a\xc1\xe8Mt\xba\xb2\xa2\xc5\
\xbd\x82\xd4\x83?=\xcbT\xc2\xcb\x9e\x15\xa4\xb9J\xcb\
)\xcfTQ\xa6<W\x05\xa4,W\xe9)\xf3\x979\
\xed0\xb2\xed\xd24I\x8c\xb7\x0a\x85\x02F\xfa\xb6\xb5\
\xebu\xfd\xad+4\xd9\xed\xaa\xc0QZ\xb4l\x89r\
p*\x1a\x8dz\xb5b\xa5JA\x1cj\xe5\xf4\x91\xbf\
K\xd0\x8b\xaf\xfa\xe3\xf4p\xa8_\xfe\x17\xbe\xd2\xec\x5c\
v\xe7\xd0\x01\xa6\x04pR)\xb5\xfd'\xa20\xa2\xbe\
1\xf6\x0d\x0c\xc8O\xd8\x91\x8d\xc7\xcc\xd8P\xa1\x19\x8d\
\x13'?\xe7\xfe\xf8\xc6\x8dr\xf4\xdd\x89\x14\x8f\x97\x91\
\x88\xe1j0l\x5c\xcc\xf2\x81<\x8b\xcb\xa5\xa9\x01\xea\
\xee2+o\xf7\xe1\x13\xeeC\x9b{l\xd2-\x8b\xc2\
\xb2|H\x01\xce\xd0\xc2\x91\xac\x81|\x8d]\xdaLd\
\xd3\x9a5k\xbc\x14\xa6\x94\xcab&\xbf\xb403\x0d\
\x0e\x0e\xaa\x80\xe1\x15\x86l\x9c\x1b\xc6v\x9b\xf0BJ\
\xb2T7\xff{|\xdd\xe79\x1c%\x8f\x85*B2\
\xa0ox@s\x88{\xb2\x99\xb2gT\xba\xf1\xe6\x1b\
\xd5\xe6h\xde\xc33\xf4v=\xbc\x1c7\x18r\xae#\
\x9a\x15\x12Yb0\xcb?K+\xd6\xeb\x1bQ\x8cQ\
1\xcb\x94!\xfc[\x00\xc1\xc0i\xd2\xf0P\x1f1>\
idp@M\xe8\xd5\xc5(\xed\xbc\xc3\x8e\xdak\xf7\
=\x94g\xb9\xae\xfc\xddU\xba\xe2\x8a\xdfhf\xba\xa3\
q\x8e\xa0L\x87\xe9\x88\xd0;i\x00!\x1b\xe7hX\
r\xf3\x1a\x99#g\x8eC\x0e>HG\x1du\x94\xe6\
\xcd\x9d#/s\x22t\xc0\xddq\xec\xb0\xeb7[\x85\
\x17\xdd#8o<D\xb1\x05\xbc\x15k\xa8\xad-\xeb\
\xd3\x16\xbe{\xc5\xd6AE\xdf\xc9\xc9q:%\x0cO\
\x13\xdc\xfb\x94\xb3Q\x18\x936\xb9\x04\xd9\x91K\xcb\x97\
\xbd\xec%z\xf4\xa3\x8f\xd0\x92\xa5\x8b\xe5\x86\xf8\xb5\xaf\
\xfd\x7f\xdam\xf7]\xd5?\xd0'ogf\xa4&\xf1\
q03\x99\x99\xfe\xdac2\x05(\x16\xf8\x0e\xb4\xbd\
\x13\xa4`\xaa\xe5\x11\x14H\xab\xbb\x83U\xc2\xb4(\xd1\
\xc6C\x13U\xfdNQ\xfd\xf1\xbaJ\xee\xb1{X#\
\x223s\xe6\xccQ\xa3(\xf4\xd8\xc7\x1c\xa9\xc7?\xe1\
h\xb5\x9a\x0d\xd6\x07\xdf\xa3\xa9\xcb-z\x13\x8f3\x84\
\xc8\x90IE\x96I\xd0\xb3\x89a\xf3\x13\x88\x9f\x1e.\
\xba\xe8b]\xf1\xab_1FS\xf7\xdb\xef~\xdau\
\xd7]hRi\x00C\x1d- #\x11\x9a\xf5\xcb\xc0\
\xa7\xc4\xc8\xd0]e\x85A\x82?\x9b\xf3%\x0e\x8e\x1b\
r\xf7\xe4\xbbx\xf3]\xe6\xf5\x9fm\xf5\x13G\x87\xbc\
x\x9a\x9c:,dJ2\xf9)d\x06c;\xc5I\
\xaf\xd1\xea\x97\xeb\xf8\x22B\x0c.+T\xcb\x1d)O\
#\xb2E\xa5\xfe/\x9ft\x0f\x93\x97\xd0at\xe3F\
9\x0f\xcc\xac\xa6O\x0b:\x8b\xbc\xb7\xef\x95=\x85\x10\
YG\xa5\x10\xa3\xd6\xaeY\xcb(\x10\x90o\x97G\x12\
\xe80KC2\xfe*\xc5\xd0\xb2,[\xd0\xe1H\xe0\
\xf4\x98-\xbc\xef\xdf\xe1\xbe7\xfd\xb3\x96fY0e\
\xa0c%\x1c\xf5\xc9\xcdL\xfeoKK\xf3\xe1Sm\
t\x0d/\xc6\xdb\xc4\x18T!\x04\x19\x06e\x10\x97>\
\xd0\xc7\x0d\xc2\x04a\x87\x12\xe3;\xdb?!\xdc\x92\xf7\
\xbe\x9b\x1co\x19\xf8\xef\x9f\xe9b,{Nu\xf0\x86\
\xe0\x1a\x9a3\xa2\xc6@\xb3\xde)\xdb\xdd\xb6n[\xbd\
\x12[\x87\x07\x8f\x17l \xedFI\x18\xe0\xc4{\xc2\
\x98Tu\x9ezR\xac!4(Q\xaaR\x15;l\
\xb7\xd3Q\x8fK\x9b\x92c\xbe\xc7\x06\x1d\xea2\xc6M\
e[\xad\xcc4\xb1q\xbd\x0c\x01\x99fsj\xa1\xb8\
\x87=\xf2Q\xdaq\xc7\x1du\x1b\x1e\xc8O\xce\xfbI\
\xfd+\x8c\xcd\xbcA\xec\xbc\xa7\x84\xa2\x85\x10gi\x98\
\x84Bw5\xd8?(\x1fs\xa7\x9dwB\xe1\x9f\xa0\
\xa5x+\x1d\x0c\xedfJv\xc0!/r\x05\xf8\xe4\
\x9b\x9fQq\xcf\xc0\x80\xcee\xf8\xe6\xf5r\x9a8\xb0\
\xe6\x04\x05\x12\xbc\xa5\xeb6}\x8cq3\x8cM\xab\xaf\
\xa9\x04\xcd<\xf6;33\xad.t(\xa1\xa3\x1b^\
\xc7\xfb\xd9\xcf>]/|\xe1\x0b\xf4\xf2W\xbc\xbc\xfe\
\xe9\x97V\xab\x05\xfd\xf0X\xc0i\xcb\xc4\xa0\xe9\xe3\xf9\
{\x08\xe6\xc9\xbd\x02M\xe54\xbb70,n\x0d\x8c\
p\xb7\x945\xd7Df\xfd>\x06\xd5w\xf9x\xc9,\
\xf4\xf575\xc6E`\xc0\xa3\xf2\xfe\x83C\x03z\xf4\
\x11\x87\xeb\xc0\x87\x1f\xc0\xe9\x03\x9a[\xc0\xbbok\x1a\
\xaf\xd57E\xff?\x04[nHc\xa6\x12oW\xd0\
%\xc6\x5c\x1b6l\xd4\xe5\xc4oo\xb9\xe9\x16-Y\
\xbcD\x0f~\xe0\x834\x7f\xee\x5c\x9c\x98\xae*\xe2\x1e\
%\xc6\xb1\x07O{\xa4\xe6|\x00fS\xcd\xb2\x89\xc4\
?9\x1bu\xc1\xe6\xed\x90\x93\xe6\xc8\x8d\xe7\x8b\x0c\x5c\
\x98\xcbe\xa1\xc2Xu;=\xe8Z\xaa\x83\x07\xbd~\
\xfd\x06m\x1c%\xfc\x07\x1f\x96,]\xa2\x06\x9b\xa0\x93\
\xbbB/|L\xcf'\xe8\xe0\xf9\x7f$p\xfcFq\
:&\xb8\xc7H\xd0\xc3\x0d\xae\xcb\x8b\xe3\xe8\xef\x09]\
\x89!\xc8\xf3.{k\xee\xb8\x03Z\xb1Y\xb2 \x97\
\x1a\xba\xf0\xee\xad\x1dX\xa1\x17$\xc1\xc6\xd4\x17\x9d)\
^\xbc\x95\xe0vm+\xbb\xcc6\x07\xc9\x98\xa4\x5c\xcc\
o\x08\xb5\x03Y\xf9\x03j\xb3\x88\x82x\xc5\xee\xe9?\
\x7f\x1b\xc8\xfb\x22\xbc\xde!\xc3p\x0cr\x94\xf4\xb6.\
$S\x1c\x01*\x8cw\xdd\x86\x81\xbdM\x0duA\x9d\
\xfb\xbf\xfd\x02\x8f\x0a\xe8\x10J\xe8a8\x17,Y\xa8\
\x06\xf1\xad\x92\xfc\xfa\xd1\x0d\x1a\x1d\xdd\xa8<\x8f\xe0X\
*\xa2\xa4\x8d\x18\x84\xadT\xc0xD\x8cQFY\x0e\
x\x9d\xe7\xef\x04\x88\x18$\x0f\x01\xd6\x10MY\x10}\
\x932\xfa\x15V\xaa\x9c\x19\xd7P3S\x8b\x06M\xea\
\x1f@Lm\xaf\xddwWgjF\xbf\xe6\x02\xe4\xca\
\xdf^)\xf7r+\xbc\x98a\x8f\xf7\x82h\xd5\xad\xe4\
4\xef\xb1\x91\x0d\xe2\xed\xba\x02\xcd\x9b;\x0f/\xeb\xb1\
\x5c\x9c\xed\xaa\x0eGY\xb1\x1e\xa7yd\xc2,\xcfj\
\xfc-\x08#\xd7\x91\x99\xa9\xfe\xb79\x9d}\x93\x99\x97\
j\xd6\xd6\xa0d&\xa9\x86D\xba\x09\xb4\xcd\xcf\xec\x00\
%4\xae\xa0kQ8NP\x01\xb9\x08\x81Y\xc0\xad\
B\xc9\x07\x06\xfbu\xc4\x11\x87i\xc1\x82\xb9\x9c\x96\xfa\
0X\xd3\xaa\x08\x91\xa8\xc6\x04\xd1C1\xd2&P\xfd\
\xd0\xb7N\xef\xe5\x8b\xb6h\x1dkJ\xf7\x08L\xab\xc0\
Z}#\xbdkZ\x8f\x0aO\xdd\xd3\x15t\xf1\xf4N\
@\xb2\xa9s\x19\xf7\xffu\xa2\xaf\xaf\xa1\x92u%N\
>\x88\x86\xb6\xdbn\xa9\x8e}\xe2\x13\xf5\x80\xfb?@\
Y\x96!3\xaa\x0dp\x81\x1143\xa1\xd0l\xc8\x89\
\x18\xf7\xb4\x1a\xc4\x9cK\x8c`\xb0\xa8\xab\xae\xfa\xa3.\
\xbf\xe2\xd7\xc4\x89\xbb\xdao\xaf\xbd\xb4\xc7.\xbb\x90\x9f\
A\xcezj p9H\x0d\xb1i!*\xb5LQ\
\xa4Y0\xe4*\xd4\x00\x22\x12F\xba\x06\xa7\x1b\xf9\xe4\
)\x9bzEZ\x91f\xd0\xbb\x0f\xf9.\xb2\x1c\xa3\xde\
\xd3\xed\x5c\xce\x96\xd4)\x04-Z\xb2Hs\xe7\xcd\x91\
\x98K\xe0\x9a\x90\xf1\x84\xac&h\xa4\x7f\xb0'\xc1[\
\xff\x09\x86I\xc2f\x8eZ\x830\x9a\x9f\xfej\xbc\xc1\
\xdfX\x8f\xe7Y\x86b\x08\xda\xb8q\x83D\x18\xcf4\
\xfbovM\xe4i`f>\x04\xa2B\xdc\xc2\x8cm\
GY]\xb0\x95_.O[\xd9e\xb6y\xd5nc\
?*&u1C\xd0)v\x0f\xb6\x06v\x0f_,\
E\xea\xcc\xcch\x0a/\xd6`\x88\x99\xd5\xca\x11`h\
\xd1(48<\x5c/\xad\x8ba\x9e\x22\x88]\xc1T\
3\xa3L[\x9e\xbbffg\xbak\xc9\xdf/\xef\xcc\
\x09!\xa8\xcb1\xbd\xc2 ,[\xb6\x0ce\x09\x8aY\
\xe0H\xbfQ\x13ntY\x17\x1a \xffKM\xb8\x07\
2<\xb4\xd0E!z32@\x80\xe1\xd1\xde-\xc5\
\x93\xcdRG\x91pD\xe46>V\xe4\x01\xe3\x12\xc8\
z\xd3jE\xa9\x9a\x99P\x1f\x06\xbd\xcb\x8d\xfc\x08\xf1\
\xd8\x03\x1e\xf4`\xcd\x19\x1a\xd6m\xb7\xac\xd0\xc5\x17^\
\x0c\x8d\xfd\xb2\xa6\xa7\x0a\xaf\xa83\xd3Q#o\xd4\xc6\
#\xa1\xa8~<5\x94\xc2O\x12\x8f|\xe4#\xb8E\
\x7f\xa4\x1c\xcd\x9c\xa3T\x89r9\xe4\x19J\x1f\x0d\x05\
\x9fD\xd1K\x8e\xf6\xadM\x845\xa9&:\xe9\xa6\x12\
%2\x08r\xc2\x10n\xce\x1b\x19o\x1102\x06\xd0\
b\xdb>\xde\x17\x5c{xj\x09\xe3:kt\xa3J\
h.\xcaK\xca\x05\xed\x9b\x8d\x9c\xf1KH<\xa3\x99\
\x99)\x19\x1e\xa7\xf3\x01d\x95\x1c\xb7{\x00:\xdc\xed\
\xe3\xed\xfe\xac\xe0^\xfaV4\xf3E\x93`X|\x0e\
mN\x99\xd7K\x1d\xbcE\x92SBP\xc3Kf\xd3\
\x8e\x9f^0\xb6}\xfd\xad\xda\xa8\xba\xc7\xd5#N\x9d\
#7\xbb\xec\xb4\xa3\x8e\x7f\xf2\xb1\xdaa\xf9vu\xcf\
\xb9sF4N,\xbb\xbf\xaf\xa5\xf6L[~\xe2\xc8\
=\xce\x8aQ\xac\xd0)\x87u\xeb\xd6\xeb\xb7\xbf\xfe\x8d\
V\xad\xb8EK\xd9t\x1et\xbf}5\xc2\xd8\x0d\xbc\
\xe8\x80,\xa93\xad\xc8|\x919\x5c\xf6\x84\xfc! \
\xf2\xd4e\xcf\xa8\x0b\x9c\xae\x02\x1e\xab\xa7\xden\x16\xba\
\xf2\xf7\x9c\xf2\x0c\x1a[\xdd\xa6\xa4\xdb\x94JNA\xeb\
\xeeX-\x83'\xddnGM\xc2\x22\xfe+\xb5]\x1f\
\x0b\xb9\x11:+\x04\xc0\x8c\xafz\xf5i\x96\x00\xf7\xf4\
\xedM\xee\xa9\xfc\x7f\xb1\xac\x8b\xdcL\xe3\xd4\x09\xfc\x0a\
\xec\xce\x00\xce\x9e+\x81\xdb\xaa\x98EU\xacK2\xb9\
\xf8Mr!\xde\xf3\xb6\xda\xf4 K\xceI3\x93\x1c\
$\x12\x0b\x86\xd1\x85\xa8\x99\xff9\x04m\xe5\xb3\xedF\
\xb7\xaaB\xaf\x22\xa2\x99\x88fA\xe3\x04\xd4s\x83\x1b\
\x18\xcd\x0a0\x82\xe2\xc2\xd3\x81i\x89\xbc\xc9\xe4\x9e\x97\
Y\xc0\xab*\x88\xc3\xf5\x8b\xedE=\x8c\xad_&x\
x\xc1\xfb\x9a\xfc\x9fT\xf3\x8f\xe4\xae\x1f\x9f\xa6\xb6\x03\
w-\xfc;\xe4\xdd\x80\x19\xf3d1\xd4\xca\xb3`\xde\
<\xf5\x10\xc0\x02\xe3\x15S\xa5%\xc4ww\xdfi\x07\
\xed\xb2\xfdv\xday\xd9b\xed\xc8%\xdb\xce\xc4\x1dw\
\xe7}\xd7\xed\x97j\xe7\xa5\x0b\xb5\xd3\xb2\x05\xday\x13\
l\xce\xef\xb4t\x81v\x5c\xb2@\x9b\xd3\x1d\x97\xcc\xd7\
\xf2\xc5\xf3\xb4\x03\xb0\xfd\xe2\xb9(\xd6\xb0v\xdba;\
\xd2\x11m\xbfx\xa1\x1e|\xff\xfbk\x8f]w\x95q\
\x93~\xcd\x1f\xaf\xd6uW_\xa7\xca\x8d\xab\xc7\xe1\x14\
\xf0x\xdb*\xf2\x06\x82\x94\x88\x1965\xed?2\xc6\
\xc6\xf7\xc0\x07\xecW_\x9e-\x98?\x1f\x92\x9b\xb2<\
*\x04\x93\xd3\xbc\x87P\xc20\x99\x09\xbed\x18\xb3\x0e\
\xa47 \x00\x14j\x13\xb0\xc1\xcb\xf35\x13\x12B\xea\
 f\xb5Y\xb0\x80\xc7\x16\xf4\xb7<\xc6\xf8\xbeQ\xb8\
\xbcLMN\xd64\x8e(\xb6\xa1\x11\x8eod\x8e6\
\xeb\x89\xc1\x94\xa30M\x94\xa8\xc7\xe6\x96P\x1c7\xa4\
\x7f\x0e\xf7\x86\x8b\x99m\xa92\xe64\xe3\xfb/@\xa2\
H[\x1e7\xb2\xe0\xc1\xc2U\x83\xfcq:\x19\x19_\
\xb7\xa7\x00\x9f\xe4\x1dI;\xc4\xdf[}-6\xb4)\
\xf50R9'\x0a\xdf\xe8<_\x14Q\x0f|\xc0\xfe\
z\xe2\x13\x8e\xd1R\x8e\xec~Z*\xa8o\x10\xc7\xad\
\xd8\xd4B\x08\x8a1\xca\x91\xf0\x98n\x96\x15\x0a!\xea\
O\x7f\xfa\xa3\xae\xfe\xe3\xefU\xceL\xea~{\xee\xa2\
}w\xdbY\xbbm\xbf\x04\x19Z\xa8]\x97-\xd2N\
\xc8\xd0n\xfe\xf7q\xb7[\x5c\xff-\xde\x9d\x96-D\
\xee\x16i\x17\xdewC\x16w\xc1\xcb\xdee\xbb%\xda\
\x99\xf7]\x90\xd5]\xb6\xf3\xbaE\xf4]\x5c\x97\xed\xec\
\xef\xb4[\xcein\x09\x97\x98{\xee\xb2\x83\x06\x89\xf3\
\xb7\xa7\xc6$<\xf5\xbc\xd5\xe0rs\x1e\xb2Q)\xc2\
\x03,\x80\xdc\x80\x89\xf5:]\x12\xad\xee\xfe\xf1\x8aM\
%\x7fY\xb9\xa9\xe2\x7f)a>7\xba3\xc8\x8c\xe3\
\x17b`\xd3h\xca\xe9[\xdb\x22\xe4\xa8\xc4\xfel\x96\
\x9b.\xf7J3\x84\xb4\xcc\xed\x15}\xcd;9/\xef\
\x86^]\x91\xa5<\xc1\x9c\xbbU\xdc\xa7\x17\x97\x94\xfb\
\xd4\xf0\xcf\x1b\xb5\xabv`1heB\x106\x0d\x83\
\xe5ue\xa9\xf1D`\xccL\xd3,\xd6\x8fWY\x88\
^\x8cr\x06\xf9EZVdrW\xdf\xc7\xadP\x18\
Wz\xb8(\xb1\xd8\xd9|\xaa\xdb{}2\xc9\xc1\x19\
\x9b\xbc\xe0\xaf\x02\x8d\xffj\xfd\xb6W\xd6\xfaVI\xfe\
\x07\xd7\x07\xfb\xfb\x14}(\xbc\xb0e\x8b\x16\xea\xe4\x13\
\x8e\xd7)\xc0\xa9O9A\xcf<\xe9D=\xe3\xc4\x13\
t\xda\x89O\x01N\xd03\x9f\xf2d\x9dv2p\xd2\
q:\x0dx&\xb09=\xfdd\xca\x1cNz\x12u\
\x0e\xc7\xe9t\xda\x9e~\xca\xf1:\xe3\x14\xfa\x03\xa7\x9e\
\xe8cS\xfe\xf4\xa7\xea\x89\xc7<Ns\x89\x85\xafY\
\xbdZ?\xbf\xe0\xe7r\x0f\xb6$\x94\x10\xc1&#\xee\
\xe7\x8a\xe9h\x05\xa7\x1e\x1e\xcb\x00GM7X\x8f9\
\xf2\xd1\xdas\xcf\xdd\xa9J\xb5\xb1rC\x9b\xc5\xa8F\
\xa3P\x8f5\xc0KeY.\xb3\xa0\x1eF<0V\
\x82[\xce\x8e\xca\x8d\xad\xb1Zx\x9ad\xf8y\xa6\x19\
\xc2\x13~\xf1R\x14E\xcd\xae\xba?}r`\xdb9\
\x90\x9406J\x92\xe3\x16\x90\x1f\xa5\xa4\x18\x82\x122\
\xd2%^Y\x14\x19\x18\xd0\x80\x8d\xae\xc4\x9b\xab(O\
\xf4\xc9P&o\xee \x1e3\x93\x99\x91Cv\x18\xa3\
\xce\xdc\xe3\x17c\xddc\xb9\x17z\x7f\xab\xc7\xa9\x98C\
\xd0\xc3i\x1c\x90\xe5\x12\x1a%'\x0e\xcd\xbc\xca\x88\xbf\
:\xb49\xb5\xf9\x88\x91\xf7\x8a\xfa\xa2h\xc8\x15\x1a\xb2\
\xd2R\x8c%\xc5\x18H\x93XV\x1d\x1ey\xd4#\x0e\
\xd6\xa1\x87<\x5c9\x9bK\xab\x99\xcb\x95\xbe\xc9\xe15\
\x86 \x7fb\x88\x90\xc4f\xc7aM\x1e\xf3\xfd\xdd\xaf\
\xae\xd0\xc65\xab\xb4d\xee\x90\x9e\xf8\x98\xc3\xf5\xd4\xe3\
\x8f\xd5\xf3\x9f\xf94=\xe3\xa4'\xebt\xe4\xeb\x19O\
9\x96\xfc\xb1\xc8\xe2q\xaae\xef\xe4\xe3ge\xf1\xc4\
'S\x7f\x82N;\xe9\x84:u\x19;\xe3\x94\x13u\
\xc6\xc9\xfe~<\xe5O\xd6i\xb4}\xe6\x89\xc7\xe9\xe9\
'\x1c\xab\xd3O9A\xcf\xa4\xeeI\x8f;R#\x5c\
V\x06\x93\x02\xf8\xcf_8O\xc1_P\x8a\x0a\x89p\
\xafW&\xf0t\x8c\xef\x0e\x86\xf2:\xdc\xbd\xf4\xef\xf4\
\x06N\x06bS\xc4\xcb+\x18\x95e\x19\x97i\x03\xc8\
z&_G\x8cQf\x062IP\x18\xa7e\x1aG\
e\x8aw\xcah\x8fD\xaa\xdcd\x94-7W\xd2\x99\
\x00\x00\x10\x00IDATy\xb1\xe1\x08t\xab\xaaW\
Z\xd5\xfe;\x1b]\x0c`\xb0`\xb1D\xa0\x1d1$\
\x02\x8cT\x13\xdd@?\xf8B\x00\xdf\xe9;(h\x0c\
\xc17A\x94)\xd0.\xa9\xd9h\xe216DSU\
\x08\xb0\x13\xc4\xa1\xe7B\x8b\xb0\xea.\x8f\xafu3\xcc\
\xcep\x97\xca\xbf\xc8z\xcb\xbf(\xfc\x9b\x0bb\xb0\x1a\
\xf7\xc8H\xfd\xdc~\x0e\xb4Zjbp\xfc}\xfe\xc8\
\x88\x1e\xb8\xdf>z\xc0>\xfb\xe8A\xfb\xed\xab\x87\xee\
\xbf\x9f\x0e\xb8\xdf,<d\xdf}\xf4\xd0\xfd\xf6\xaa\xe1\
\x80\xbb\xa4\x9ewx\xe8\xbe\xd4\xed\xbb\xa7\x1er\x17x\
(y\xaf;`\xff\xbdu\xf0C\x1e\xc8\xd8{\xeb\x80\
\x07<@\xf7g|\xff\x1f\x05\x12q\xda\xab\xae\xbcJ\
\x7f\xf8\xfd\x1fT\x11R\xc81\x96N\xc3\xb2W\x82\xdd\
\xec'\xe3\xf8Z\x11>0\xbc\xb3\xfd\xf6\xdd\x1b\xa5>\
H#\x1c\xab\x0c\x05\x09\xf0\xa5\x87\xa1\xf5\x9d>\xc0\x17\
\x17<O\xcd\x82\xba\x8c\x81\xac1\x88\xe7+\xc1\x1aE\
\x04U\x16\xd5\xc5\xb8w\xeb\x1b\xefRE\xb3E\x18b\
@\xd3\xd3mU\xf0\xab\xe57\xdb\xc4\x94\xfd\x0f\xea\xd0\
y\xdb>\x18w\xc3\xb0\xf9:\x5c\x86b\x80\xba\xceN\
d\xcc\xe5+\x8bAf\xe2Iu\x9a@\xd4\xd7\xe8\xde\
\xa3\x99W\xcc\x82\x99Q?\x0b4\xa6k\xf2\xe4\xcfa\
S\xa1\xd52\x8b]\x98Mi\xe5\x15\x0ed)3\x94\
\xaeR\x8e\xbc\x0a\xfc\xc6&\xa68\x09\x94lV}\xac\
[\xe4{5L\x11_\x174j@\x97l\xd3I\xc3\
\x0ds\x87K\xa8)\x8e\xab\x15\xb8\x16\xc8K\x9e\xe7\x0a\
!\xd0\xb7\x82w]\x15\xd14\x881;\xea\xb1Gh\
\xef\xbd\xf6P\x17OK\x84\x9a\xcc\x98\x9du{\xe2}\
\xe9\x22\xe7\x97\xe7+\x8c\xc0\x9f~\x7f\x95n\xb8\xfa\x8f\
\xca\xd9X\xf7\xdd}\x179<d\xbf\xbd\xf5\x90\xfd\xf6\
\xd4C\xef\xb7\xb7\x1e\xbc\xcf\x1er\x99z(\xef.K\
\x9ez\xdd\x83\xf7\xddC\x0f\xa6\xec!\xc8\xddC\x90\xc7\
Y\xd8$\x7f\x94\x1fp\xbf\xbdt\xe0\xfe\xfb\xc8\xdb=\
\x089|\xe8\xfd\xf7E\xee\xf6\xa8a\xceP\x0bz\xb8\
\x8cU\x1a\x1a\x19\x92\x9c=\xe6\x94J\xd0[5\xe8\x1e\
\x1e\xa3\xccd|\xff\xfd?\xc6\xbc\x89\x0d\xda72\xd7\
\x91\x88\x91mq\xf2\xc8\x8b\x5c\x91\x8dQ\x10\xda \xae\
\xb7\x93\x0c^v\x90\xe9i\xd5O\xe2\x1bH\xce\x07\xda\
\x89\xd5\x9b\x99\xf3\xce\x02\xd6\x9bO|#M\xb6\xf6\x13\
\xb6\xb6\xc3\xe6\xf6C\x0d\xc2\xd1\xfd\x03}\xe0\x84P\x96\
\xc2\x08\x83\x92\x04N\x80\xa9~@\xb6\x8d\x10\xb9\x90\xd0\
\xa0.\x0a\x16\x14BT\xcc3Y\x0c(\x84P\xe6n\
\x0d\xde \x04\x93\x91q^n\x06^\xeb\xcff\xc5\xa8\
_\xfe\x0f\xbe\x1c/\xd0S\x1f\x06\xd7=D\xcf\x07\xf0\
\x080\xd5/+\x0a\x0c\x1c~\x8d\x1a\x945\xa1F\x0b\
\x03\xd7\xe48\xd6D1<mp)\xf6\x17)e\x8d\
P\xa9I\xdf\xa6\xa7w\x05\x08\x90\xd3\xbf\x11\xa5V\x91\
\xb1i\x95\x8aPg\x92\x9b\xd8K.\xbcH\xa3\x1b6\
B{8`Q\xc9\x82zx}\x151\xb9\x8a\xf9\xb2\
<*\xc6\xa4V+\xd7q\xc7\x1e\xa3\xddw\xdf\x19\x81\
\x9a\x91\xbc\x0ed\x1b\x18\x00\xd0\xdcDwS\x08\x99\xa4\
@\x1a\xeb\xcd\xd0=\xb6\x801o`L\x15ru0\
\xb6\x89\xfa\xbe\x81!b\xf1s\xf0\xc6\xbaZ\xbbn\x83\
\x22mZ-7@\x15,N\xaa0\xc05S\xb5-\
\x8f\xd1\xe9\xaf\x01\xd5\x7f\xf1a\xfd\xd0\x99\x85\xfdE\xcd\
\x7fS\xe0\x13\xcd6\x81\xce\xfe\xe3^~L\xaee\x8c\
\x1aO+j+35\xfb\x06\xea\xcd\xc87\xa0\xfe\xc1\
!\x15\x5cl9}\x0c\x9a\xb5Z\x83j\xf5\x0f\xb1\x01\
\x0d*\xc1\x9b\x99\x99\xae:\x9dR!\x16\x1a\xf0KM\
h\x96\xa1\xdc\xd8\x5c\xf50\x96\xe2\x09\x01:3n\x8c\
(0\xdez\x8bK\xd2}\xf6\xdeSOx\xc2\xd1\x18\
\xb3\x01y\xc8$\x11\x8a\x80\xe1\xb4\xae\xb1\x90ho.\
p\xa4\xc1\x82V\xde\xb6J\xbf\xf9\xd5\xaf5\xcd}I\
\xb3\x88\x12\xb1c\xbfK\xe8c\xb3-\x90\x99>\xe7=\
\xb2\xd4\xaa\xa1T+\x94\xc8XW\x0d\xeb\xa9\xa1\xae\x0a\
\x07\xee\x10r\xe2\xc09\xf7\x07\x05\xf7\x0a\x05\xc6\xde\xeb\
\x9a\xf4i\x22\x8f.\x97\x05i\xcex\x11\x98\x8d\xd9W\
b\xef\xd1\xc8\xbc\xb9r\x1d\x16\xb4r\xdaG\xe6MP\
`\x0b\x0d\xe5\xa5|\xfd\x9f\x7f\x92\xdc\x91\xf3\xbf\xedR\
\xa1\x1fN;\xdf\xf8\xb2<wl\xd5s'\x03;%\
\xe8\xea\xa8V81m\xdf@!\xfb,\xb9MaS\
\x1d\x1dXTR\x16c6\xd0\xd7\xd7\xca\xf2\xa2\xe5\x7f\
\x0eA[\xf9\x84\xadl_7\xbf\xf0\xab_m\x0d\x8d\
\x8c\xec>2g\xce`\xc4\x0b2\x84\xc8\x82m\xc6\x1b\
\x9dK GS$\xcd\x03\xd8\x09i\xad\xc8\x13\xeb\x97\
\x0b\x5c\x8cA1D\x85z1\x09!m\x03\x1d\xfa[\
]nf\xf2\xc7\xbf\x1d<\xff\x7f\x0d\x09\xc6\x94\x18\xd7\
\x12\xca\xf7\x0d\xb4\xf0t\x0a\xd6\xc8\x1b\x82Za\xe8\x0c\
H\xeeY\x02\x01/2\xe0\x8d:D\xcf{\x19J\x14\
\xea\xb4\xc7EGO\x9e\x8fwy\xf7\xfc=\x81\x11o\
\x8d\xd0\xceh[u\xe8\xc7\xfc7^w\x83\xfe\xf4\xc7\
?\xca\x14d!`\x10\xba\x94&\x15E\xaeH\x8c\xad\
\xc3\xe5\x89Ea\x90;:\xf8\xa0\x03\xf4\xc8G\x1e\xca\
\xb1i\x0a\xcf\xcai\x9cT!|Y\x1e\xe5J/\x1e\
\xb3 \xf7.;~kkQE\xa3O\x22\xad\x94i\
j\xba\xab\x89\xc9\x19%\xde\x03\xbc\x1e\x1d\x1b\xd7\xd8\xe8\
\xb8\x86\xe6\xcc\xd5\xfc\x85\x8bUa\x9d\xdc\x00\xb9\xf0v\
\xc0u`x\x98\xb6\x7f+\xd7\xbc\xff\xbd\x81\xee\xe5A\
\xe6\xee\xa5\xe6\xbe\x16\xfb\x08\x9b\xa1b\xfad\xc6Z\xa4\
)BdmN`%\xd6&q\xa2DO\xa1\xb9\xa8\
#\x14\xc0f\xe4\x9b\xcf\xe8\xd8\x84\xcc2\x0d\x0d\xcdQ\
^4\xb9\x04\xeb\xaa\x87\xe7\xdf\xeb%\x0d\x0c\x0c\xca7\
\xe9i\x8e\xb8\xee\x84\x04x\x96AK\xe7\x970fB\
\x86`\x87\x1ev\xc0\x83t\x02a\x82\xa9\xc91\xc5(\
\xc0\x18\x13\xec-\xc9\x0d^\x08\xa6\x1ab\x90\xf3\xf0O\
\x7f\xbaF7s\x99\xea\xa7\x0f\x13\xf8 \x83tSE\
\x8c;2n\xc6f\x94!\xb3\x19\xfc\x0e^G\x1a\x01\
\x97\xbd\x1a\x90M,\x92\x8c\xd4!r\x81[\x97#k\
F{\x9797\xfe%\x06\xbd\xa2MB\xa6\xc5\x98\x15\
\xf8\xce\x9b7\x079\xc9y+k\x08\xd1T1\x17h\
\xfc\xc3}zlvS\xd3S*I\x0d\x1a\x16\xc4\xcc\
\xf3<\xaf\xedT\x09=\xa4\x04\x9d\x9d\x82\x92\xdb\xa9I\
622R\xa2,\x89\xba\x00\x98R\xfdO\x0a1\x0b\
\x03\x03\xfd}\xfd\x03\x03\xc3\x0b\x16,0\xfd\xe5\xf3W\
K\xc2_\xad\xbd\x97J\xc2\xe9\xad\xb9s\xe7>\xa85\
\xd0?\xd7\xcc\x14\x003\x9f\xdb\x01\x5c1P\xc9\x19@\
\xea\x82\x96HY!\x9f$o\x11C\xc03\xe8S\xce\
\xe2e\x01\x01\xed\xd4.}\x0f\xa6:\xd0P\xf7\xf68\
\x1d\xee\xad\xee\x7f\xb3<\x99)\x81wB\xe0\xfb\x89\xa9\
\x16\xfd-\xdeMF\x99!p\x82\x92de\xe6\x0aR\
)\x1a&\xab\x06\xde\x9d\x16\x95\x84S+$\xf4\x1eS\
\x9a\xd6\xe5u\xeamkH\x0a\xd0.C\x03\x19^9\
\xf3t99\x5c\xf4\xcb\x0bu\xfb\xed\xab\x15Bd>\
\xaf1\xf5P\x92d\x9aU\x04\xf23\xdc\xea\xcf\x9b?\
\xa2\xc3\x0e;D\xfe?\x1e\xb4\xdb\x13j\x10/\x8c\xc1\
T!|\x1d\xc6\xc1\x96+\x8b\xb9\x8a\xa2\xb1e\x1cc\
!\x1ebh\xf5\x0f\x0b{\xa1\x1bo\xbeU\xdf\xfa\xee\
\xf7\xf4\xf6w\xbe[\xaf|\xd5\xabI\xdf\xa5\xff\xf8\xd4\
\xa7\x89'\xffB\xfes\xa3\xfe\x83\xf6\x89>!+T\
a\x94\xa6\xddK\xd0\xdf\xf2\xf8z\xee\x0dX s\xe9\
^ \xfd\x0d\xd3&3\x81>\x80j\xf9\xf4\xbc\x0bZ\
%\x0b\x5c\xf8\x0e\xab\xd9? \x0b\x99f0\xb2\x13\x93\
m]}\xcd\x0d\xfa\xd2\x97\xcf\xd6\xbb\xdf\xf3~\xbd\xef\
\xfd\x1f\xd2\xbf\xfe\xdbG\xf4\xc9O}V\x17^x\xb1\
\xa6\xd8\xa4b^\xa8\x83\xa1\x9e\xe6\x22\xad\x83\x95\x86\xe4\
\xca\xf3\x06\xc6\x973\x10\x88\xba\x9c\xd7\xf2\xa2\x9e`/\
\x1b\xdb\x98\xe6\xcd\x1b\xd1\xb1\xc7>A\xbbq1\xd6\xc3\
\xc8\xc1^T\x01\xa3\x06\xa3\xe8R\xab\xbc\xebR\xe2%\
2\xd6\x0d\xf0\xe6\xaa\xdf_]o\x8cM<n\xb3L\
\x01\x9c36^\x98!\xa3\x9fq\xb2\xa9\x01\xe3b\xc8\
\x85\x91F\x992\x0b\xb3\x106\xa7^&\xe4\x16`\xa6\
\xc881\x06Hp\x17\xa0\xadx\xba\x18\xe5!BU\
}\xad\xbe\xda\x90\xd58Q\x0e\xe5\xe8I\xe6\x1f\xed\x03\
\xc1\xdc\xd3\x9d5\xba\xa1\x96\xf7,\xcf\x91\xefM\xb4\x85\
\x9e\x90D\xbe\x0e\xa7\x99_\xe0j\xcbJ\x92\xcc6/\
\xc8d\x9e\x856\x8df\xab\xbf\xd5h.\x1d\x1c\x1c,\
\xbchk\xc0\xc5kk\xda\xd7m\x07\x97\x0dg(y\
+\x99\x0a\x17\x9eD)\xeb\x02\xcf$\x83\x995b\x94\
\xb1\x0a.\xd2\xa6\xebr\x7f\xdd\x5c\xeem\x03\x0c\x0c\x9b\
V\xd3\xc5C\xaa/v\xe8\x1bC\x9067\xd4\x9d\x0f\
s\xa9\xba\x87\xf2;[\xfc\xef\xe5\x12CW0\xa1\xc4\
{\xe8!\xc4\xcd\xfe\xa6B\x9e\xc9\xff\xab\x95\x1e\xc7\xb6\
\x92\x9d?q$\xd3f\xb0$sP%c\xb1A\xa6\
\x08\x04_\x1f\xa9Y\xac\xdf7\xa7^\x1ed\xb3\x02\xae\
\xb0\xe5\x9f\x99\xe1\x88\xf4Tu;\x94%E\xb4\xf3\xb6\
\xdbn\xd3\xaf~\xf5+\xb5\xfd'B\xa8\xaf L\xd1\
lB\xea\xa4\xa9\xa9I\x09<\x03G\xbd\x10$\xff\xcd\
\xad=\xf7\xd8\x9d\xf2q5\xb9q.Qd\x81\xd3\x00\
1D\xa7\xbf\xd9,A{\x18\x87\x1e\xa7\x91f\xa3\x9f\
p\xc4@m4.\xb8\xe0\x17z\xfb\xdb\xde\xa5\x17\xbc\
\xe8\xc5:\xeb}\xff\xaao\x7f\xe7{\xfa\xd1y?\xd1\
\x0f~\xf0c}\xfd\xeb\xe7\xe85\xaf}\x83\xfe\xe5_\
^\xa3K.\xbdL3\xb5\x87\x9c\xa9\xd57\xa0\x0e\xde\
\xb8X\x8b\xfeW\x9eY|\xefm\xe8\xbf^{o\xbd\
\xa0\x08\x1d!\xa3\xee\x06\xac\xa1\x02\x04\xa7V\xde~\x07\
\xb9\x5cF(\xe5\x92K.\xd7\xeb\xdf\xf8&=\xef\xf9\
/\xd6{\xce\xfa\x80\xbe\xfc\x95o\xe8\x9cs\xbe\xad\xb3\
\xbf\xfe\x0d}\xe4#\x1f\xd7\x9b\xdf\xfcV\x9dE\xf9%\
\x17_\x86\xd7;\xa29s\xe6\xe1\xf1\x96\xf2\xdb\xf3\x06\
NF\x8b\xd0\x94\xebL\x0fC\x8c\x99\xa7\xae\xa3f_\
\xa1\x9c\x90O\x0e\xdf\xe6\x0c\x0f\xe9\xf43\x9e\x89\xa1o\
1sR\x85\xbcU\x18\xcbY(1r=\xfa\x94p\
1j\xdd\xe8\x94~\x7f\xf5\xf5\x1a\x9fj+b\x84\xdb\
\x9d\x9ef\xda\xa5\x02\xc67!k&d\x89E\xd5)\
y\xf3\xb2\x1a\xbcD2\xfeE  \x07\xa1ng\xb4\
\xd2\xa6\xc7H\x8dZ\xc72J\x8ci1\x93\x82\xa9\x87\
\xe7[\xb0\x96\xbe\xc1>\x0cW\xa5\xcaT\xcb_\xd2?\
\xe2\x03\xfe\xe8`\x9b\xcd\xcfi\x1eC`\xe3k`x\
\xddV\x86z}f\xe6\x0b\xa8\xd7 \xf2mN6\xf5\
J\xc8K\xd4\x01\x891f_g\xdf-\xcbF\x92\xd2\
\xbc\xe6\xf8x\xd0V>[\xdd\xc1\xc7\x9f^;c1\
f\x1d1k\xc5\xce\xe9e`\xec\xaf\xce\x93\xfa\xb5\xfe\
\x02\xd1.\x17\x09\xaa\xb1\xf5u\xd1\x812w\xe1K\xbc\
\xbf\x8aF\xbe\x98\x12\x0f\xb7\xc4\x15\x08!\xca\x8f]A\
\xa6\xf0\x0f\xc6Ad\x12\x9f\xa4R\x17\xbcc\xa3\x90\xa1\
 =\xd6\xee\xef=V\xde\xa3\xbc\xce\xa3$%\xc6\xb9\
\xf4\x94\xb5\x96\x80\xaf\xb3B\xd8+\x05\x04\x14`}\xb3\
\xefV\xbf'\x8bJ\xac\xbdN=\xbf\x09\xe4)\xfd\xdd\
(\x9aI=.$/\xbf\xfc\x8aY/\x97\xf1\xfc\x88\
T\xd3\x1d\x8f& L\x0a\xa6\x0e\x865\xc6\xa8]v\
\xddYG\x1c\xf1(-\x5c\xb4@\xe3\x13c\xf2jW\
\x16\xc3\x95\xf6\xb1\x0av\xfa\x08\x1e\x89\xbe\x1dx\xd4\xe3\
\x92L\x0aZ\xbdz\x8d~\xfc\xa3\xf3\xf4\xbe\x0f|P\
\xdf\xf9\xee\x0f\xb4\xe2\xb65\x12x4\x9a}\x0aY\xae\
i\x0c\xec\xf8$7\xbcx\xca\x97\x5cq\xb9\xde\xf9\x9e\
\xf7\xe8\x0b\xff\xf9E\xdd\xbar\x85:l\x9e\xfd\x83\x03\
\xfa\x9b\x9ed\xf0\xfe\xbf\x030Mw\x07\xfd\xcdO\x82\
\x17IL/\x86V\x9d\x1a2\xcb\xb8K\x96-\xd5\xaa\
\xd5\xb7\xebc\x1f\xff\x84\xde\xf2\xd6\xb7\xeb\xfc\x9f\xfe\x5c\
\x19\xa7\x83\x91\x919\x1a\x1e\x1a\xd6\xc8\x9c!yHa\
xx\x8e6\x8c\x8e\xea\xd3\x9f;Go\xa5\xdd9\xe7\
|\x83\x0doF~\x9a\x08!\xaa\xc3F\xe9\x0e\x86\xcb\
|\x84G~\x1c/\x8aL\xfe7y\xe70\xc6\x86\x8d\
\xeb8\x016\xf5\xf0\x87?L\x07\x1f\xfc\xf0Y]\x08\
\x92\x81G\x80\xb7fd4\xfb8/z \xf9'B\
M+n_\xa3vi\xf2\xbf\xa90\xd3\xed\x11\xfaH\
\xaax/\xa9/E9i\x82\xb7._fA]6\
X\xf7\xbe\x09_\xaaW\xa5-\xd0\xa1\xa0\x0dxZR\
^\xd1\xaf\x1e\x03\x19,\x99\xb6\x92\xc9\xf1v]\xb5\x10\
\x84\x97'\x97\xbf\x18\xa2\x9cf!\x80\xac\xfe\xf1\x1e\xa7\
w\x1b\xdd\xe9\xe1\xa1;\xdey\xa3P^\x14\x8a!(\
\xc4\xa0\x9a\xacU\x92%)\xca\xd4C\x1f\xc4\xda}%\
u\x9dg\x1c\xb6\xbc\xd0P\x0af!\xbf~l\xcc\xbc\
jk lM\xe3\xcdm\xd9\xe5\xb0\x1cU\xce{\xe0\
\x01yG\x95\xb9k\x5c(\xf5\x0f\xca\x5c'\x18Tg\
\x8c\x99\xc9\xff\xa5\xca\xd9\x97\xd4`\xd1Y\x96\xc9bd\
7O\xec\xe0%\xcc\x07h\xefD\xf2\xbe\xffH\x10\x82\
\xa1<Q\x06\xc5\xf2\x06K\xcf3%\x8eq\x163\x05\
\xbf\xd9\x8e\xb9\x14\x88\x13\xc5\x02\xe1/T\x92\xf6\xb2B\
=\x8e\x99e\xc8X#$\x83\x02\x151\xc1\x92AJ\
e*\x0dP~\xf7\xd4f\xdf+OiS\x10_\xcd\
\x98\xcb\xe83\xc5n\xfd\xdb\xdf^\xa9\x09\xe2S\x1d\x04\
H\x01d\xcc4\xe9?W\x18\x0d/\xb5Q{!^\
\xbc\xef\xbe\xfbh\xc1\xbc\xf9\xea\xc7\xb3\x0aF\xbb2\xa9\
\x8f\xe3`\x04\xafQb\xb2\xb3B\x08/,*\xc3\x00\
\xe7y\xa3\xfe#9\x17\xfe\xf2b}\xe2S\x9f\xd3\x1f\
~\x7f\xad\xca*\xd2\xbf\xbf6\x1c\xe3\xe3\xe3\x8a!\xe0\
17e\x16\xb9\x80+\xa97\xddv\xdb\x1dx\xbe\xe7\
\xea\xbc\x1f_\xa0\xe9\x99\x9e\xd6o\x18\xfb\xdb\xd8\x86\xe4\
W@b\x94{\x82jSyed\xf8x\x9a\xb4\xe9\
\x85\xf7m\xf9xo\xa6\xc4\xd8\x0b\xc5K\x9a}\x92\x8b\
-\x86\xd80\xb8w\xe8?\xbf\xfcU}\xe9\xab_\xaf\
7%\x97\xdb\xb1\xb11\xf9\x1f\xe5iw\xa6\xe42\x1d\
\x91\x0f\xdf\xb0F\xc7'\xb5p\xf1\xa0\xd6\xac\xdf\xa0\xb7\
\xbe\xfd\xdd\xfa\xe9\xcf.$t\xd0V\xd1\xec\x87f\x15\
\xa1\xb4\xb6\xbc\xbf\xacR\x85\x07\xeb\xde\x97\xb3g\xc3\x86\
\x0d\xf0\xa7E\x9b\xb6\x16,\x98\xafC0\xba\xfd\x03-\
\xc5\x10\x94\xc5\xa8\xe8rF>\x84L\xc2\xc8U\x16T\
\xb2\xee\x9bn\xbeE7\xdex\x03|\xef\xc1\x7f\xda\xb3\
1\xf6R\xc0A\x88\x9c\xc4\xa2\x98\xad\x86\x8e\x22Wg\
A\x9e\xf6\x18\xa3\x87\x1c\xf4\x18\xd3\xff\xe0R\x22\xef\x06\
\xbbB~+\xea*\x7fw\xf0w\x97\xeb\xd8`\xceB\
\xde.y=sWA*\x90\xad\x9aZ\xc8`\x22c\
f`$\xc9\xf3$\x81\xd4\xc1H\x1d(\xfa\xbb\x7f\xcc\
\x91\xc1\x16%\xecJ\xc5f\x03*\x8a\xd03G\xe6\xb3\
\x18\x14\xc19$\xabq\x0e\xaaj\xfcJ\xb7Q\x81\x96\
\x8e4|\xb5:O\x9bzu\xa4\xde,U\x16,4\
\x16-ZDA\xdd\xed>\x7fA\xba\xfb\xdcvK\xc3\
\x99v\xdbR\xb0\xdc\xc0&\x83\xc9\x09$\xcc\xac^\x8c\
c\x10\xc8\xd7\x8b\xb5\xc0qg\x86]\xb7\xab\xc4\x82\x22\
\xc6\xa3\xc2\x03\xa4\x18A\x0a\xf2\xb6\x89\xce\x1e#b<\
Y0\x19\x04\xb1@\x9d\x91O\xa4@\xbdf\xe6\x88\x0a\
\xf4\x09\xfa\xfb?\x89\x99\x93\x8c0\x82\xff \xbe\x81\x9f\
\x87C\x8c\xb5\xaf\xdd0\xce\xfa2uJ\xd6\xda\x0b\x9a\
\xea\x00e\xa6\xa9\x94i\x0c\xa39\x9a\x8c\xbc\xa9\xcdN\
:\x89\x172\xd5C\xf1\x14\xd5\xb1L\xd3)j\x02\x8f\
d\xa2\xcaH\xa3&\xcb\xa8\xb6\xe5\x9ab\xacn(4\
C\xdd\x18G\xc7\x8aq\xc6\xa7:\x18\xb5\x8e~\x7f\xf5\
\xd5\x12\x8a`1S\xd7\x05\x09\xc10\x84\xa7\x87`U\
P9c#[\xbcx\xb1\x0e~\xf8A\x9a?w\xbe\
f\xf0J\x07\x89GV\xcc\x9f\xc0\xc5\x7f\x1d8\xcf\x0a\
\x05\x94'0Nt\xe5\xaa\xa2\x8c\xf7\x1bn\xbaE_\
\xe5\x98|\xdb\x8a\xd5j\xe4\x83\xcaC\x0b#\x81qE\
X\x9b\xcd\x06\x1c\xac\x14\xf1\xf0\xdd\x8b\xef1^D\x19\
=\x96x\xc7\x9a1}\xf7\xfb?\xd1\x15\xbf\xbeJ1\
oI\xc6xf23m\xed\x93XCr\x83\xc4\xba\
\x92\x03\xecF\x04T\x03\x83\xb1\x04ZX\x0d\x95f\xd3\
\xa4P\xbfS\xbdM\x1f\x941y\x03\x10\x00\x00\x10\x00\
IDAT\xa76\xb8\x815\xc1L\x09c(F\xec\
\xa1|%t\xbd\xec\x8a_\xeb\x1b\xe7~Wk\xd7\x8d\
\xaa\xc0\xe3/ZM\xf9\xc6[V]E\xc2Ky\x04\
k\xda\xe6E\xa6\x0aD\xa7\xa6\xba\x18\xb8L\x1b&:\
\xfa\xec\x7f~]\xd7\xdd\xb4B\xd3\x9dR\xadM|p\
eo\xe4\xb9*\xc6N\xd0\xa8\x8bLdlz,G\
\x01\x1d\xe8\xb0\x89\x1e\x84\xb7{\xe8!\x07\xa9Gh\xc9\
\x17\x15C\xc41I\x9a\xe5{\xc5F8\xadF\xb3P\
\xb2R\x97^v\x91\x9a\x0d\x93\x9fb\xda\x9d\xb6\xa68\
q\xb8|\xcd C\x13l\xeac\xc8\xe2(\xb26\xae\
\xa8i\xe4\xa6\x8d\xdcvb\xae6Fu:d\x9a\x01\
\xda\xbcw\xb2B3\x96#\x7f\xd2\x0cVu\x1c\x9c'\
\xda\x95\xa6{\xc6\x98\x89x6yB\x189\x9bw\x06\
\xfe\xb1\xd1\x10\x04P\x97\xb5;^,\x07TM\xe6\xdf\
I\xe8\x8b\xd5\x00\x0b\xe1\x90\xbfk[\x1eF\xda\x96n\
\xb3}\x8c\xde\x06}\x93\x87s\x90\xe3:\xdc\x07\x8d\xbd\
6\xd5\xfcN2\xf0\xcf\x95Td\x19\xf2>\xcdz\xba\
Rnr\xa10\xa4\xde\xea\x15y\x0f\x93\x0c\x88A\x0a\
Y0\xb3<\xcb\x88\x0bi\xeb\x1ezo]\x07o\x1d\
\x03\xf3%\xa4\x0b|\xfd\xfd\xae`\xbc8\xc86\x0d\x9d\
\x12%\x880iboNTzI{\xa6\xad\x1e\xc7\
\xad\x04!\xfc\xdd\x1bU|U\xb4\x93\x03y'\x18\x89\
\xea\x94~\x9e\xff\xbb\x03\xf3\xf2\x91\xc1\x94\x1c\xcf\xb6\x8f\
\xdd=G\xe0\x14X\x9f\x05\xddv\xfb\xed\xfa\xda9\xe7\
\xea\x87?\xfe\x99~x\xde\x05\xfa\xe1\xf9\x17\xe8\xfb\xc0\
\xf7~r\x81\xbe\xf7\xd3\x0b\xf4\xdd\x9f\xfc\x1c\xf8\x19\xf0\
S}\xff\xa7\xb3\xe9w\xcf\xff\xa9\xbeC\xfdw7\x03\
\xef\xde\xfe\xbb?\xf9\x99\xbe{\x1e\xed(\xff\xce\x8f\x7f\
\xa2\xef\xfe\xe8'\xba\xf8\xb2\xcbQ\xb0\x99:>\xf8k\
\xbc\xdc[o]\xa1\x1e\xc66c\x03k\xb7\xdb\x18\xde\
\xaeB0d?@\xa7\xa4,\x0b\xf5o9\xed\xb3\xcf\
\x9e\xcas\xbc\x22m~\x8cz\x83\x11\x00\xab\x09(q\
U\xa5\xfaO\x0b6\x88\x09\x97\xf0\xe1\x87?\xf8\x91\xae\
\xbe\xf6:\xb9Q\xf1z?\x0e7\x1a\x85FF\x86\xb4\
\xfb\xee\xbb\xe8\x00n\xd7\xfd\x17,\xe6/\x98\xab\xbe\xfe\
\x16,\x0ex\xbbI!F\xfd\xf1O\x7f\xd4\x0f~\xf4\
#pC`7O\xb9-i\xcd\xec$aL@X\
 \xbc\x05\xdc\x08\xf3\x22\x97\xa1\xd9tv-\x9b\xcb\xbd\
l[\xa0\x22\xb4U\xa2\x98.w\xae\x88\xe6\xc3*\xa9\
\xc1i\xcco\xbd\x9d.\xb7\xddv\xbbF\x86G\xa0w\
O\x93\x13\x18\xbcF\xd4|.*w\xdf}7=\xe0\
\x01\xfbk\xf9\xf2\x9d\xd4\x877\xeb\xe1\x06\x0b\x99\xa6\xa6\
;\xf2\xf4\xda\xebo\xd0\xcf\x7fqQ}\x8ahsl\
\x8d\x19<A\xbe\x03\x88f.G\x16ECmyX\
\xbf;\x22h3a\x86\x03\xb5\xc3\xf2\xe5\xf2\xf0\x9b\xf3\
2c\xdc\x99\xe9\xb6\x02\xbc\x0b\xd1\xfbIe\xd9\xd3M\
x\xba7\xdft\xa3<n\xbcf\xfd:\xfd\xf4\xe7\xbf\
\xd0\xb7\xe0\xe5\xb7\x89\xbf\x7f\xfb\x87?\xd1\xb7\x91\xa3o\
\xfd\xe8|\xfd\xd7\x0f\xcf\xd7\xb9^\xc6\xfbw\x88\xcf\x7f\
\xe7\xbc\xf3\xf5\xed\x1ahs\xdeO\xf5md\xce\xc1\xdb\
:|\xf7\xbc\x9f\xe9{\xe7\xffL\xdf\xfe\xe1\x8f\xf5\x1d\
\xfa\xfc\xe4\xe7\x17itrJ\xf5\xe9\xc2\x82\x0a\xe8S\
\x22K\x8e\x7fbMf\xb6e\x19\x9ea)n\xb7f\
\xd9\xe8\x05[\x03w\xb6\xbd\xfb\xa0w\x96\xdf\xc7\x9c)\
\x80W\x07{\xe3\xe1\xaf\x9av\xbc'\x0c\xad\xc1c\xe7\
\x83!P\x9e\xaf\xf9\x8f\x13\xe8uB7D^\xb4\x99\
\x05mz\xbce\x8d\x92\xe1\x1bd\xd3\xb7\xdf\xeeCl\
\xaa\xbbo\xc9Vw\xd8<\xacAt\xd5so.\x99\
MQ\x97\x1aM\xb10m\xaa\xdfbH\x9d1\x14n\
*\x96hc!(\x00\x16(\xa5\xb3+\x00\xcd\xf4\x0f\
\xf3\x80\x93\xe3R\xc1\x047L\x9ew\xef\xa7\xcb\xceY\
!}\xa3c\x93\x18\xdb\xf3\xf4\xb9/~\x09\xaf\xe6\xcb\
\xfa\xdc\x7f~\xa5\x86\xcf~\xf1+\xbc\x03_\xfa\x8a>\
\xfd\x95\xaf\xe9\xd3\x1cM?\xf3\xd5s\xf4\x99\xaf\x9d\xad\
\xcfx\x9e\xb2\xcf~\xe5\xab\xfa\xecW\xbf\xa6\xcf|\xf9\
k\xfa\xfc\xd7\xcf\xd6\xe7\xbe\xfaU}\xfa\xcb_\xa6\xec\
+\x94}I\x9f\xff\xcaWt\x11\x17U\xab\xb8\xc8\xf1\
?M\xf7\xdb\xdf\xfeNU\x99T\xe4\x85\xd8aUU\
\x95\x9c\x81\xd1\x92\x8c\x0dM\x9c\x22\x16\xcc\x9f\xab\x07?\
\xf8\x81\x9a;2,\xa3\x5c57\x12h\x03\xfe\xbe\x09\
*\x17:\xe8\xefF\xd5\xc7\xb9\xe5\x96[\xf5\x9b\xdf\xfe\
V\xbe\x19\xba\xb1\xed\x95m\xe6\x90\x16/\x9e\xab'\x1d\
{\xb4\x9e\xff\x82g\xebU\xafz\xb9^\xfd\x9aW\xe9\
\xc4\x13\x9f\xcc\x11x\x1eG\xe1\x19\xa1\xff\xea\xebk(\
\xcb\x83\xae\xb8\xe2\x12]\x7f\xfdu\xb3s\xf1\xbd\xf5\x9f\
\x84\x82\xde\x09.\xf4\xb3\x22N\x19\xeb\xf8\x8b<\x82b\
[`\xebfKwin26\xa8\x5c1f23\
j\xd8L\xdc\x08\x93\xbb\x05\xef\xdf\x7f\x11\xc5\x7f\x81\xc1\
\x8dZ\x0e\xed[x\xba\x03\x03C\xf5\x9f\xc7|\xc9K\
^\xa2W\xbe\xf2Uz\xcdk^\xa9c\x9f\xf4x5\
\xdd\xfb\x03\xa7\x22\xcf\xe1S\xae\xc9\xc9\x09.>/\xd7\
\xd8\xd8\xb8f\x0d\x93\xa0[W3\x84\x8aX\x12\xf3\x09\
\xf09U?\xde&\xa1\xec\x01}\xd8\x83K\xd0\xbd\xf6\
\xdeKd\xebxpdC\x8dnle23\xcd\xf6\
\x0fZ\xb7v\x83FG'\x14\xb3B~Z\xf9\xec\xe7\
\xbf\xa8/!__\xfa\xea\xd9\xfa2\x97\x9e_:\xfb\
\x1c\xfd''\x98/\x22{\x9f\xa7\xec\xb3\xd4}\x1a\xd9\
\xfb\x0c!\x93\xcf\x02\x9e:x\xfe\xf3\xc8\xe6\x17i\xef\
\xe9\x7f\x92~\xe9\x1b\xdf\xace\xf3\x0bg\x9f\xad\xaf\x7f\
\xfb\xdbZO\xcc\x9a\x99\xeb\xf9\x9d\x0e\x8et\xb0\xa0\x0a\
\x9c\xcd\xbc\xc6Kf\x01[\xe6(\xd60[\xf2\x7f\xf3\
]1m\x17G\xa5\xcd\x09 \x81c\x88A\x06Q\xcd\
\x1c_\x80Or\x00\xd3\x94\x92\x5c\x1f\xc4z<O\xd7\
{\xfc ?hR\x8aq\xee\xdf\xc9\xd3\xdd\x82E\x12\
\xa8ny\xbb\x87\xccl\xf5f\xe4\x93\xb7\xa0\xc8l\x93\
\x90\xb3\xeb[\x8c\x0a!P\xe3*\x95\xb4\xb9-\x05\xff\
@\x1f\x93\x99\xe3\x18d\xa4\x01\xe5t\x01\x8f(`?\
\x17)S\x1c\xb9\xa6\xb9\x88\x9a\xee\x96\x9a\xee\xe1=v\
\x93&x\x9f\xe8x*\x8d\x91\x1fE\x897b0G\
\x81\x8d\xfe\xde\xa9\xe4e\xe3\xe4\xc7\x10\x86q\x8c\xf8\x18\
\xfd\xc7\xf0\x86\xc6\x09C\x8cr\x0ah\x9b\xb4\xc3N\xbb\
h\xd1\xe2%\x9a\x98\x98\xd25W_#A+\x17\x0a\
\xa7S\x8eb\x07\x84\x07\xa2\xa1\x80I1\x9a\xf6\xc5\xc3\
\xddw\xef=\xa1]\xa9\xb4\xe9\x98L%\xefN\xfd\xcd\
\xc0\xab\x89\xf6\x99|-]\xe6t\xa3;>>\xa1,\
\xe3\xa0\x85\xe0\xf9\xc5N\xe0\xe8\xbc\xc7\x1e\xbb\xe8\x94\xa7\
>E\x87\x1ez\xb0\xb6\xdf~\x89\xf6\xdd{\x0f\x1dw\
\xdc\xb1:\xec\xb0G\xd4\x86W\x18\xfa\xc9\xc91\xc62\
\xadY\xb3Z7\xdc\x80\xd1E\x1c\x99a\xeb?u\xbf\
$\x97\x84\xad\x85\xd95\xde\xf7)\xednM\x8d91\
\x1c\x95P8\xf2\xb3\x1a\x08\xfd\x92n\xbc\xe1F\xdd\xbe\
j5\xf5Vox\x0d\x8cj\x08\x91\x8b\xaeCt\xea\
\xd3\x9e\x8e\x97\xfb@m\xb7l{\xed\xb7\xef\xfdt\xd2\
\x89'Q~\x90\xfc\xa7C\xfc8\xeba\xb1F#\xd7\
\xca\x95+\xb5\xf2\xb6\xdb\x18\xc3\xc7g}&9\xff\xf8\
\xa2\xcc_@\xa6^;i\xfdI\xf5\xf7\xdc\x91\x11=\
`\xff\xfbi\x1e\x1bi\x07#\x8d\xda\xa8\xc1\xc9#\xf9\
f\x1b\x82\xcc\x00\x05m\xd88\xaa\x9b9\x01\xe5\xdc-\
,^\xb2L}\x83#u8\xc3er\x06y$\xd4\
\x8e\x5cJS\x84\x09&k\xd9,k\xf9\x1cG&k\
@\x06\xc7\x1d6\xbf#\x9b\xeb\xa7f\xb4a\xba\xad1\
B\x0c\xa3\xed\x9e6\xcet\xe5\xff\x01\xa6\x1b.\x93\xc1\
\xef\x0c\x5c\x9a\x0a \x15\x82\xc9\x1f\xb3\xd9\xd4\xf3\x9b\xc1\
II\xf3\xcd\xaf\xf7\x90\xfee\x9f{h\xf47\x17\x19\
8:\xdd*\x9c\x8d\x10c\xed\xa5\x9b\xdd}n\xc4\xde\
\xcdn\x0d|\xc1$\xdd\xeb\xe3=\x9d\xfaSS\x7fo\
\xa3{\xaf(\xdd\xbd\xc2\xcc\xea5\xdc\xb54m.\xf1\
\x95n\xaa0\xb8\x13B\x10\x89\xfe\xd1\x9e\xe4\x9e.\x86\
\xd1=M)\xc8\x02\xf1\x1f\x8cd\xcc\x9b\xca\x8a\x96\x14\
s\x85\xac)\xf1\xee\xffCDE\xbe\xca\x1a\xaax\xef\
\x91\xef\xc4\xa6:yC\x9d:_\xa8\x1d3y\x5c\xcd\
\xe3h]<\x94N\x88\xea1F/\xcb\xd5E(\xba\
\x16\xd4\x1c\x1c\xd2\x9c\x85\x0b\xe5?\x8a\xb5\xe2\xb6Ur\
\x8fWDu*p\xe9\xa1 %\xc7\xe2\xa4JfR\
\x0cR\x7f_S\xfb\xec\xb5\x97\x16/\x9c\xa7\x0c!\x9b\
\xa5z\x05)7\x83+\xb3\x83\xe8cr\xa9\xea\xe1\x01\
\xb8\x01\xd8\xb8q\xa3\xdc\xf8\xb6g:\xb5@\xba\x876\
8\xd4\xd2aG<B\x8b\x97,T\xbb=\x0d\xc7*\
\xf9OB\xb8Q\xd9o\xbf}\xe5\x7f<\xc7\x0dG\xc1\
1\xb3B\x98qS\xb9H[\xc7\xb8\xdb\xfeq\x9c\xef\
\x15\x90\x15\xbb+0\x8d\xaf\xc2A\xf5\x17\x05\xf7\xe93\
K\x83\xbb6\xad0d\xfeS\x22\x90\x13\xb2\x98\x02\xf4\
\x17'\x99\xb5k\xd6\xd4\x1ek\x80\xc8^\xe6m\xe6\xcf\
\x9f\xaf\xbd\xf7\xdeWs\xe7\xceW\x0f\x19p\xfa\x95\xac\
\x7f\xe9\xb2\xa5\x18\xe1\x07\xa8\xbf\xbfOM\x8c\xa3YR\
\x0e/''\xc7\xb5j\xe5\x0aUlP>O\x06\x8f\
\x1bES\x06\xcfi\xa2\xd9\xc7\x9c|@b)I\x81\
\xb3k\x93\x98\xed\xce\xbb\xec\xa8\xed\xb7\xdb\xaenR\xd6\
\xf2W\xc2\xeb\xa8\xe42\xc0\xe6\x9c!G%\xf9\xeb\xaf\
\xbf\x91\x8dyZC\xc3s\xb9\xc8[\xca\xb9'Si\
\x0e\xb9zV\xa8k9iVC\x19\x1b*\x919\x87\
^,\xee\xccSV\xb9,\x13\xb7.k\xb9m\xd4\xf2\
+.sS\xdeR\x89|:v\xce\x83,\x8b\x0a!\
(\xdb\xb4\x06\xb0\xd7\xe6'YM\xc2\xcd\xafu\x9a\xf8\
v \xf9\xb3\xcf=\x97\xfeY\xa3\xbf\xe1uv\xfc\x08\
\x1f\x82\xe3\x85\xce\xd4x\xc3\x03\x1f4!\xd5\x9en\x01\
\xa3\x91\x83\x17\x90\xf5\xe4\x9e\xc0G\xad\xe8;xO\x95\
\xffMY\xf8o\xea\xef\xbd\x1a\x89\xfa\x0b\x84\xef\xda\x1a\
\xe5\x90\x03ef`\xcf\x8a\xcdP'\xca\xfc(\xd2\xc1\
\xbb*Q\xf8\xcdm\x02uf\xb4\xa3\xfd?\xe2\xc71\
\x8b\xc1\xc9\xc5\x1a*\xc9\x15\xc7\x85]\x16\xe5P\xa2\xa0\
%\x06\xb1D\xe2z@\x97\x8b\x08\x87\x9e\x02\x02\x8f\xb0\
\x87\x5ce(\xd4#\xed\x05\x7f\x8f\xbc\xe7\xaax\xaf\x02\
y\x0b\xaa\x10\x0c\xb9`3f\xc5\xfb\xe0\xc8\x1c\xcd\x9b\
\xb7PY\xd1\xd0\xd5\xd7\x5c[{4n$E]\x0c\
QY\x16\x15\xcd$\x8eB\xa6JK0\xd0;.\xdf\
\x9e\x19\x11\x09\x14\xdc\x0cD\xef\x0a\x08\x09\x8d\xe5Pa\
$|\xac\x18\x82\x8c\xf1\xdc\x80S!1\x9c\x1b\x86\x84\
\x97\xdc\xed\xb6\xeb\x1f\x0b\xf2\xb6\xd33\x93\x8a\x01\x1cQ\
p\x1f\xc6\x7f\x12\xc2\xfbx\xd8\xc3yW\xb90\xd7\xe3\
0\xa7\xb6\xfda\xfa?\xeb\x9cxw \xa9+7\xe5\
y\xf5u\xccB\xfd\xe2\xa8\xcff\xb6\xf2;@K\xb3\
(\x03rN\x0f\x09z&\xe4T\xd0\xb4\xc4\xb05\x8a\
<u\xdb\x1d\xb5\x88}\xcf\xe0\x01Vlx#C#\
\x0a1S\xaf\xacH#\xb1\xed\xaa\x9e\xb5(rMO\
M\x13k\xed\xaa\x8f0\x84A,7R\xf2\xf1\x92\x94\
0\xee\xb3a*\x16\xe3\xef\x00M\xa8\xe0\xbd\x1e\xc1\xbf\
(\xe4\xb5G\xbcv\xee\xdc9Z\xbe\xfd\xf6\xca\xf3\xac\
\xee\xdbCo<_\xe4\x05}\xa4\x1e\x868\xc1\x93\x15\
+V\xaa\x22\xed\xeb\x1f\xd4\xf0\xc8\x5c\x09YJ!C\
\xc6\xc0\x8dtV\xcerUnd-\x13\xa6\x9b\xd5E\
UF\xfd&\xa8\xf32u]\x82B^\xb7\xe9&\x93\
\xcbpiA=\xc6\x17u%k0\xdeKh\x13\x90\
\x09\x7fw\xac]\xaf=\xdd\x0ctU\x0d\x14\xb0\x22\xc9\
\xf4\x7f\xf0\x98\xccLN\xfe\xcd\x93;o+\x0a\x92\x97\
SX\xe3Fj6\xdb\xd6\x82I1\x88\x8e\xba\xb7\xc7\
\xa4\x14d\xd5\xbd\xd5\xff\xb5\xf2\xf0\xd7*\xff\x9b\xbad\
\xb2\x1a_25q\xef\xb1\xbd\xcd\x96\x9a\x99l6+\
\x17\x12WR_\xbc\x99)\xc4\x08\x04\x99A\x1c\xfd\xe3\
>\xc1\x02\xcaTi\x9a\xdbe\xb1r3\x03g\xca\x5c\
\x18mVi\x0d\x017Wb@\x80!\xbcV\x97e\
\x0a\xa4\x01\xa3j\x08\xbd\x83\xbfG\x147R&\x05\xea\
\xa32B.\xd1b\x9d\x1f\x22t1g\xce\x5c<\xd0\
\x9e\xfe\xf0\xc7?A\x98\xa0V_\x9fB\x8c\xea\x12\x92\
H\x18\x87\x80\xd0\xfb\x0dwB\xf9\xfd\xef\xb3\xee\xb0|\
;e\xd1\x14\x9c5\x0e\x8e\xe8=\x80\x99\x81\xbb0\x16\
\xa5,\x98F8\xca\xe6y.\x07\xb1\x9e\x16^\xb3\xc7\
\x09/\xbe\xf8\x12MO\xcf0^\xe4x-5\xf1\x82\
&\xc6\xa7t\xed\xd5\xd7it\xe3\x18\x86\xa5_\x9dv\
\x17\xcf\xaeY\xb7\x19\x1e\x18\xda$\x15\xfa\x1fx\x12c\
8\x90\xd4\x1f\xf2\xf5\x9a\xea\x17\xbex\xaf\xd7Fv\xab\
>v\xb7\xd6>Jm\xbc\xc8dx@\xae\x901\x06\
5\xf0\xe0\x87\x06\x07\x90\xd7\xca\x9a\x84\x15\xba\x9d6\xeb\
mjrbBW^y\x95\xd6m\xd8\xa8\xbc(4\
33\xa3\x02\xdamX\xbfAW\x5c~\x19\xedK\xde\
3\x8d\x8f\x8d)\xb1\x19e\xf0h\xfe\xbc\xb9\xca\xb3\xa8\
\x08x|\xb1\x82w\x8e\x04\xba\x8f\xfaJ\xa6\xd9\xc7\xcc\
\x14ho\xbe.\x8c\xdb\xc2\x05\x0b\xb4\xf3\xce;\xd6\xf3\
z_\xaa\xe5\xc6\xce\x1d\x16\xa3\x97\xb7M(\xe0\xca\x95\
\xab8\x8dtT\xe0A\x0f\x0f\xb3!\x84(\x03\x84,\
y\xea\xa0\x90\xf1\x0aPn\x16d50J\x9d\xf2\xae\
\x00.\x06HY\x96\x81o.\xf3\x7ff\x8a!S\x00\
L\x01\x1d(%\xca\x5c\xeeL\x92\xe3\xe2\x0e\x98\xeb5\
\xaf\x7f\xf1\x81\xac\x7fQ\xf6\xf7*\x00M\xf0\x06g\x1c\
\xbc\x1a\x8f\x10\xd4\x83'\x1d\xc2w5\x0e4\xa8q\xe7\
\xc5\xd7bf\x0a\x16\xe4\xeb3\xf3\x12\xdd\xdb\x93x\xaa\
{\xab\xfck\xe5\x8c\xfe\xd7\xaa\xef\xb9\x8e\x9d\x8d\x0b\xe3\
T2i\xea\xb0\xf3\x0a\xdc(\xabov}\x01./\
J,\x11\xc1j\xe0\xa5E\x8c\x04m\xd5\xc1P\xf8\x88\
\x15\xc2\xd4\xedu\xe5\x18\xf7hgf\xca\xd9\xb9\xcdL\
f\xe6M\xfe\xe1\xa0\xc4\xa8\xb9b\xf6\x88\xdf\xaaL\xea\
:\xd30N\x05\x1e\x88#\xebX'\xbc\xc7\x0a\xef\xc4\
\x15M\xac=B\x88\xc0*\xfd\xef\xed\xfa\xaf\xf3\x06\xd6\
\x1d\x18'\xb2f\x07\xa3\xbd\x03R\xa0\xdc\x07\x81\x96%\
\xb7\xac\xde/\xd2v\xa4\x7f\x00\x03\x1a499\xa9\xd1\
\xd1\xb1\x9a6\xae\xac1\x06\xe8\x159\xdav\x99&\xc9\
o\xba\xfd2k\xe7\x9dv\x90\xffFS\xa3\xc8$\xe6\
u\x9a'\x14r\x0b0\xa6+F\x22\xedA\x7f\x83/\
!F\x94uF\xcb8\x1a3\x81\xfa\xfa[\xcas0\
p\xe6\xc0\xc2K/\xbeL?\xf8\xde\x8f\xb5q\xc38\
\xca%\xad\xbdc\xbd.\xb9\xe82\x9d\xcf\xcd\xf6\xc6\xf5\
\xc4r9\xb6\xc6\x98\xabKL\xb0ELq\x8f=\xf6\
\xd0\xec\xbcHBb\x000\xb9\xaf\x1f\xa7a\x0c\x114\
<g\xa4\xa1\x86\xc4\x1a\xca^b\xfe\xaa\x86\x1e\x9e\xa6\
\xf3#1\xbc\xa1 f\xa6\x8a5u\xe0\x89\xa7f\xa6\
\x10\xc2\xdd@\x7f\xe5I\xf0\xca\xe9*\xf8\xe5y\x16\xc0\
\xc6\xc1|\x8c\xb7\xcf^{k\xc1\xbc9\xeatf\x98\
\xbb\x0b?2\x8d\x8f\x8f\xe9g?\xfd\x1948O\xb7\
\xdcz\x0b\x9b\xd24\xe1\x83\xdbt\xee\xb9\xdf\xd0\xc5\x17\
_\xc4\xe6\xd4\x95\xb19\x14E\xa4O[sF\x86\xb5\
t\xc9b\xfa\x06\xa6`\x0d\xf0\xbd\x87\xe2\xdf\x89?\xe5\
\x8e\x1f\x05\x89:\x81\x0fKPF\xb80\x12\x18^\xce\
F:\xc2\x18%\x86\x03\xc4\xe4\xb8\x96\xc8\x11\x14R\xb4\
L\x11\x9am\xdc0\xaa1b\xf2\xce\xdb\xc1\xc1A_\
\xbb*N+\x09y\xf4\xf1\x1c|lc|c\xee\x1a\
\xa0\xa3m\x81R\xc6\x98\x01\xcf9P\x16\x91\xf1\x84<\
\x1a\xef9\xf4\xaf\xa0E!h\x0a\x9e\xd1\xc0\x17\xd9o\
\xc0\xefD\x1ab\x04\x87\xc0\x9a\xc1\xc8fyQ\xc1\x0f\
\x9a\xd6e\x9e&\xd6\xe6\xe9\xff\x19\xc4 \x90Q`\xd3\
3\xf0\x0d\x81w\xc1\x0ex\xdes\x9a\x04\x13\xcb\x94\xe3\
\x9d\xea\xbc\xa9\xac\xd7\x90\xea2\xa79\xe2&^\xe4|\
`=\x09#\xd8c\x88\xad\xfe\xcc\xce\xbc\x95\xdd\xfaZ\
-T\x1a\xce\x09V\x22 \xaa\xb1a\x10\x03\xc4\x17\x1f\
A|\x87\xac\xc8I\x82\xbc\xc8\xf5\xd8\x9ca4\xeb\xc0\
PG>\x90/\xf0\x12X\x04F\xbb\xbb\x85y\x14\xff\
C}\x22\x8crPJ\xf2\xff\xfe\xc3\xd3<\xce\x0a!\
\x5c\x90!\xe0\xe6\xd9\x86\x84\x00\x00\x10\x00IDAT\
\x01\xe6\xf9\x1f\x17\xc98\xda\xc7\xaa\xab\x80a\x0b\xbd\x8e\
r\xca\x1b\x945\xa0\x95\xff\xc5\xb1\x06\xcc,\xc8\xd7\xa9\
\xe7\xa9\x0f.\xd4\xa4\x05\xe3T\xd3S\xf2\xf7\xa5\x0b\xe6\
k\x18\xc3\xbbn\xdd:.bV\xc8\xe5$\xcb2\xa6\
+\x81\x1eJ\x19\xeb\xb2\x00\xad\xe7\x8c\x8ch\x09\x8a\xdd\
hd\xa0\x96\x94\xc7LN\xf3\xbb\x12\xd1\xd9\x94`V\
\x9d\xb2\x8e\xe9\xa9\x09\xf9\xcf\x1d\xf7\xf5\xb5\xb4\xc3\x8e;\
\xe8A\x0fz\x00c\x1a\x9e\xdb4\x86\xb8\xab\x81\xbe!\
\x8c\xc9j}\xe2?>\xa9w\xbe\xe3=z\xdfY\xef\
\xd7{\xdeu\x96>\xf9\xc9\xcf\xcac\x88\x1d.Yf\
\x88\x01\xbb\xa7[\x22\x0e\x07<\xf4\xa1Z\xbat\xe9]\
\xa7\xdc\xaa|\xe58A\x87\x12E\x96\x05y\xd2E\xe9\
\xdd\xc0\xc8L!F\xb9\xc2\x98\x99\xd8\xf1\xe5\xe5]\xe6\
u\xaf\xdf\x95\xc5i#\x1e\xc7\xc5\xc1ej3P|\
\xaf\x1f3\x9b\x1d\x1b\x02;}b\xe4=\xc8\xa7\xc4X\
.\xd2\x8e;l\xaf\x02^;B\x13\x13\xe3\xc4l\x07\
t\xeb\x8a\x15\xfa\xc4'>\xad\x0f\xbc\xff\x03:\xeb\xac\
\xf7\xe9\x1d\xefx\x87\xbey\xce9\xc4U\xc7\xa1\xdd\x0c\
t\xed\xaa3=-\xc1\xe7\x07=\xf0\xfe\xdan\xe9\x12\
6\xa6Y\x1d-\x8a\x82|W=\x8c\xa8\xc9t\xe7S\
s\xa6~\xc5\x04\xc80\xdcf&\xff\x1f%\x86\x87\x06\
\x19\xaa'\xe7u\x06.f\xa6\x0a\x02U\xc8\x0f,e\
Shk\x0a\xdc\x8c\xb2\x01\xf8\x89\xbdF&K\xa9\xec\
\x02\x1d\xf2]Ed\xcbe\xd3\xe5\xb1@\xd6<\xcd\x91\
\xcb\xcd\xa9\x97\xb9\x5c6\x19\xb0@\xc3sp/<\x0f\
\x1eu\x1bN\xd3~W\xe0809kK$\x95|\
\x05\xc6\xb7\x99\xd5\xb8\xd3E\x9b\xe9n6[\xe6\xef\xb3\
\x95\x7f\xdfo\xa7h\x05B\x01\xdef\xee Q\xe0\x18\
%\xca\x1cB\x8c\x128z\xde\xe5\xcfhW\x9f\xf6\xc4\
\xf2\xa0\xad\xe3\xedu\xbc\xde\xe5\xc3 \xbcQW\x8a\xd3\
\x0c\xd9\xad\xfa Z[\xd5\xben\x0c\xa3S\x08XJ\
)\xc6\x80WD\xa9\x99\xc9\x17&\x1e\xdf\xfd\x12\xef\x14\
\xa8\xe0X\xe6Y\x8aY\x9bQ\xe40;\xad\xc7\xa7\x0c\
\xc6\xf6\x0d\xf4\xe3]\xe5\xfa\x87~XD\x0c\x99\xb2,\
\xd7\xd8\xe8\xa8*\x94=\xc84\xd0jh\xe7\xed\x96\xaa\
\x89`\xf6\x17A\x83\xcd\xa8\x81\x5c\xea\x8f\x95\xfaBO\
\xfdV\xaa/u\xd5B\xf8\x1d\x9a\xa4M\x0cr\x03\xf0\
\xb4YuT\x94\x1d\x0cs\x87>A\xc3\x8dB#\x8d\
\x5cK\xe6\x0ck\xd9\x82\xb9jaD\xd7\xad\xbdC\xb7\
\xaf^\x05\xb1\xa3\xa2\x05\x8cM\xb7V\xda\x1c\x16\x98\x19\
\x82_j\xe1\x82\x85\xf2\x8b\x9cZ\xa11\x5c\x11\xa3\x1b\
\xf0\x82\x94\x02\xd2\xe3`2\x9b\x05\xa7s\xa3\xd9\x90\xb7\
-\xf1\x84Jp)\xf0\xca\x0e:\xe8\xa1\x18\xeeE\xf5\
\xf8\xd3\xdc\x5c\xf70x\x0d\x8e\xab3\xd3\x1d]r\xe1\
\xe5\xfa\xdaW\xce\xd5\x05\x17\xfcR7\x5cw\x93&\xc7\
\xdd\xa0H>F\x13\x1e\x0f\xc1\xc3\x07?\xf8A\xdaa\
\x87\xe5>\xfc6A\xb0\xa8\x01B*!+\xd4a\xee\
61C\x9c/\x09\xc50\xd6\xd3\xc3\xfb\xc2\x09S`\
\xe3\xf1_4p\xc88I)\x04TH\x0a1\xd6\xca\
^\xc2\x1bG \xf2\x9e\xd1\xd6\xcc\xfc\xf5^\xc1\xcc\x98\
\x02\x1a1\x8a\xb7\x0c|\xb9\x5cfQx\xa9\x83:\xfc\
\xb0G\xc9O\x12\x19\xe3\xc5,\xe0\xd9N\xd5\x86u\xcd\
\x9a\xdb\xf1l/\xd5\x8f\x7f|\xbe.\xb9\xe42\xddv\
\xdbm\x9a!\x9e\x1belzA\x05J\xbex\xe1\x22\
=\xe2\x11\x8f\x90\x87o\xba\xf0\x85}E98\x85\x10\
i\x15k\xde\x18<r\xd0\x96\xa7\xaas\x09\xdd\xc8\x98\
ohh\x808-F\x97\xf7\x00rf\xc6:\xe9\x9a\
\x04\xef+p7lkG\x13\xc8e \x12;gp\
@M\xfa\xf5\x01-<\xe5\x16\xc6\xb2/T\xea\xcf\x92\
\x062\xa9\xa9\xae\x5c\xfe\x1a\x18\xe1\x06\xf2\xb8%\xad\xf3\
\xd4\xa5\x9e\x9a\xd4\xb5\x88\xe6z;\xcf\xbb\xb3\xe0\x0eD\
3\x8f\xc8 \xf3c\x90\xdc\xf9pC\xe5kJ\xfe\x05\
\xd6\x09\xf0\x8f\xeb\xbf\xe7}sL&9x\xf9\xdf\x1d\
\x98\xbb\x9e\x13\x9a\x15y\xa1\xc4f#p\xf5\x0d\xdbq\
\xca`r\x06_}\xa3\xafX\x93\xcbK\x1f!<\x98\
#\xc7\xdf\xbf\xccLf@=\x90\x14B\x10\x05\x099\
\x0b\x1a\x1a\xd2\xd6>\xf4\xde\xda.\xb4\xaf\xaa^U\xc1\
!\xe32>\xcf\x98\x9f\xb2M\x9f\x12\xc4{\xec\x9e\xbe\
 /jr\xf9P\x81\xb0\x0c\xc2\xb3\xd8\x8a\xd4\x10\x1c\
_\x9c\x1b\xae\x12\xe5j6[\x1a\x1c@P8\xae\x94\
(Lb\x0c\xef\xfb\x8f\x045\xaeX\x00W\x98\xe9\xc9\
)\x95(PE\x8co\xe1\x9c\x11=\xfe\xb1G\xea\xb4\
\xa7\x9e\xac3j8Ig\x9c\xfc\x14\x9dv\xe2q5\
\x9c~\xd2\x93\xf5\xfcg\x9c\xa2\x17\x9dq\xaa^t\xfa\
\xd3U\xa7u\xfeT\xbd\xe0\x8cg\xe8\x85g\x9c\xa6\x97\
\xbf\xe09z\xd5\x8b\x9fO\xfe\x19:\xfd\x94\x13\xf5\xfc\
\xd3\x9e\xae3N=Y\x0f\xd8gO\x05h\xe9?9\
\x10\xa1\x99\xf3z\x12\xef4@\xcf\x88\xa0\x08%\x14\xf5\
1\x04-\xe4\x12m\xde\xdc\xb9\x0a\xfc\x83;\xda\xac\x04\
f&3\x83\x94\x9bA\xf5{\x8fP\x8f\x17\x17\x8dL\
\xc2\xab\xe9#\x86\xeb?\x91\xf0\x88G\x1c\xcc\xad\xfc\x1c\
\xf9\xcdy\x17\xa3\xb7v\xdd\x06\xf9\xaf\xa8z[/\x9b\
\x9ajct\xda\xca\x10\xd6~B\x11\xe3\xe3\xe3\x8c\x97\
t\xec\xb1O\xd0\x01\x0f{\x08\x1e\x17\xc6\x98\x11\xb7\xe5\
S\xe1\xa5ML@[\xd2f\xab\xbf6\xc0}\x03\x83\
\xcaP\x16\x97\x9b\x88\x87h\xac{\x06\xda\x8fONh\
\x02\x03\xd7\xc5\x0a\xc7\xbc\x81Q\x1cT\x9e\xe7\xf5&\xd0\
`\x13(\xbc-HW\xc8\x92\xcb\xd4_\xc7'A\xaf\
\x0a\x03\xc6\x09\x02c#K*I+6\xa3V\xab\xd0\
A\x07=L'\x1c\x7f\x9c\x02Fk\xe3\x86I\xe6\xc9\
\x141h\xden\xa6\xed\xa7\x82\x19h \xca\xf3\xda\xc3\
u\xba\x8c\x8d\xb6\xe5|:\xe6\xf1\x8f\xd3\xfd\xf6\xdd\xa7\
\x1e;\xe6\x014R\xbda:~\x8e/\x05\xf7\xf2\xa9\
\xd8\xd8{2x\xd3h\x14\xb5~\xd4<\xc5\x12\xf4\xf0\
\x90\x855\x08\xc6x\xb0\xb5Q\xe4J\xe0:1>\x8a\
Gn\xda\x15\xcf\xfc\x19.\x83O}\x8aN\x07\xce8\
\xe5x=\x0b\xf0\xd4\xff\xc7\x92\x17\xb8\x1c>\xfb4\xbd\
\xf8\xd9\xcf\x00\xeeL_\xf4\x9cg\xea\x85\xcf~\xa6\x9e\
w\xfa\xd3\x80S\xf5\xc2g=S/8\xfd\xd4Y@\
f\x9f\xfd\xf4S4od\x04\x9c\x8c\x8d\xb9\xac\xc3^\
B\xa7!3I\x92\x19\xc8\xf0.\x12>`\xa8-\x8f\
\x99\x97ly\xdd\xea\xcc\xb6\xf7\xa6's\xc3a\x85\x18\
\xd5C\x1e\xdc6\xf9\xbb\xd33\x81\x89\x85 3(\xed\
McP\x03\x9b%\xc7\xde\xa8\xac?\x9e1\xd68\xbb\
\x19\x9a\x05\xf2i4Z\x1c\x9f\x8a\x91\xe3D\xdd\xe8>\
\x7f\x85\xfb\xdcR>\xf1l\xeb\x09\xa9=6>\xfe\xdb\
\xce\xf4\xccF\xa3\xbcBI*\x163[+J(u\
\xe2Kj\xa0\x00\x14\xd4k\xe0\xd5\x91\xad\xa1\xd3\xed\xb0\
\xac$W^\xa3\x22B\x90\xc0\xe2\xc9R\xef\xdf\xff`\
\x00w\xdc\xf0\xfaB:\xed\x19\x14\xa2\xab\x84\xf0\x0f\xa2\
\x10\x07>\xe8\x81:\xee\xf1G\xe9\xb8c\x1e\xa3'\x1f\
\xf5h\x1d\xf7\xd8\xc3j8\xfeq\x87\xeb)\xc7\x1c\xa1\
'<\xfaP=\xee\xb0\x87\x03\x07\xea\xa8\xc3\x0e\xd2Q\
\x8f:XG\x03\x8f;\xec\xe0\xfa\xfd1\x8f<H\x8f\
}\xe4!:\xf2\xd0\x87\xeb\x88C\x0e\xd4\x91\x8f<T\
\x87\x1e\xf0\x10-\x1c\x19\xc2\xe8V\x9a\xc0\xb0\xb9\x808\
a\x12\x86\xbf\xc82e\xd1T2\x7f\x82\xf6M\xbc\xd6\
\x05\x5c\xb8\xf4a\xa8@\x93\xba\x0c%\x87~xP\x92\
\xb38\xc8\xcc\x80@\xa1\x83\xe4\x86\xc8\xc9\xed4\xaf0\
0\x09\x0fi\xd1\xe2\x05z\xdc\xd1\x8f\xd5S\x9fv\x22\
k\xab\xea\xb9[(t\x16\x22\xc7\xe6\x09\x8d\x8fM\xa8\
\x1f#4w\xee\xa0&0z\xa3\x1b\xd6kx\xb0\x89\
'w\xa0Nx\xca\x13\xb5\xe3NK5\xd3\x9ed\x8e\
\x04l\xdb\xa7\x87'\xc21\xaaV\x8e\xf1\x89I\xad\xe5\
rj\x94y{\xac3\xc6Bn`\x1b\xcd>\xf5q\
a\xd7\xea\x1b\x906y\xc0~\x995\xc1\x05W\xfd[\
zl(\x9e:\xcc\x1a\xa8\xbf\x8e\x8b\xd3\xd6\xc1\x90H\
Cn#\xa9ov%2\xeae\x8b\x16\xce\xd3\x09'\
\x1c\xaf\xe3\x8f\x7f\x92\xe6\xcf\xef\x83\x1f\xa3\x84\x06\xda\xce\
\x0e\xc9\x228\x04\xb9\xc7gf\x9a\x9a\xaa\xb4v\xcd:\
\xcd\x9f\xd3\xd2)'\x9d\xa0\x13\x8f?A\x8b\xe0M\x97\
pZ\x0b]\xa8\xe9\xcd\x1c>\x1f\x09v\xdb\xb4\xf9\xc1\
)\x85[U\x0d^\x96\xf8r\xbd\x0a\xc1\xea\x9f\x9c\x08\
\x8c/\x9a\x97\xf0\xcb\xcbS0%\xf4\xce\xc7L8/\
\x93\x13\xa3\xf2\x18\xf0\xb2\xc5\xf3\xf4\x84\xa3\x8e\xa8\xe5\xf1\
\xf8\xc7#\x93\xc8\xe5\x09\xc7\x1c\xa9\x13\x8e>B\xc7\x22\
\x9bG\x1fq\x88\x8e:\xfc`\x1du\xc4\xdd\xe1\xb1\xbc\
?\x8er\x87\xc7\x22\xaf\xde\xc6\xd3\xc7<\xea\xe1u\xfb\
\xc3\x0f=\x10~Cs\xf0\xaa\xe7\x9b\x9a\x92\x99\xc9\xe7\
7\x9bM\x05~f|i\xf6\xf1uV\xbc:\xae\xb3\
%\xdb\xf6\xed\xb4\xd8\xb6\x9e\xb3\xbd\xcc@\x02H\xee\xa8\
\xcc\x16)\xc1\x80\x1e\x8e\x85\xbf\x9aQ?\x9b\x99\xb5Y\
\x9b\xe8\xea\xeb\xf1bo[\xd3\xdc_\x00l\xc0\xd4\xc4\
\xf4\xe4M<3\xbcn\xd5gV\x03\xefS\x97;\x97\
}\xe9\xa5\x97N\xdcq\xc7\xda\xdfm\xe0&\xa5\xb7\xc9\
3u\x84\x0c\x0cc\x88\x8a\x18\xd0\xcdC\xb6\x88\xff\x06\
\x16\x94\x003\x84\xc4\x17\x8a\x80\x8cn\x1c\xd5$\xb7\xbe\
\xca\x8b\xba\xa9/\xcacsf\x06\x13M\xffh\x8f{\
%\xbe\x8e\x0aC\xe7\x0a\xee\x7f\xf1\xab\xc0\xf0u\xfd\x7f\
_\xe5\x18VN\x8e\xa9;\xbe\x91\xddh\xbdz\xe3\x1b\
\x94x\xd7\xd4\x98\xaa\xc9\x8d\xb2\xf6\x84Bw\x9a\x18\xef\
\x94bwR\xb17)\xff\x9f~\xad7%\xa3\xbc7\
5\xae\xe9\xb1\x0d\xca8\xd6\x0da\xd4\x0a\x8e\x82}\xb9\
i\xb0\xaf@\x002\xdd\xb1\xfavm\xdc\xb8\x11E\xef\
\xd4?x_b\x98\x9c>\xb34\x97Z\xad>\xcd\x9f\
7_\xadfK\x82\x07\x0dN\x0cF*\x1e\xb3\xe0\xdf\
\x80\xa7Af\xd4\x00Mv\xf3\x02o\xb0\xf4\xf0\x02<\
\x1c\xc7K\xea\xf6\xdaZ\x8c\xe1}\xcaSN\xd0\x1b\xde\
\xf8:=\xfc\xe1\x07\xa9\xd1\xc8\x89a65\x7f\xc1\x88\
\xfa\xfa1\xe6\xe0(\x0c\xf4\xfc\xf9C\xdag\xbf\xdd\xf5\
\xfc\x17<K/{\xd9\x8b\xa8\x1f\xc6\xcb\x9d\x80\x9d&\
q\x9c\xd56<\x16\x83\x06\x06\x87U\xa1\xa53\xed\xae\
\xb2\xbc\xd0\xdcy\xf34w\xfe\x02<\xef>\xcd`\x04\
\xa7P\xf4i\x0cX\x0f\x0f\xb7\x87\x029\x0d<M\xc8\
\xdc\x00\x17H\x03\x03\x03j!s9^o\x08a\xcb\
z\xff;tB0\xf9\xe9\xcb\xc9\xe5\xf9\x98\xb9\xe9-\
\x95\xf0 \xbb\x1e\x97\xc7\xb3}\xf1\x0b\x9f\xaf\x7fz\xd1\
\x8bt\xff\xfb\xdfO\x83\x83\x03\xca\xf3\xc0\x5c\x85\x0a\xe8\
hf\xe0\x9d\xb4l\xe9\x1c=\xf8\xc1\x0f\xd4K_\xf6\
R=\xe79\xcf\x91\xff\x86`\x17\xbc\xdbx\xc4\x1d<\
t\xd7\x8d\x02\xdc\x5c\x9bJd\xe9N\xbcf\xbd\xa8\xcd\
\xef\x98q\xc5 E\xbe@\xad\x9e\xc3\xf1\xf3|`.\
\xd7\x17o;\xab\x7f\xa9\x96\x8d\x0ew\x01\x11\xd9p\xe8\
L \x8f\xc8`\x89lUS\xa3\xea\x01\xe5$24\
\xb1^\xd5\xcc\x98Rw\x5cUgRUwL\x9e\xa6\
\xce\x84\x12\x1bfB&C9\xa3\x08dj\xc3\xca\x19\
\x85j\x9axp[%\xf5\x192_\xd3\x1c\xb9\x99\xe2\
\x827\x86P\xd3x3>\xbe.\x07\x0a\x1d=m.\
\xaf_\xfeO\xbe\x12\xa8XM?\xa7\xa5\xc1\xe0.\x9b\
r\x89\xcc;n\x9e\xb2\xc7n\xc1\xcci\xecwV\xc6\
&\x1fh+\x99T7H$\x00o\xae\x7f\x13SS\
\xd3\xdd\xce\xcc\xed\xfd\xfd\xfd]\x8a\xb6\xea\x13\xb6\xaa\xf5\
\xa6\xc6g\x9eyf5\xddn\xaf\x1f\x1d\x1d\x9fJ\x08\
\xbe\x19\xfe\x01\xc6t\xb6\x1a\xc7\x9d|\x02\x1c_w\xd5\
C\x8c\x08OTp\x06\xd5\x8d\x92:\xed\xb6\xc60$\
H\xaa\x0a\xbc\xc5\x01\x848\xb1\xb8\x94Xm\xdd\xe6/\
\xbf\xd2_\x16\xfd\xddJXc\xbd\x06O=\x96\xb5q\
\xc3:\xc5\x00C\x10\xbe\x92\x9b\xed\x9c\x9b\x0b7\x96\xfe\
_\x9d\xf4a0\x87\x8a\xa8\x01\x94\xb2/\x93rbh\
\x91\xd8mpH\x1d\x84\x18 \xce\x1bP\xe8\xc8{\xc6\
\x09%\x953J\xd4W\xa4\x93\x18\xedi\x14\xa6\x83\xa2\
\xf6\xbam\x8d\x8en\x10'^\xb9\x97\x1b\xa1e\x07\xe5\
u<6\xd3\xc3\x05e\x88\xd8R\x13\x0f\xb0\x82|^\
\x07)\xa1MDP\x02l\x882\x0b\xbc\xfb\x07\x9cI\
*\x94sffJ\xb0D\xfd\x03}\x18\xb5\x02\x9e\xcc\
p\x99\xd9Q\x86\x81\xf1\xff:\xe6U\xff\xf2r\xbd\xe8\
E/\xa8\xc3\x06\xbb\xed\xb6\xab\x1e\xf6\xb0\x87b\x88\x1f\
\xaaC\x0e~\x98\x9e\xf7\x9c\xd3\xf5\xaaW\xbeL\xc7\xe0\
\xe1/\xdfqYml\x8bF\xd44\x1b\x0d\xc3o\xd3\
\xc7q\xf7\xdf\x8akcTK\xe4\xa7\x8d\x17\xb2\x1a\xaf\
\xf17\xbf\xbbR?\xf4\xbf\x1d\xf0\xad\xef\xe8\xcb_\xf9\
\x9a>\xf6\xf1O\xea\xfd\x1f\xf8W}\xf0_\xffM\x9f\
\xfc\xd4gt\xce7\xce\xd5O\xce\xff\x89~\xf5\xab_\
\xeb\xf7\xbf\xff\xbdVp\xc95\xce\xe9\xa0\xaaf\x0dY\
b\xac\xbf\x86\xd0l\xb5\xc9L*\x89\x9aU.\xd3\xf0\
\xd6\xea\xf7\x9e\xda\x18\xfa\xa1!\xc2\x1d\xc4\xad\x8f<\xf2\
p\xbd\xe9\xcdo\xd4\xd3\x9f~\xaa\x0e<\xf0az\x18\
\xf0\xd0\x87<D\x07\x1f|\x90\x8e<\xf2\x08\xbd\xe0\x85\
/\xd0k_\xfb\x1a\x1ds\xf4\xd1\xf2y}\x83n#\
\xebfF\x1c\x18\xda\xc2\xbf\x1e\x0a\xef\xf8DN,\x9e\
JL$X\x05\xcc~*\xfaJ\x8e\x7fp\x06QH\
w\xa1f*qX\x5c\x06\xbc\xdc\xccd^\xe7@^\
\xe0\x1dasdSl!{\xfd\xf0\xb1\x19\x93\x1a\xb8\
\xd0\xfe\xdf\xf7\xf4\xe7R_.e\xc8\xa3!\x7f\xa6\x0e\
r\xd5c\x0c\x97G\xa0~\xefH\xc9\xbd\xf86i\x97\
!\xc9Wm\xdauTvg\x14\x98\xa3d\xb3\xe8a\
\xb8\xfcg\xb4\x93\x0b\x1a\x82Xq\x02\xab\xf3\x9bq!\
M \xe7@Vf\xbcx\xe6\xef\x0c\xb3\xbcMl\x8e\
-\xf9\xe6\x18\xe0\xeb\x14\x17\x9cnx\x9d?\x8e\xb3\x83\
\xd3\xdaQk\xb0\x81\xfa\x1d\x13\x08\xb32\x16\xc6\x00|\
\xbc\x8a\xa2\x00\x88\x0d\xaeWN\x8e\x8fw&\xa6\xbb\xd3\
'\x9cp\x02\x8d\xea\xea\xbb}\xfd\xb5\xd5\x86\xbb\xb5\xdc\
\xca\x97.\xbe\xb9\xef\x06\xc6\x13\x8ci`HB\xd07\
/@\x14\x15\x1c}c\x8e\xe5\xb1 \xb3\xc8\x0c\xc6\xf1\
)(\xe0\xcdLql,\xf1\x02\x0a<\xba\xfe9\x03\
\xb2B*S\x0f\xfbR\xc1dx\xce\xb2\xc5S\xd1\xd7\
W\xe6\xc4\x111.dH\x0e\x0cO-%d\x18\xae\
n\xddC(C\xb2\xba\x7f\xa0\x13\xb3*z\x7f\x8c\x0c\
\x12$G\xd3hi\x18'\xaf\x0b\x8c\x90\xc0[\x94%\
\xa8[2{I\xde?d\xd9\xe1\xa5\xac\xa2\x96q\xbd\
>\x0b9;~O\xe3\xeb\xc7\xe4\x0e]&S\x1e\x11\
_<\xde\x92\x0b\xb1\x12\x81\xad\x80d]\xa6\xeb(!\
\x9cbn#\xf6j\xccc\xcck\xcc\x13\xa1S\xf4\xbc\
\x8f\x8dq1\xde\xfd\xc8\xe6\x02\x9dqdv\xef\xd5\x8d\
i\x07\x03\xd4\xc3\xb0\xf7\x0f\xb4\xa0M\xaa\xe3\x81=\x94\
\x96\x152\xb3\xa1\x98\x22\x8d\x08TC\x11\x8ds\xdaW\
\xcc3K+\x08\xe0\x0b\x01|N\x7f\x13\xad\xc5\x93\xa0\
Q\x96y\x1fT\x10#\xde\x01ff\xa6\xd5\xcc\x0b\x05\
\x16\xde\xebLi\x87\xe5\x8bu\xca\xc9\xc7\xeb\xado9\
S\xef~\xd7\xdb\xf4\xfa\xd7\xbfZox\xfdk\xf4\x9a\
W\xbf\xb2\xfe\xd5\xe0\x07?\xe4\xfe\x1a\x1ch\xaa\x8d\xf1\
N\xac\xb1>B\xe3eV\x1c\x7f\x13\xde\xbf\x05\x16\x07\
\x13\x1c\x9f\x8a\xb5\xaa\x9e;\xd48'\xf2!d\x14\x05\
IAf\x91\xf2\xa46\x1e\xee\xea\xd5ku\xc9\xc5\x97\
\xeb\xd3\x9f\xfa\xac\xdet\xe6[\x98\xf3L\xbd\xf7\xbdg\
\xe9\xac\xb3\xde\xaf\x0f}\xe8\xc3\xfa\xd4\xa7>\xad/|\
\xe1\x8b\xfa\xdcg?\xaf\x8f}\xec?\xea\xba7\xbd\xe9\
\xadz\xed\xeb\xde\xa8w\xbc\xfb\xbd\xfa\x04\x86\xf8;\xdf\
\xfb\x81\xfc\x0f\x04\xf9o\xf1\xf9OX@\xdez\x1e\x9f\
\xcb!0\xb7\xd3`\xb6\x5c\xcc\xddS\x05\x8f\xca\xfa\xb2\
\x0e\xea%\xc9\xebSJjrY\xdal\x16\x9a\x99\x9e\
`\xbd-\xed\xb1\xebN\xf5\xa6\xf3\xeew\xbcU\xafy\
\xd5?\xb3\xf9\xbcTox\xdd\xab\xf5/\xafz\xb9\x8e\
?\xeeX\xedG,\xde\x10\x8e\xbe\xbe\x86\xb2,\xc2\x9b\
\x8c\x13\x03y\x0c\xaex\xda3m\xbe\xa5\x08\x9f%\xd3\
\xecc\x82%H7\xf3R\xe0\xf2\x5c1\xb7\xcfO\xa2\
q\x16\x0f\xc5\x00\x00\x10\x00IDAT\xca\xe5\x0fd\
+ *\xd0\xcb\x14CT@\xa0\x13x\x07\x86\x89\xf0\
\x9f\x8f\x12\xa3\xf4\xf0\xce\x1dJ6\xed\x92\xbb\x87\x8a4\
\xa1k\x08\x90\x02F\x19.`|+ \xe1\x14\xcc\xa6\
\x19\xfd\x22u\xc9\xf9\x07\xfe\xb5\x803\xb6\xcbN\x10\x0f\
\xc66!{\x10\x0a|*\xf5\xda\x1d!* \x9c\x98\
3Q\x0c\xd0\x0c\xd2\x09\x04g\xcb\x1dy\xf1\xd4\x85R\
\x85q\x0e\xe0\x1ch0;nE\xae\xac!2\x981\
\x9fXc]O)=\x95j\xd9\xf1\x9c\x03\x0b\xf5d\
\x138\xcdj\xd8\xf4\xbe9a(pK@\xc5z\x83\
\x9a\x18\xd3|\x13\xfd}#\xecp\xaa\xabX\xa3\xcb\xba\
\xa1/ \xa6\x0c;\x11\x91\xffV\xdf \x94\x08J\x09\
\xa0\xb7\x8f\xe9\xb3\x826\xd9$*Rg\xa6\x8d\xdd\xee\
\xf2B\xd1=|\xee\xb5\x82\xb6\x01\xd8\xa6O\xae\x1c\xa6\
\x87*\x04#\x95\x8a,\xce.\x10\xec2\x16g5\xf7\
\x93\x06\x87\x06\x89\xbf\xf5\xab\x07!+X\xa3\x14d\x15\
l\x9f\xe9\xa97\xd3U\x17\x06\x87f\xa6b\xb8\xa9\xd8\
\x0a\xc2\xa6\xc9\x82\xa3\x9c\xe4\xc4\xae\xaa$\xef7K\xd8\
JN\x9c\x00c\x8cR^\x94,i\xb6\xb5\x91\x9a\xfc\
\xf6\x98\xa2\xdaX\x1a}\xd9\xec\x11\xfa\x88\xac\xb5\xa9/\
k\x5c\x9d\xd0\x89yq\x06 i\xc2{\xe8\xc2\xe7R\
\xdd\xd4SIy\x05\xae\x09F\x04\x04&2\xa5\x1b]\
uK\xb9\xe0G\x18\x93P\x80\xa9\xb1)\x19k\x99\x9e\
\xc2C\x95\x10\xd5\x9e\x02\xf8Wy\xa5.\x9ek\xe5\x86\
\x18C\x84\xd6I\x16\x05*5$\x16\xc2\xd0\xacM5\
\x08\xed\x8a\x8a\xca1\x80!\xd0\x8ew\x0b.\xfe\x01\x5c\
L!\xe4j3w\xc9\x00%\x02\xeb\xfd[x\xb4=\
\x8e\xd7\xc12\xea\xa32\x8e\xab9^S\xaf\xd7e\xd0\
\x92q+\x05\x09\xfcJ\xdeY\x00\x13\xa6\x94\xe4\x8f\x7f\
'j\x19N=\xc6+12\x02\xa7\x22+4\xd0\xd7\
_\xd3\xa2\xc8\xa2b(Y\xef\xb4*<\xef&\x84\x9a\
34 \xffy\xd5ys\x86\xb8\xb0m1G\x9bK\
\xa3i\xe6\xafT\xe2\x1d\x1ak\x08\x963\x1fxCG\
\x8bR\xc8\x82(`\x1de=W\x8f\xb9*h\xc6\x1e\
\xa3\xaa\x8a\x8aY\x93\xd445\xdd\xd6\x8a\xdbV\xea\xe2\
\x8b.\xd5\xa7?\xfdy\x9d\xf5\xde\xf7\xeb\x1do\x7f\x17\
\xf9\xcfa|/\xd3\xea\xdbWk\x92\x0b\xb6\x81\xfeA\
6\x82\x1d\xb5\xfbn\xbbi\xe7\x9dv\xd6.\xbb\xec\xaa\
\xbd\xf6\xdc\x8b#\xfdv\xd0\xa0\xa1\xb5\xeb&\xf4\xbb\xdf\
\xfdI\xdf8\xf7\xbb\xfa\xd7\x0f}Toy\xeb\xbbt\
\xd6\xfb>\xa4\xcf\x7f\xf1\xcb\xba\xe2W\xbf\xd3\xed\x18\xf3\
I.\x02K\xe4/gn\xa5\xc8:\x82,DuX\
C\x95\xa0\x0c\xb2+\xd6\x92\x80\x00MX\x84\x92*\xf0\
o+\xc2\xd7\x22O\xeaLs4\xe7\xa8\xdd\xc4\x8b\x5c\
4oX\xcb\x97.\xd4\xdc\x11<a\xdc\xc8\xaa\x9a\xd1\
\x14\xa7\x94\x9c\x93O\xc5f\xe9\xebwy\xf24/r\
u1\x5c~\xb2s~t\xd9\xe8\xbc\x5cf\xaa!\x90\
\x02I\xa1~\x0f\xe0U\xc2\xa3\x0afu\xd8\x8c\x02\xf8\
\x16\xd08\xb8\x8cP\x16\xc0L<>\x8e\x99\xa9\xaf\xbf\
\xaf.I|\xfbZJ\xe4X2\xc5\x10\x90\x05\xc6f\
,\xa3\xcc\xe5\xb8\x02\x8f\x84\x015\x87^%\x18!\x7f\
\xef\xf1\xdeK\xbc\x1b\xa3\x03fYM\xa3\x8cT\xcc\x9b\
`^3fu\xfb\xeeLG\x1982\xb2<\x9c\xe3\
xj\xf3\x03>\xc6Z\x02\xe0E\x06m\x13\xfc\xef`\
\xa8\xa3\x05\xfa9N%+M\xe0V)!\xbbA\xcc\
\x8b\xcex\x9a\xc3\x87\x12\x1c\xbd\xa8D\xdf\x02r\xe3`\
\xa4bM\x0e\x89qj\xe0\x1d\x11\x96\x94\x80\x8a\xb7\x8a\
q\x1d\x92\x02\xc8\xb9=*\xb2\xbc\xce\x97\xf0yrf\
B\xd3\xbd\x19\xd5F7H\x01\xba\xa4^b\x0d\x0d)\
\xe6j gUe\xb2\x90\x03Q! \xccivt\
\xb1\x8ef\xd1`Y\x96B\x08\x15\x13n\xf5'lu\
\x8fM\x1dB#T1\xcb\xab`\xb3C\x18\xe5f\xfe\
-U\x18\xc5T\x81\x0f+\xce\x1b\x0d\x84\xa1_=\x08\
\xe8\xc2\x10a\x98\x83\xa8\x9e\x9c\x9a\x943\xd9b\xd0\xc0\
\xc8\xa0\x9a\xdc\xa0\x87\x8c1\xf80\xdc\xa6\xcf\xec\x0bk\
V\x0d\xcc\xe1\x04\xae\xf3\x9079\xcc6\xa1\xbd\xa9\x89\
\xa75\xe3\xc79\x08U\x22<.@\x1d\x18\xd9\x8f\xb1\
\xe8\x1f\x1eR\x07\xa3Z2\x92\xf3\xaeD\xc0\x1c6w\
\x0f!\xc8,\xcaH\x13\xb8\xfb\xd8\xda\x5cid x\
\x85\x80v;=\xad_\xbb^%\x8c\x11\xc8x\xbb\x9c\
8\xea4^mGI\x82\xc1\x09(C\xa6^B\x84\
\xc0%\xc1L\xc1DQ&\xde\xc5<5\x88z\xc6\xe8\
\x95I\x81\xba\x06\x06U\xd4\xb3\x8f\xcaH\xf9\x12\xcb\xa8\
\xd7&\xda\xf1\xd1,NA\xcc$\x17\xf4,\x04\x8a\x0c\
\xe3W\xca\x9f\x18\x03\xf9\xae\x12\xf8\xaan\xe5-\xbd\xe6\
\xaf\x03+D\x01\x04$\xc6\xabf\x811\xeari\xb6\
\xfc\xce\x17/\x00\xb4\xe9\xf1\x8a@>\xaa\xaf\xaf\x9fT\
\xea\xd4FEj4Zr\xa5\xec\xa1<\x8eo\x8e7\
\xe1\xa9\xff\x16\xd5e\x97]\xaes\xcf\xfd/\xfd\xdb\xbf\
}Xo\x7f\xfb;\xf5\x9f_\xf8\xbc.\xbb\xe4\x12\xb5\
\x89\xf7o\xbft\xa9\x1e\xcc%\xe5c\x1f\xf3\x18\x9d|\
\xe2S\xf4\xfc\xe7>\x87\x98\xea\x0bg\xe1\xc5/\xd2\xbf\
\xbc\xea\xe5z\xed\xab\xffE/\xfd\xa7\x17\xe9\xb4g\x9e\
\xaa\x93\xb9\xa9?\x82\xe3\xff\xfd\xf6\xbf\x9f<\x16|\xc7\
\x1dkt\x1ea\x87O\x7f\x06C~\xd6\x07\xf5\xd1\x8f\
\xfe\x87\xfe\xeb\xbf\xbe\xad\xcb/\xbfB+W\xde\x0e\xed\
\xa4\x08_\x82E\x15\xe0d\xa4\x09\x02{\x9a\xb1\x09\xc6\
\xd8\x80z&\xec\x1b\xb4\xac \xe5f\xba$\xd5+5\
\x091\x11-6\x01\xf5)\x89\x86\x7f\x06\xbc\xde\xe3\xc7\
\xdbz\x85\xa7\xe6\x19\xc0\x04\x0a\xb3)\xa3\xfap=\x0c\
\xdd\xe4\xe4\x14s\x05`\xb6]\xc4(%\x04\xa3\x02d\
\xa6\x02=+\x88\xd3'd\xa1\x92) \x7fb\xd30\
 l\x82\xfa=o\xc8X\x9b\xc5B\xc2qR\xca@\
7\x83\xb7@h(\xcbZ\x8ayS\x1d\x8c\x10\xecR\
\xa4m0\x0c/\x06\xbf\x0f\xd9\xf4\xe9\x12\x04\x19\xe3N\
f\x06\x8f\xbdB\x87\xccL\x15\xfa^\xa1g\x0cZ\x7f\
\xcc\x97$\xe3\x9ffO\xa5\xbc\xf7\xb0\x01\x0d\xf0\xec\xa0\
'=\xdaZ\x08r\x15\x0ay\xa6\xd6`\xbf\x84\xdcV\
\x12:\xdc'1\xe6\x0c2\xe0\xe3F\xd6j\x10\xc5\xd0\
%c\x1cOi \x7f\xfc\xdd\xd3Y0\x92Y\xa0\x19\
y\x96\x06\xc2>o\x13\xda\xb8\xe1M\xe09E\xb8\xc8\
m\x84\xb7\x09\xccS\xf7`|\xdf\xbc\x9a\xad>\x15\x05\
4\xb2\xa8\x12\xe2\xbb\xcdb\x14\xd0\xb1\x1a\xf8b\xdc$\
\xfa\x959\x970oz\xd3\x9bx\xdf\xbaO\xd8\xba\xe6\
w\xb6\x8eX\xf9 \xeb\xa5\xc42X\x883?\x81\xa4\
\xb7\x00=9\xb2\xc9\x02\x0b(\xf0\x8c\x86\xea\x1d\xdeB\
T\x08\xe6k\xc0\xf3\xec\xaa\x03\xd3\x8a\x22\xaf\xdb\xc6\x10\
\xd4++\xf2\x92\xf1O\x9b\x1e3\x93\x1c\xe4\x8f\xd5\xf5\
\x15\xef\x9b!\xc9\x10\x18\xa3r\x16\x5c\x81\xfc\x07\xe6\xa1\
\xa1B\xa3\x90\xe5\xb9\x9a\xc3\x03\xba\xff\xc3\x1e\xa2]\xf7\
\xdd[ed\x1e\xfa+f*\x0dT\xc09\xc2\xd4\xc0\
\xfc\xde7X\x90\x05*,(\x99\xd1\xc6\xd4#\x95\x97\
1\x8b\x0b\x81\xef\xbc\xb7\xdf~;\x86\xad\x94\x99\xb7\x8d\
\xc2\x19U\x0a\xb9\xf2\xe6\xa0:\x08\xa8\xff\x01rk\x0c\
\xa8B\x88\xbb\xc4M\xea\xdf}\x8f\xb9<M\xb1\x902\
\x80we\xb9\xb2FS\x19\x8c\xee\xb0\xfe\x0e\x0a\x16c\
\xa6\x98e*\x11\xcc\x12\xda\x82\x22J\xaf\x1aL\xfc\x03\
\xb7\xcd\xf8\x80\x92*\x1a\x94lt\x15\x02\xe6t\xa7\x09\
e\xd0\xd2\x92Wo\x13\x98\xf9<\x7f\x09>\x18\xa5 \
cw\x82\x17n\x01\x13h\xab\xc7\xe6d\x16\xe5\xc6\xcb\
\xe5\xc27WW8\xced\xba\xf1\xc6\x1bu\xdey\xe7\
\xe9\xb3\x9f\xfdl\x1d.pcx\xc1\x05?\xd7\xe4\xe4\
\x84v\xdbug=\xea\x11\x07\xe9\xe9\xa7\x9c\xa8\x17\xbd\
\xf0\xb9z\xf1\x0b\x9e\xab\x17<\xf7\x0c\x8e\xf3g\xe8\xb8\
c\x1f\xaf#\x0e;T\x8f:\xf4 =\xe2\x90\x03\xf5\
\xc0\xfd\xf7\xd5>{\xed\xa6\xc3\x1fu\xa8\x9e~\xeaS\
u\xc6\x19\xcf\xd4K^\xf2O\xc4\xa1_\xa8g>\xf3\
\xe9z\xd2\x93\x9e\xa8\x03\x0e8@\xfe\x93\x1d7\xdet\
\x93\xbe\xff\xfd\xef\xe9\x13\x9f\xf8\x84>\xf2\x91\x8f\xe83\
\x9f\xf9\x8c~\xf8\xc3\x1f\xea\xe6\x9boas\xe8)\xc2\
\x93\x0c\x9e\xf8\x89\xc3\x14)+\x91Q<1x!\x05\
\xc1\x06UJ5\x98\x99\xccfA\xff\x03\x8f1\x86\x83\
\xee\xfc\xa2D\xaa\xe0+\xf6M\xd3\x9c\x046b\xe4\xfc\
\xbd\x07\x22\x15\x85NSO3\x0cV(0\x8a.\x9f\
\x16\xc1\xcfd\x18\xd62d\xc8mT\xd72uC\xae\
\x0e\xe0r\xd8\x0dM\xa5\xd8'\x85>\xd2\x16\xf2\xd8\x9c\
\x85\xd8\x94\x80R\x85\xca\x94#\x7f-V\x9b\x91\x8f\xb2\
\x80\xac*\x93\x1baD\x94\xf7\xa8u\xeb\xd6\xab\x8d\xd7\
Z\xf3\x19\xfa\x98\x99\xe8P/\xc1\xf8v\x08\x88_H\
\x86\xd1\xf57R\xda\x84\x18\xa4`\xaa\x1d\x9f\xdc\xf1K\
*\xb8\xcfy\xc8\xc1\x07k\xb7}\xf7\x91\x1a\x85&\x09\
\x85\xcc\xe0\x91\x0e\x8f\x8c\xc8\x0d\xa61\x8e\x18\xc7\xc1\xb4\
\xf9\xb1z\x96\xfams=%r\xa0mb.\xcf'\
\x05e\xd8\x80V_K^%\xdaV\xbe\x08RW(\
\xa7\xa1\x19c\x81S\x9b\xcd`\x00\x5c\x0ap\x08!P\
\x9dj\x10\x8f\xd3[\xde\x99<\x9f\x04/h\xad\x1e\xf9\
\xad\xfe@\x81\xad\xeeSw`\xd2\x04\x9e=\xb0\xaax\
\x04\x16u\xb9|eT8\xd2\x06\x92\x06\xf2##s\
\xc8I!d\xb3\x82\x84\xe0\xf4\xf0\x826n\xd8\xa06\
\x86\xd7\x17\xe4\xdeQ\x0eq*\x04\xca\x87p\x9alI\
\xc5c\x929\xf5I\xab\x1a\xea\xd15\xfbXmx\xcd\
_RR\x8b[\xfc:l\x81@r\x88PcxP\
\x0f:\xf8@\xed\xbe\xff>\xca8\x82\x95\xac:\xb9G\
\x0dn\xb2\xa0\x0c\xbc\xa2B\xfd\xcfx7r2S\x05\
\x94\x80\xa7bMd\xe5]\x02\xf9\xb5k\xd7\xa9=9\
\xad,6$\x944\xe6\x0d\xf582\xa7\xd8\xd24\x13\
L\xf6L\xbd\xacO]\xdeg\xaaP\x97y\xda\xa6m\
\x07h\xa3 \xae\x10=\xe6&2&a|\x9d\x83\x1d\
h\xe3\xf3U2\x04^J\xc9j\x90\x02\xf3\x18\xe0i\
\x90\x99\xc9\x028\xc7\x80\x81\xe8\xc8wo3\xaa\x81\x12\
o\xde\x22\x19>\x94l\xd3\xc7\xccf\xe7 \xdd<\x80\
\xd9l\xd9\xe6\xf7-)8\xea\xae\xa0\x00\x0f\xfa\x15Q\
\xd6\xae\xefF\x02\xc7vOW_}\x8d\xbe\xcde\xd8\
'?\xf1I\xfd\xfb\xbf\x7fTg\x9f}\x8e\xae\xbd\xf6\
:5\xd8t\x1e\xf0\x80\x07\xea\xc4\xa7\xb87\xfbl=\
\xeb\x8cg\xe8\xe4\x93\x8e\xd7\xa3\x0f{d\xfd\xa7$\xe7\
\xcd\x19V\x16\x12\xca\xdb#\xa4\xd1V\x22v\xde\xd7*\
\xd4\xc2\xd8t\xb8l,\xb9\xe0\x89\xf0\xb3@\x89\xfd\xa7\
/\xf6\xd9g/\x1d~\xc4a:\xed\xf4g\xe8\x85/\
z\xbe\x9e\xf1\x8cS\xf5\xc4'\x1e\xad}\xf6\xd9\xa7^\
\xd3\xb5\xd7^\xabo}\xeb\xdb\x18\xe0O\xea\xe3\x1f\xff\
\xb8\xbe\xfe\xb5\xb3u\xe5\xef~\xaf\x0d\x1b\xc6d!\xa3\
MT\x97M\xc3i_\xe0\xf5\xd5k\x93\xb1\xdcYH\
B:\x0d\xa0\xe4\x7f\xf4\xb3i\xc8\xc4\x5c\x89\x81\x8d\xd4\
,h\xe3\xd8\xa8\xdc\xe8\xfa\x06\x5c\xe2Y\xca\x84L$\
t\xa9T\xc6\xe6LS\x95\xe8\x8d\xc5\xa8N%ui\
\xd0\x0b9\xd7b\x19\x90\xab\xcd\xa6\xef0C\xda\xc1\xe8\
\xb61\xac\x9d\xd4P\xc7\x1a\xea\x86\x16\xd0PG\x0d\xb5\
+\xdaV\x19r\xdfPV\x0c\xa8\xa2]\xbb\x9b\x08o\
U\xb5\xe7+\xe5\x8c\x1c\x15q\x16\xd6\xae[\xc7\xe6Z\
\xa9\xd6\xfb$\xca\x83b\x08\xb3z\x88,\x18\x10\x1c*\
\x83oR\x00\xaf\x06\x9bZ\xaf\xd3U\x81Q\xab\xcc\xd4\
\x03\xba\x92\x86\xe6\xcf\xd1\xfe\x0f}\x90v\xd9{O5\
\x09cu\x99\x99\x91\x95\xd3.\x06\x1f31\xbe\x014\
fL\x1f\xfbn@\x8dQ\xe5 \xf25\xa4\x00\x97\xbc\
\xc4\x94\x13\x8f\xef\x1f\x18\x90R\x92\xe3\xeb\xdey`\xee\
\x08mk\x03L\x1a\xb2\x5c\xee\xd9\x8e`\xe8C\x8c\xf2\
\xb0\xa5\x99\xc9\xcc\xb4\xf9q;%\xc6\xf0\x81\x82\xd4\xe1\
\xddUvs\xf5}N\xe9{\x9f\xdb\xde\xada\x91\xe7\
\xbd\x18cO\xa6\x14@\xcc\x02\xc8\xf1aYJ\xde\x12\
b\xd5\x08R\xe7\x7f\xb4\xc5,\xc8\xcc\xe4\xc2\x01\xb25\
\xc3\xc66\x8eizjZ\xd1\x22\x17\x14\x83\xea\xe7X\
j\x81A\xbc\xbf\x03\xed\xe1\xa2\x1c<\xeb)4\x87%\
L\xaa\xcd\x8f\xb77\x05&\x8d0\xd6\xd3\xfeVS=\
\x84\xd3\x197Su5\xb4p\xae\x96\xef\xb1\xab\x96\xec\
\xbc\xa3\xe6,^\x00\xb3\xa5\x1e^!\xcdgQ\xc4(\
\xc8\x8f\xf7.\xb8\x80\x17:m\x93L.\x1c\x15S$\
I\x8eC\x04\xbf<f\x1a\xc5\xf3X\xb7f\x0dB\xdf\
P\xaa\x82V\xafY\xaf\x1f\x9d\x7f\x81\xbe\xf7\xe3\x9f\xe8\
\xe7\x17\xffZ\x17\x5c\xfa\x1b\x9d\xf7\xf3K\xf4\xa3\x9f_\
\xaa\x1f\x03?\xfa\xf9\xc5\xa4\x17\xf3~\x110\x9b?\xef\
\x97\x17\xeb\xbc_\x5c\xa4\x1f^\xf0K\xfd\xe8g\xbf\xd0\
\xcf.\xbaD\xbf\xbc\xf4r\x9d\x87\xd7w\xf1\xe5\xbf\xd2\
8\xf1b\x85(S\x14T\x96\x1cO\xde\x048~\x02\
!\xa3~\x8a\x8b\xacu\x1b\xd6\xd5k63\x0cFW\
\x11\xc11m\xfb\xe3<\xda\x0c\x9bG\xf9\xf3\xf7\xcd\xe5\
\x92\xcft'\xcc\x10\xeb\x9b!^_\x95\x89\xf8\xe6\xb4\
~\xf7\xdb\xab\xf4\xd5\xaf~\x0d\x0f\xf3c\xb5w\xeb^\
\xed\xda5k\xb5x\xd1\x12\x1ds\xcc\xd1\xfa'\xc2\x03\
/x\xc1\x0b1\xba'\xea\xa0\x87\x1fH\x9cv\x0f\xcd\
\x9d3G\x90Z=.\x84 0\xeb\x09\xca\xf3L9\
qbW\x9a\xa9\x09\xe2\xaa\xc4L\xfb\x08I\xe5Y\x94\
_\xc8f\x18\xdd.\xed+b\xca^\xbep\xe1\x02\xed\
\xb7\xdf>:\xeaq\x8f\xd5\x19\xa7\x9f\xc1<\xff\xa4\x17\
\xbc\xe0\x05:\xf2\xc8#k\xefw\x1d\x86\xe3\xa7?\xfd\
)\xb1\xe3\xcf\xe8?\xfe\xe3S\xfa\xda\xd7\xce\xd1o~\
s\x95\xa6\xa6;5_\xddc\x9f\xc6\xcbLBv\x01\
\xb9\xf0\xb1VWH\x97s\xa9\x92\xe4\x92A\xf2?\xfa\
\x99\xa5e\x08Y=\xc3\xcaU\xb7k\xd4\xff\xae\x02s\
[\x882x\x1b\x9d\x0e\xc8p\x0f\x1a\xb4q`\xb2\x22\
\xd7\x10\xceM\x17\xf9\xbdu\xe5\x1d\xfa\xd9\x85\x97\xea'\
._\x17^\xa2\xf3/B\xa6.\xbc\x5c?\xbe\xf02\
\xfd\x84\xfc\x8f\x7fq\xa9~\xfc\xcbK\x91\xbd\xcbu\xfe\
/\xaf\xd0\xf9\x94\x9f\xc7\xfb\x8f\x90\xd7\xf3I\x7fJ\x9b\
\x1f\xfe\xec\x97:\x1f\x99\xfd\xb9\xd7\x91\xbf\xec\x8a\xdfj\
\xe3\xd8\xa4dAf\xa6\xd5\x84n\x12\xf4p|\xea\x14\
2D\x8b\xe8\xa1\xc9$\x05\x07\xea\x83\x03d\x0a^\x8f\
Mp\xa3\x1b\x18\xa3\x82n\x1d\x9c\x83TD-\xdc~\
\x99\xe6/[\xa2\xedv\xd9Q\x03s\x87e\xf03+\
\x0a6\xc1\xf5\x1a\x19\x1a\xc6V\xd0\x99\xf1f?\x06\xc9\
\x81z\x16\xe3\x1b`\x0e\x03\xee\xda\xca\xdb&j+ \
\x81\xef\x00\xa1ECo=\x840\x8e\xdd\xe9 \xa3Y\
,\xa8\x8dl^R\xc82y\xbb9\xf3\xe7\xf1bJ\
\xd06\x98\x8frO`\x95\x05k\xe7)\xeb\xbe\xf1\x8d\
oL\xf7\xd4\xe2\xaf\x959m\xfeZ\xfd\xbd\xd6e1\
v\xaaT!\xf9\xa9k\xa0\x1eB\xf0o%Pp\x10\
o\xc93,t.\x0b\x091\xb0\xb8Jnt\x03\x82\
\xc3\x9aj/\xb7\x87\x93\x9e\xd1\xc6\xe3(\x8dfC!\
F%\xfa\x0aB%\x9b\xa5/Y\xdd\xf9$\xb2T\xf0\
\xed\x1f\xe3u\xb3\xb1\xad\x19K\xe3\x92\xd8Q\x00\x9f\x12\
\x91m\x0d\xf6iw<\x9f\x91\x85\xf3\xb5`\xd9\x22m\
\xbf\xd3r\x85\x22\xaa\x87QN\x8e\x04\x80\x18+2\x99\
ax\x1dT22\xe3&\xf9<0\x801\x93\xaf\x05\
\x81\x069\x99\x99\xfc\x17\x16V\xdcr\x9bb\xcc\xc5P\
\xba\xf1\xa6\x15:\xfb\x1b\xdf\xd2\xe7\xbe\xf0U}\xed\x1b\
\xdf\xd6W\xce\xf9\xb6>\xfb\x95s\xf4\xf9\xaf}S_\
$\xff\xc5s\xbe\xa3/\x9c\xfdm\xe0[\xfa\xfc\xd9\xff\
\x05\x9c\xab\xcf}\xfd\x9b\xfa\xbc\xffE\x7f\xde?\xf7\xb5\
o\xe8\x0b_u\xa0\xcfW\xbe\xae\x1f\xfe\xf4\x02\xad\xd9\
8.Y&\x17R3\xe8\xcb\xbc\x8eG\x0d\x15\xb4\x01\
\xa7$\xc9\x95n\xf5\x1dw`,\xa6$\xda\xb8@\xa7\
\x1aQm\xf3S\xcf\xe1\xe3\xff\x19\xf8\x80\x14\x91\xcc\xd2\
F\xfa\xf34\xa8I\xec\xaf$&x\xf5\xd5\xd7b\xc8\
\xce\xc6\xab\xfd\x88\xbe\xfc\xe5\xaf\xd4\xb1\xd4\x8d\xa3\xa3\xda\
m\xb7\xdd\xf5\xb4\xa7=\xb5\x0e\x03<\xfd\xd4g\xe8\xb0\
G\x1d\xa6\xddv\xddMs\xe7\xcf\x07kc\xd3(\x81\
\x1eC\x07\xf9\x91\xdf\x90\x17\x8f\x03N\xb2\xa2\xe6\xcaS\
\x00\x00\x10\x00IDATA\xb3l\xc5<W\x17\xa2\
O\xa38\xbe~gK\x9b8\xfe\xd4\xf4\x14\xf2W1\
\x7f\xa1\x18\xad\x0eW\xf8Od\x0c\x0c\xf4k\xe1\xa2\x05\
\x18\xe0}\xf1x\x9f\xa0g=\xebY\xcc\xfd\x22\x9dz\
\xea\xa9z\xc0\x03\x1e \xef{\xe9\xa5\x97\xd5?z\xf6\
\xc1\x0f\xfc\xab>\xf1\x1f\x9f\xd6\x1f\xfe\xf0'\x99\xd3>\
\xe4\xa4Q\xb2Hj\xc0,\xdd+\x88P\xa5YJk\
[\x1f\xa3\xa3\x0b0\x09\xa3\xd6\xdf\xb3_^\x11\x90^\
\xc9\x8d\xfe\x0d7\xdc\xa4\xf1\x89\x09\x192\xed\xe0\xbc\xf1\
v\xc9[\x80CYV*p4\x86\xe6\xce\xc5[\xad\
t\xcd\x8d7\xcb\xff\x97\x88/|\xf5ld\xea\x1c}\
\xfe\xab\xdf\xd0\xe7\x90\xc5\xcf}\xf5\x9b\xfa\xdc\xd7\xceU\
-\x7f_?W_p\xf9C\xee>\xffU\xca(\xff\
\x02\xb2\xf8\x85\xb3\xbd\xcd9\xfa\xf4\x7f~U_\xf8\xda\
\xd7\xf5\x95o\x9e\xab\xaf}\xf3\xbf\xf4\xd3_^\xa8;\
\xd6o\x80?\x91\x93UO\xabV\xacB\xee+e\xe8\
\xae\x99\xc9=H\xb9\x0e\x01\x01\xf0e\x194\xf2u\xf9\
j\x1c\xe8\xa0\x22/\xe4\xbcLJ\xa8YR\x1f\xc6p\
\x87\xddv\xd1\xc8\xd2EZ\xbe\xfb\xae\x9a\xbfdq\xed\
\x10\x89\x0e\xddn\xb7n\x1f\xc8\xcf\xae\xd7\xbf7A\x22\
u \x99\xfd\xd0\x88y\x05$:o\x06\xaf\xb3\x18\xea\
\xcb|\x81g\x9b\x93\xf5\xf8\xe8\xb8\xda845\x8e1\
\x0a\xb5\x07\x92\xc4Ds\xe7/P\x0a\x11C_\xd1\xd5\
\x80;?&c9\x8ey\xeaV)\xadoV\xdc\x9a\
\xdeY}\x9fs\xe1>\xb7\xfc\xb3\x86\x93\xbd\xdet\xb7\
\xdd\xbd\xb5\xect'SU\xe1\x84\x9al\xb3a\xa0-\
kG$@\x90\x1ddhxD\x01\x81)Y\x9d\x0b\
LF\x99`\xc8(\x0a\xe8\x7f\x0e/\xc948<\xac\
!@\x10\xa6\x12\xfd,1\x0a\x1f\x03\xfe\xe2\x93\xe4\xc5\
!\x89\x9d\xf5N\x80\xf5*\xb2\x0c%\x9aQ\xc1\xce\xef\
\xe3\x0c\x11Z\xd8u\xcf]\x15\x8a\xa8\x01\xf2\xcb\x96o\
\xa7\xbc\x91\xcb\xbdW3\x83\xce\xa6\x0c\xdcr\x88\xefB\
a\xac\x85\xddAVI\x8e\x821\x93\xb1\x98\xe4\x9a\x8d\
\x80'\x94]\xb4\x99&\xb4\xe0\xb7\xea^\x9f\xa8\x1f\x1c\
\x18Q\x0fC\xb3qlJ+o_\xab\x9bo[\xad\
\x15w\xac\xd7mx\xc0\xb7\xaf\x9f\xd0\xed\x1b'\xb5r\
#u\x1b&u\xdb\x86q\xadX\x0f\xac\x1d\xd5\xad\xc0\
\x8a5\x1b\xb5\x86~\xb7S~\xeb\xeauZ\xb9f\x83\
\xd6\x8dOk\x92#y\x95B\x8d\xa3\xcf#\xf2`\x05\
\xe3U?\x15\xf4\xac\xc0\xc5\x8f\x9c\xfe\xab\xba\x13\x5c\x10\
@h\x99\x99J\xca\x13\xf4\xa9\x1b\xfe\x8d_\xce3\x07\
\x1ffs\xea\xf9\xbb\x83\xf1:\x0b7\xdft+\xc6\xf6\
\xeb\xfa\xc0\x07>\xa8/}\xe9\xcbx\x8f\xbf\x85\xb4\x95\
\xf6\xd9{\x1fB\x07\xcf\xd2?\xff\xf3\xcbt\xd2I'\
\xc9\xff&\xc1n\xbb\xed\x86\x91l\xd5\xf5\xd1\x158d\
J\x86\xd0\xcb\xc4\x09_\x90T,S\x95\xa0\x03\x0a[\
V\xa6\x99N\x0f\x16\x04\x94\x96<4\xea\xd2 \x16\x0d\
5\x1bM\xc4*\xc9/`\x9c&\xfd\x84\x92\xfc\x02e\
\x8a\x0b[)1GOY\x96k\xc7\x1dw\xd4!\x87\
\x1cR\xe3\xf0\x92\x97\xbeT\xcf\xc7\xfb\xf5\xf0\xc64F\
\xfd\xaa\xab\xfe\xa0\xef~\xf7{\xfa\xd0\xbf~\x98\x8d\xe2\
\xab\xdaH\xc8A\x8a2p\x128\x08^K&\x1f\xaf\
B\x1e\x98\x90\xfc\xdf\xf2It\xae\x00O=\xf1\xb1\x03\
\xc3\x9aze\xa51\x8c\xedM7\xdf\xac\x89\xc9I\xca\
$o\xd5\xe9\xf5\x90\xf16\xefI\x0d\x1c\x95\x9c\x13@\
\x8c\xb92h\xe0\xb4\xd8H\xdbUx\xf1\xb7\xadA\x96\
\xd6n\xd0J.}o\xabS\xf2\xebF\xb5r\xfdF\
\xdd\x86\x01]A\xd9-w\xac\xd3-\xc8\xe9\xad\xb4Y\
A\xddm\xeb6\xeav\xd6\xbc\x1eZ\xdc\xce\xa6\xbf\x82\
\xfa\xd5\x9c\xeaf\xc0\xa5\xc9\x11=\xa0+\x1d.\xb8\xd6\
\xe0\xe9\x96\xe0\xe1\xf3\x06\x0b\xf0\x03\xcc\x5cG|\x09`\
YY\x92\x9f\x08\x1ccX&\x07\xbf\x10\x1c\x1c\x1aP\
\x87\x0d\xd20p\x16\x83\x86\xe7\xcd\xd1\xb2\x1d\x97\xab5\
\xd0\xa7\x16u\xdb\xed\xb0=\xeb\xc8\xd5\xebu\xeb\xd3\xef\
\xe8\xc6\x8dr\x1e\xfaX>\x86\xc3\x16\x168\xa9\x98\xef\
\xce\x8f\x17\xfc\x19\x80o\x83\x0d\xa9\xb6\x07\x8c\xe9N^\
\x85`9\xebJ\xd2\x102UJ\xeaU\xa5*p\xea\
\x1f\x1a\x92\xa0\xa7\x87\x1a\x927\xda4\xb8\x99\x8f+\xd6\
Y)u{\xe3VV\xd7)\xc613\x16\xba\xa9\xcd\
}M\xc2}m\xf8\xe7\xed\xfe06\xb6q\xc3\xe8\xba\
\x8b6n\xdc\xb8\xc1XX\x8912\x841\xa1\xe9\x9b\
\x0d\x81\x97\xbb!\x1ca\x07\x8eY\x81\xb2t\x94a\x14\
\x13T\xf3?\xa2\xd2\xc5S\x99\x1c\x9fR\xc5\xe5\xd1\x1c\
\x8e\x11s\xe7\xe2\xda3\x86\xef\x84=\xc6\x0b\x8c\xeb\xe0\
\xb7\xe0\x86\x85m4\x0abz]\x8caR\xcenT\
r\xb4*!d\x96\x05\xe5yT\xa2\x8f3t\xa0\x9f\
xT\xd5\xd3\xd4\xd4\xb8\xb6\x87\x89K\x96-&&\xd5\
V^d\xdai\xe7\x9d4w\xde\x5cu:3\x92U\
*\x1aY\x9d7\x93\x86\x06\x07\x15\x0d\x01B\x98,%\
\xa1j4Ir\xa1\xf2z_[\x06\xfe\x15\x02\xe8\x7f\
\xd3\xd4\x7f\x82\xa1=9S\xd7/\x98\xbb@\xcb\x96m\
\x0f\x1f\x0a\xc5\xbc\xa1f\xab\x1ff\x82Sl\xa8\xe2\xbd\
\xcc\x9aR\xd1'k\x0c\x90\x0e(\xe5}\x94\xf7\xa9\xcc\
[2\xda\xd6\xff\x8bD\x00\x17\xcb\xa8\xef\x97\x15-\xbc\
\x16\xa8\xc7\xc4\x88\xb3\x9c\x0e=\xd6\xda\xc0\xb0\x84\x10\xd5\
\x05\xc7\x98#0\xe0\xd9\xed\x95\xf5qo\xf5\xea\xd5\xac\
\xc9\x10\xa1 \xf7\x04\x11{\xfdw\xcf\xbd\xd6C\x1b\x16\
\xbf\xa5\xda\x0c\x02\xd5o\xb3i\x00\xd7\x04\x1f\xcd\xa2\x9a\
\xc4\xd0'&\xa6\x15,\x97{\xb7\x1f\xfd\xe8\xc7\xf5\xc9\
O~FW^\xf9{<\xb5\x19\xf9\x9f{|\xf6\xb3\
\x9f\xb5\xc9\xd8\x9e\xa8}\xb8\xd0\x9c\x8fW\xdb\xdf\xdf_\
\x8f\xd8\xe4f\xb9\xd1\x80\x0e\xac+\xb2\xee\xac\xd1_\xaf\
\xdf\x8a\xa6b\xa3OY\xb3_^nYS)\x142\
\xe2\xacE\xdf\xa0\x02}z)\xaa\x02\x97\x9c\xb6\x06.\
\x05\xc7\xd2\x064\xca\xf3\x82\xb1g\xc5\xdby\x96\xd8\x84\
Z\xad\x16\xbc\xee\x80\xa7\x97'\x0d\xc2\xef=\xf7\xd8C\
G\x1f}\xb4^\xfc\xe2\x17\xe9\xb9\xcf\x7f\xbev\xdbs\
O\xadG\xd1\x7f\xf3\xbb+\xf5\xa9O\x7fF_\xfe\xca\
W0xS\xda0:\xa6\x06\xfd\xfdTQ%7v\
M\xc6\x172\x95\xd7\xe9\xb6|\xb9\xb1t\xb2\xbaG\xe7\
:\xe3:\x9eey\xad\xd8Um\xc0\x82V\xde\xb6\xb2\
\xfeq\xba\x8cu\x95p6\x16\xb9\x9a\x18\x91V_\x9f\
\xbco\x09\xef+\xd668<\xa4,\xcf\xe5\xfd7`\
$\xb1'\xd0\xac\x014\x15\xa0E\x06\xad\x9c\x8eB\x16\
\xab\x98q\xa1\x0cP^A\xab\xd4h(A\xbf\xb2h\
\xa8\x22\xed@\xc7\xe9J\x8a\xccQf\xd0\x17\xfd\x1a\xc0\
8\xf6\xe3\x14\xf9\xda\xa7&\xa64\x01=r\xf8\x95\xd0\
\x85v{FY\x8c\x9a5\x8c\x95\xba\x180\x99dY\
T\x0f-\xe8\xb1=\x16\xc4U\xf3F\xae1\xff\xab\x5c\
\xd0\xaf\xc9f\xd1#\x0c\xb4\x04\x0fw\x09'\xd0\x1eq\
\xfa\x06\xf5\xfb\xdeo\x1f\xcd!\xc6[A\x0c\xbf\x9b\x10\
i\x17Y\x0f\xb9)\xa2\xab=.\xd8z\x84\x0c#c\
K\xae\x19\xaa\x9f\x1emJ\xf4\xdf_\xcc\xd0\x01\xe6\xf0\
\xb9\x15\x03\x0e\xdd\x90\xfa\xb1\x09\xa5\x02\xb4h\xa8\xc7\x05\
\xa0\x95\x09\xbb\x93\xc4\xfd\xb3\xb2\xbc\xa1.\xed\x0b\xe4x\
\x1e'b\x18\xa0\x08\x8d\xc4\x22*h[\xc1\x0b\x1f\xdb\
g\x0bY\xa6\xf5x8\x1bG7^3\x15#\xf1\x16\
m\xf5\x13\xb6\xba\xc7\xa6\x0e\xdb\x89\x0dk\xa6\xb3r\x9a\
+\xe7\xe4\x8b\x05i3\x16K}0\x16\x17\x82\xcc\xa0\
<\xe5\x1e\xc4v\x81\xcfXHpF\xb1\x88\x02\xe1\x9a\
b7]\xbf~\x1d\xbbZ)\xafw\xa3\x9b\x15\xb9\xfc\
\xe7\x0d\x9d\xe8\xfe\x1b/\xbe\x91\xc4\x18\xb8I\xee\xd6\x0a\
\x93\x91\xcf\x11.7\x80\x05iVd\x9a\xeeL\xd7\x7f\
X<\x92W\x1eTY\x09\xc3MCs\x87\xb4;\xb7\
\xdb#sGTA\xdd\x90G-[\xbeL;\xed\xba\
#\xf1\xafA\xb9\x10\x04\x98\xe7\xcc\x9f\xe4Bf\xe3\xf8\
\xc6\xbalhhP\x8dFC>o\x8cQ\x15\x0ce\
%*\xc0\xad$\xef\x17o\xfeK\x04\xb7r\xec[\x83\
\xa1\xb3\xd2\x94[\xd4\xf2\xa5\xdb\xab\xdb\xe9\xaatF\xb1\
\xee\x821*h\xd1E\x80K\x8cC\x89\xa7\xdaM\x06\
\x83C\x0d=\x84\xa0\xa4\xbeG\xdf\x04\xb8R\xb4\x06\x87\
\xa5\x98kr\xba\x0b\xce\x8c[\x14\x1aF\xd8eR\xcc\
\x82\x12\xe3\xf2\xa9\xc5-1V\x08\x99\xba(\x9e\xc7\xfd\
n[\xb5\x9a#\xf5\xb4\xb2\xbc\xa1\xc0xX(\xfdo\
<.\x84fV\x1b-\xdf \xdb\xc4o\x87\xd94/\
\xba\xe8\x22\xbd\xe3\xed\xef\x90\xc7I\xa79\xea\xef\xb0\xc3\
\x0e:\xe3\x8c3t\xe6\x99g\xea1\x8f9R\xbb\xec\
\xba\xb3\x06\x06\xfb\xe1wO+W\xddV\xff\x14\xc3\xf5\
\xd7_\xaf[n\xbeE\x13xt\x7f\xf8\xe3\xd5\xbai\
\xc5mZq\xfbj\xdd\xb6\xea\x0e\xddx\xcb\x0a]\x0b\
\x8do\xbau\xa5V\xaf\xdb\xa0QN\x17\x1b\x88m\xae\
\xc3\x03\x1b\xc5\xab\xefUA\xca2T:\xb2\xa1w\xeb\
\xb5\xcfp|\xf4\xcb\xbb.\x1b\xb9o\xd6\xae\x8cN\x83\
&\x0a\x85\x83\xa0\x08?\xddh\x0d\xe1\xd18?'\x88\
\x0dgy\xa6\x9dw\xddU\x87\x1d\xf6(\xbd\xf0\x85/\
\xd0i\xa7\x9f\xae%K\x97\xd48}\xf9\xcb_\xd5Y\
g\x9dE\xbf\x8c\x0d\xbfR\x87\x8b\xc1\x84\xf6M3O\
\xb3\x7f\x08%\xe8\xf8\xf0\xdb\x00I\x1d6\xfe\x12\xc7!\
G\x8e\xcdL%z\xe4x\xa7\xca\xa4\x10\x09\x1bu\xf5\
\xc7?]\xcb\x86\xba\x16\x99R-\x0f%\xc6\xa2,+\
UH@\x88\x91\xe5gr~\xf8&\xe6rb\x16\xb4\
f\xedZ\xc6\xee\xaa\x0b\xae\x1d6\xea6\xc7\xf4\x9aO\
\xa43\x9d\x8e\x18\x82\x8d\x0a]\x0dIU4\x95\xe8T\
\x89\xbe\x96\xc1\xd4\xc1`N\xd3\xa6bl\x16\xad\x9c\x0d\
\xb158\xa0e\xdbo\xa7\x10\xa32\xda\xad!\xc6<\
\x09\x1f\x0c9\xa7\xbb\x5c\xaf\x13\xf8\xcc`|\xbb\x18\xc5\
\x06\x06v\x86\xd8\xfa\xd8\xf4\xa4\xf2\xfeB\x8d\xa1>m\
\x9c\x1aS\xca\xa4\x1c\xc3\x19\x80\x8e\x1bY.C\x97\xef\
\xb8\xbd\x86\xfd\xa2\xb4\x88r\xc7j\xce\xbc\xe1Y\xa3k\
\x95\xfa\x08\x0b\x19\xc6\xb6\xd6O.K\xabP)\xf6\xe5\
*\xfa\x1b\x9a-/\xe5\xbaff\xa0\x1a\x15\xc0m3\
\x98\x99@InG\xba\xe09\xc0\x1cy^h\x02\x0f\
\x7fl\xc3(\x0eU\xac\xeb]\x9f\xcc\x22\xf4\x0c\xca\xd8\
\x08\x06GFd\xc1\x04\xf9%\x86\x08\x16d\x06\xad`\
\xbao\xdc\x0e\xd3\xd3\xd3\x93S\x13\xd3\xa3l\xda\xa5\xb6\
\xe1\x09\xdb\xd0\xa7\xee\xe2\xbf\xfe\x16z.'H\x0dF\
\xd4\x91K\xd4\xf8\x22\x9c\x01\x06\xb2\xc9\x91\xa5l\x00\xa3\
102\xac\xd8( \x82\xe4B\x92\xc5L\xd3xG\
\xeb\xb8Pq\xa3\x1db\xd4\xfc\x05\xf3\xd5\xdf\xd7\xef\x83\
B\x84\xa4\x8c\xf6\x11\x85p\xdd\xea\xc1L\xdf\x96B\x0c\
\xda8\xba\x01\xcfc\x03\x86\xab\xa7\xac\x95\xd7\xd0\x8dI\
\xa33\x13R\x11\xeat\xbc3\xae\xe6@S\xcbw^\
\x0e\xe3\x1b\x8a0O\xd6S\xd1\xcc\xb4`\xf1BY#\
h\xb2;\xa5\xe9\xaa\xa3T\x98\xca,ih\xc1\x5cM\
`|\xefX\xbfV\xe3\x93c\x9a\xc4S\x9eD)+\
7\xd80\x14Y\xc7`\x94\xb2$E\xd6\xb7\xe2\xd6[\
\xb5\x06C\xd7\xccr\x0d\x81\xf7\x1e\xbb\xec\xc2\xf4\xa6F\
\x86t\xa5\x8a6\x02\xe5\xae*\x8c\xa2x\xf7q\x12\x1e\
\xb8\x0b\x82\xd3\xa8D*\x5chf8n\xf5\x10\x0c\xf7\
d\x13\xcc\xed1\xd1l\xe8e\xbd\x12s/]\xbaX\
\x90\x12\xa3_\xcc\xd2\x86\xb6\x01|*\xd2\x04}C\xcc\
\xb5\x8e#\xe3\x15W\xfcZk1NB\x88z\xee\xea\
x%\xf5\xff\xd3\x9f\x82\x8d\xc0\x0d\xda\x06\xe6\xeco\x0d\
(\x84L?\xfb\xd9\xcf\xf5\xf1\x8f\x7fB\xbf\xf9\xcd\x1f\
\x95\xe7\xb1\xfe\xdb\xbc/}\xe9?\xe9\xe4\x93O\xd4\xc2\
\x85\xf3\xb4p\xd1B9\xefV\xac\xb8U_\xff\xfaW\
\xf5\xba\xd7\xbdNox\xe3\xeb\xf5\xaaW\xbdJO\x7f\
\xc6\xd3\xf5\x8cg>C\xaf\x7f\xfd\xeb\x89\xb5\xbeX/\
\xfa\xa7\x97\x00/\xd5\x8b^L\xea\xf0O/\xd5?\xbd\
\xf4ez\xe1\x8b\xfeI/|1@\xfa\xe2\x97\xbcT\
/}\xd9\xcb\xf5\xcf\xafx\x95^\x0e\xbc\xe2U\xff\xa2\
\xd7\xbc\xfe\x0dz\xedk\xdf\xa0\xd7\xbd\xf6\xf5\x8c\xffF\
\xbd\xe1\x0dgn\x81W\xbc\xe2\x15\xc4\x96\xff]\x1f\xfb\
\xd8G\xf4\x82\xe7?Oo\x7f\xfb[u\xfd\xf5\xd7j\
\xde\xfc\xb9j\xf9e\x1ck\x1aFF\x0f?\xfcQz\
\x06\xf8<\x8b\xb8\xef\xde\xfb\xed\xab1\x8e\xea?\xfc\xe1\
\x8f\xf5\xd5\xaf|M\xe3\xe3\x93\xca\xd8\xa4}C\x86\xb3\
\xf0\xa6'\x05\xdbf\xf2:\xefc\x86\xbc`\x84\x9c\xef\
1D\xf8l\xcc\x91\xd5\xe9\xf4\xf4\xb4~\xf7\xbb\xdfi\
l|\x5c\xce\xef,\xcfE\x05R\xc3\xec\xf0\xd6\xfb\xf8\
\x18\xddnG\x0b\xe6\xcd\xafe\xc3c\xbf\xa3\xf0\xa5\x89\
\xd7\xda(r5\xe9\xd3\xc83\x15\xf0\xa4\xe1\xb8\xb3q\
\x1b\xda\x15\x80\xc4v\xe5y\x07\xcf3j=~\x8e\xd1\
t\xb9\x9b\xc2hv\xfc\xb7\xd9\x90\xb3\x919#\xea\xb1\
ID\xe6\xbd\xf9\xda\xeb\xd5c\xd3\xa9\x11AV\x0d\x85\
(1\x03\x19\xeb\x88\xcd\x1c\x1d\x9aT'u5\xbc`\
D\xd3\x18\xd7[n_\xa1\xbe9\x03Z;\x8e\xceZ\
)eR[]-\xc4\xc3\xddc\xdf\xbd\xd4\xc0\x88\xa6\
\x80F@\x8b\xb9\xc4\xdew\xda}gu\xd0\xd5\x1em\
\xa7zmM\x11:\xadX\xfadoF\x93\x9d)\xc6\
\x9f\xd2\xd8\xf4\xb8&g&5\xd5\x9e\x92\x1be\x05P\
g\x0c7\xdc\x15\x06\xdb\xc1\xf1\xb2hj\xf5\xf7\xa9\xc9\
\xa9\x0a\xd45\x8a~L\x8c\x8d\x8b\xe5\xd3%\xc8\xa0y\
%\x1e\xf8\xd8\xc7\xc9gd\xce\x1c\xc1\x00\xc9\xc4S\xd7\
\x90JfV\x83\xea\x9e\x9aa\x0d3\xe3\xe3\xe3>$\
E[\xf7\x09[\xd7\xfc\xee\xadc\x96R\x16c/\x92\
\x01%\x84\xb0R\x85\xd1(\xd9-\x13FF2!-\
\x1a\x18\x18\xd2\xdc\xb9\xf3\xe5O\x85\x81vf\xf9\xb1\xa4\
\xc2k\x9c\x9c\x98T\x8f\x1d\xbe*\x93F\x86G\xf0\x9e\
\x06\xe4\xbbr\x8cQM\x98\xdf\xc6 \xf9\xee\xd2b\xc7\
-\xbd\x1dG\x929\xec\x86\x830\xd1\x19\xbbnl\xa3\
\xa6`l\x1cl\xa8j!J\xcd\xa0I\x98\x94\x1aQ\
C\x0b\xe7h\xf1\xf2\xc5\xe0P\xa9\xe4\xa0\x93\x90\x98\xa1\
\xf9#\xday\xcf]4\xb2p\xae:\xec\x9c\x13\xe5\xb4\
\xca\x5c*1\xbc\xab\xc7\xd6*C\x00\x06\xe6\x0d\xc9\x10\
\xa0\x02e\x1c\x9e3\xa4\x18\x03\x9e\xf4\x0c\x9eCW\xae\
p]\xf7\x1e\xc0k\x86`\xfc*<3c\xbd\xd1$\
\xff;\xa6\xc3}-\x05\x0c\xab\xff\xd6\x5c\x89\xc0d\x08\
N\xc1<\x91#\x91xO\x80\x81o\xe0=\xb2\x16\xa3\
o\x00\xbb\x88\xa0\xccLMh\x06#\x1f\xc1U\xb4\x19\
\xdb\xb0^\x1d\xbc\x87E\x08\xa2\x0b\x90\xe3\xd1\xc3\x83\x10\
m\xf3<\x83\xdeI\xee\xc9y,3\xc4L\x97\x5cz\
\xb9\xae\xbb\xfeF\xf9ox\x95\xc9\xc4\xc7I\xbe\x05\xb6\
IB\xb6\xf4\xbe33CL/\xcf\xf3-\x9b\x80\x1b\
\x86\xaf~\xf5\xab\xfa\xd3\xd5Wk\x0e|\xf1X\xed[\
\xde\xf2&=\xeca\x07\xd0\xa9R\x13\x8ff\x8aM\xac\
\xaf\xd5\xd0*<\xdco}\xeb[\xfa\xf5\xaf\x7f-\xdf\
$\xae\xba\xeajU(\xf5\x9f\xfex\x83\xfe\xf8\xc7?\
\xe1\xfd\xde\x5c\xffW@\xd7^s\xadn\xbe\xe9\x16\x8e\
\xd7\xabHo\xd6\xef\xaf\xfc\x83~u\xc5\x15\xba\xf2\xb7\
W\x11\xc2\xf8\x93\xae\xfc\xcdU\xf2\xff\xa5\xe1\x97?\xbf\
P\x97\x5cr\x09p\xb9\xce\xfb\xd1O\xf5\xc3\x1f\xfcT\
\xdf\xfb\xdey\xfa\xfe\xf7~H\xfa\x03\xe2\xb3?\xd0\xb7\
\xbf\xfd\x03}\xfd\xec\x1f\xe9\xdcs\xbf%\xff\x15\xe2\xf3\
\x7fr\xbe\xce>\xfbl}\xf4\xa3\x1f\xd5\xca\x95\xb7\xe1\
!\x8f)a\x06\x06\x06\x9b\xe0\xb7\x92SW\xb3\xf6\xcc\
_\xfa\xd2\x97\xea\xfe\xf7\xdf_~\x94\xf7\x9f\xef\xf5\xb6\
\xfe\xa3\x8d\xbe\xe1\x84\x10\xf0r\xdb5\x0dX\xe4_~\
\xee\x03\xb1#2\xee\xe0\xe3\xb9\xe1\xcc\xa0\xa9\xf3,\xcb\
\x0a\x95\xbd\xa4[\xb8\xa8\xbd\xfe\xa6\x9b\xe5\xbc\x8dY.\
\xb3 3\xf8\xbai\xec\x8a\xcd\xdc/\x86P9-[\
\xb6\x0c\xa3\xd8\xd1\xf4\xe48\x1b}O\x099q\xa80\
\xc8\x95{\xae@\x89\xd1\xac\x80Y9\xec\xc8\xa8\xa3\x93\
\x84<;$RCo3\xe6\xe8\x22we\xb7-l\
\xb4\x16\xe0%.\xe12|x\xa0\x9f\xb6=N&7\
+\x8f\x81\xba@\xb7\x19Ux\xd0\x09\x99\xcc\x8aL\x15\
\x068e&wdFg\xb0\x92\xe3\xaa\x00\x00\x10\x00\
IDAT\xc65c]\x15\xc3-\x8dv'T6\
\xa4^Qi\xda\xda\xea\xc5J\xf3\x96.\xd4\xc2\xed\x17\
\xabD?&\xda\x93\xea\xe0\x00\x15\xc3}\xdam\xbf\xbd\
\xd4\x1a\xe9\xd7\xba\xe9\x0d\xb4/e}\x99z\xde\xa67\
\x89\xae\xd3\x97|\xde\xca582\xa8\x91\xb9\xc3\x8ay\
T\x0f\x9d+\x91\xa3\xdaF\x90\xbaL%\xb8Z\x14\x85\
\xb6\xc3K\xf7uU\xe8l\x0f\x9a%h[r/\x10\
C\xa6\x18rU\x10=Y\xd0\xf0\xdc\xb9\xea\x1b\x1a\x94\
0\xc0\xba\xeb\xe3\x04\xf6w\xca-\x04\x8b(c0+\
\xbdh[ lK'\xef\xe3\xbf\x89a\xca{!\x84\
)$\xa1\xc4\x02\xf0I\xca\x10$\xcaX\xae\x89rY\
\x88\x0a,|\xd1\xe2\xc5r\xe3JCEo\xc3\x22S\
\x954\xb6ql\xf6Ww\xcd\xea\x8b\xb4\x1c\x17\xdf\x09\
\x95xo#8\xae\xe0!D\xb9@R$\x05\xabw\
\xbbT\x04\x09o\xb5WH\xed\xbc\xd2L,\x95\xfa3\
m\xe8Mh\x22v5\xb4d\xae\xb6\xdf}\x07\xcdY\
4W\xca\x91R\xda\x95\xa1\x94\xe5\x06\xb3\x17h\xc9\x8e\
\xcb\xd47wP%\xe3Le\x95\xa6\x10\x8e\x09u\xb4\
\x11\xc6\xce\xc0\xd4\x0c/\xd9\x10\x22?&\xb9 \xe5\x05\
\xccaU\x19\xc6.\x82\x0f\xb2\xa5\xc0\xb0\x7f\xbc\xf2w\
\xea\x12&ieQ\x8b\xe6\xce\xd1n;\xed\xc8\xfb\xa4\
\x22BP\xd0\xa8\x88\xa6&\xf3\x16\xa9\xad\x02\xa1j`\
l\x1bx\x01y\x0d\x1d\x15\xd6\xd1 \x1b\x84\xffJ)\
\xb2\xa5\xfe\x86\xb7O\xca0\xc8yDl0\xbe#\x18\
~7\x5c\xbe\x91U\x8c+\x1e\xa7I\x08\x01\x9a\x1b\x02\
\x97\x14Q\xca\xf5\xeb7\xea\x17\xbf\xbcH\xfe\xf7\x06\xfa\
\xfa\x06\x14B\xa4\xe5\x9d\x1f\xbb3{\xdfs(\x93\x1c\
\xee\xd2#\xc2?7\x0c\x01\x0f{\x92#\xbf\xc7n\xaf\
\xc1HVl\x8a\x8fx\xc4\xa1z\xc9K^\x0c/\x07\
9\x1e\xcf\xa8\x7f\xa0\xa5\x02:\xe6E\xe4}Z%4\
h\x11\x93l4\x0a\xca\x0b\xe5\xd4\xb9\x9c\xe4\xd05\xcf\
(C\xcbshF\xa2\x08\xfdL\x95\x0co?\x80|\
\x16\x83r*\xa8\x96\xa0C\x89\xb2\xfb\xe5L\x9bM\xa0\
\x8b\xe7U`\xb42\xf8\xe0\xedB\x88\x88JT$\x8d\
!\xb0\xf1G\x8ck\x87\x90\x81\xb1q\xe6*\x1a\x19\x9b\
\xd3\x041\xe7\x095\x9a\x19\x9c\xed!\x9fm\xc5B(\
aW\x8e\xcf.\xbb\xec\xacC\x0f=\xb4\xbe\x98s%\
\xfe#\x9b\x8a+\xf6\x14\xf3\xb9\xf26\x1a\x0d\xb9\x92\xeb\
\x9e\x1e\xf0\xbd\xa7\xe2\xbb\x969?=\xbe\xe8kH\x9b\
\x14{\x86u\xc4\x18\x99\xb3\xcd\xa6r\xb1\xee |\x95\
g\xb9\x12\xba\xd2!d\x82\xbdP\x8f\xb6\x15\x1ef\x91\
7\x14\xd9l\xfb\xd9\xe8w\xd9ig\x0d\x0d\x0cj\x12\
/n\xfd\xba5\xc2\xee)c\xb2\x0c\x1a\xe65T\x84\
\xc0\x1cJ5\xd4S\xb3\x96\xc3^-\x93.\x8b\x0d\x8c\
m\xc1\xb89\xb46\x8co\x13\x1c\xfa\xb2L\x05\x94\xd9\
\x11\x83>\x07\x83[\x11\xc6k\xe3\x18\xacY\xb9RX\
[E\xfaD\x0b\xca\xe0I\xa2_\x8f1;\xeeT\x14\
\xa6\xfe\xe1\x01MUmu\x90\xfdA<\xdeI\xf2\x0d\
\xf4\xad\xdd4\xb5\x0b\xa95\x7fP\x8bvX\xa2>\x8c\
k\xec+\x94\x0f4d\xcd\xc8\xe9\xb5\x83!^\xa4e\
\xe8n\x0f\x07J\x18\xec\x1e\xe3\xb9\xe1m\x0c\xb6\xd4\xef\
\xed\x9b\x19\x06\xba\xab\x99\xb2-7\xd6%\xba\x12\x1c\x87\
 \xb9\xae&UBh$p\x8f\x08\xcb\xdc\x85\xf3\x14\
bT\x851&\x1c\xaa\x0e4\xae8\x09:\xee\x01\xd9\
p\x9e\xd2CK\x96.\x15\x8b\xa1\x9fd\xf5\xbf 3\
c\x14F\x826u\xc6P\x06\xb3\xb6\x95Vr\xbc\xd3\
\xb6<a[:y\x9f7\xf2\x15C\xa8L\xb8\x08\xc2\
U#\x13d\x08zP\x08\x91e'\xd5\x0fyOw\
X\xbe\xdc\x13\x16^*\xc4(\xfa\xd6\x02\xbbf\xcd\x9a\
\xfa\xb7[\x14\x82\x86F\xdc\xd3\x1d\xac\xd7\xd6\xc3\x0b.\
\xf2B\x0d\xbcM3\x93\x1fs<\x0ew\xe0A\x0f\xd7\
\xf1\xa7\x9c\xa4\xc7?\xe5\xb8\x1aN>\xfdT\x9dt\xda\
\xa9z\xccq\x8f\xd7c\x9e\xfc\x04\x1ds\xd2\x93\xf5\x04\
\xe01\xc7\x1e\xad\x07\x1e\xf8\x10\x98\xd9\x84\x91]\xb9\xb1\
\xed\xa2\xa8\xd3\xddi\xcd\xc1\xcb}\xf8a\x87\xe8\xa8\xe3\
\x8e\xd1\xe3O:N\xc7\x9e|\xbc\x1e\x0f<\xe5\xb4\xa7\
\xd5\xfd\x0f{\xfccu\xc4\xd1\x8f\xd5\xe3\x8f\x7f\x92\x8e\
<\xe6q\xf2c\xe6\x00\x17\x15=\x1855\xd5f\x95\
\xa6\x06\x1b\x09|\xd6\xf5\xd7^\x87\xa0\x8f\x12R\x88\x9a\
\x8f\xd1\xddk\xf7\xdd4\x80\x87\xde\xd7\xc89\xda\x05\x19\
\x82\x91\xc3\x9f\x81,i\x00\xe3\xde\xc7\x061PH\xfd\
E\xa5>\xca\x1a\xf00\x963\x8a\xb4\xebg\x13\x19`\
\x13\x08\xbc\xf7\xfc\xf8\xb4q\xad\xbax&C\xc4\xd4\x86\
\x99_P\xd5\xcc4\xab\xa0I\x06\xcd\x1cf\xa6g\xa0\
O\xa9\xa2\xd1\xaa=\xbe_\xfd\xea7\x18\x94vM\xc7\
\x9a\xe8\xff\xa3_\xa6\x06\xf3\xf8\x9c\x93\xc4a\x1d\x97u\
\xdc\x94\xcf`\x88\xfa\x08\xb1\x9cv\xdai\xf2\xdf\x00\x0b\
\xc1\xd4\xc5Srp%\xe8\xb0\x8e\x0eGU\xffi\x85\
\x13\xe1\xcfQ\x8f;RG\x1du\x84\x0e;\xec`\xed\
\xbc\xd3N:\xe2\x88G\xe9\xd0\x83\x0f\xd2C\x1f\xf4`\
\x1d\x8c\x87|\xd0\xc3\x1e\xaa\x07?`\x7f\xdd\x7f\x9f\xbd\
\xf5`\xbc\xcdC\x0f<@\x87\x00\x0f}\xe0\x03t\xff\
}\xf7\xd1\xfd\xf7\xdbG\x07<\xf8\x81:\xe8\x80\x07\xe9\
!\xb4\xdbo\xef}\xb4\xdf>\xfbi\x9f\xbd\xf7\xd7>\
\xfb\xec\xaf\xfd\xf6\xdb_\xfb\xef\xff\x00\xc0\xd3\xfb\xe9\xa1\
\x0fy\x00!\x8f}\xf5\xf0\x87\xef\xad\x85\x0b\x17Q\xbf\
\xaf\x9e\xf0\x84c\xea\xcd!\xc6\xa0\xc4\x89\x83@\x9dF\
F\x86Ta@\x5ci\x13Fe\x00c\x93P\xd6A\
b\xc0\x1ew\xf6u\x0e\xe1\x0dE\x0c\x92\xe7\x13\xc6p\
\x9b\xc9K\xdf\x842\x17\xc8R\x93\x93\x5c\x08AU\x99\
\x14\xd1\x8fU\x18\xdb\xcb.\xbb\x5c3\xd3\x1d\xde3U\
f\xaa\xe0\xa81\x99!\x81%F\xb7Y4\x94\x85\xa8\
\xbeV\x9f\x16p1\x99\xc7 \xff\xebw\x93\xa3\xa3\xc8\
^\xa6V\x91\xa9\x0f\xe8od\xc8[\xa6\x01\xd2\x01\xde\
\x07\x91\xb1\xa1\x1a\xa2\x86xw\x18$u\xe8cn\xec\
\xa2\x86[\x0d\xb5\x10\xf0\x9c9\x97\x11\xf6\x1bl\xe6\x0a\
l\xaakV\xad\xd2\x06t\xb6\x87\xe7\x9c\x08)\x14y\
\x94\xe3\x0fJj\xf5\xf7\xe9\x90G\x1d\xa2\xe3N<^\
G\xa1\x7fO\x7f\xf6ir\xfd<\xe4\xd1\x8f\xd2\x09\xa7\
>UG?\xe5Iz\xdc\xf1O\xd4\xe3O<NO\
D\x06\x1ez\xe8\xc3\x95\xf574E\xd8\xa0\x17*\x95\
\x994\x93:\x9a\xbbt\xa1\x1e\xfd\xc4\xc7\xe9IO}\
\x0ap\x22\xba\xf9d\x1dw\xd2\x09z\xcaSO\xd2\x09\
\xa7\xf0\xfe\xa4\xc7\xeb\xb1\xe8\xe5\xe3\x1e\x7f\xb4\x0e?\xf2\
p-&\xfc\x96\xe5A\x19\xeb\x8f\x80\x99\xa9~<\xe1\
\xbd\xc5\x85`\xde\xd7R\x87B\xff\xd5p\xe7c\x80\xd6\
R\x10\xe4\x87\xdf\xe8R\x0c\xda\x91M\x96&\xaayo\
b\xe5i\x0b\xc8\x1f\xca\xe8\x00\x87\xb0yY\xd6]\xb3\
\xf7\xde\xc9\x8b\xb7\x16\xc2\xd6v\xd8\xdc\xfeMdRV\
Nu:\xdd;\xaa\x0e\x81\x16\xb0w\x9c(\xae\x11\xf5\
T\xbexvY!\xbc\xcb\xb9T\xc9\xf3\x5c.d\x1e\
~\xa8\x10\xe4hA\x13\x04\xe4\xd7\xdcq\x07\xbb\x0f^\
\x11\x84Y\xb4h\xb1b\x16\xeb1,\x98J?\x0e\xf8\
\xd8\x16\xf0Dzj\x0d\xf4\xeb\x81\x07\x1f\xa8\xa3a\xc2\
\x93N>AO8\xe1I5\x03\x9f\xf4\xd4\x13t\xd2\
\x19\xa7\xea\xe4g=C'>\xf3iz\xcc\xb1\xc7h\
\x9f\x07\xed\x0f#M3e\xb7\x16XwM\x03\x1e\xd7\
\xc0\xbc\x11=\x981\x8e\xc2H\x1f\x7f\xea\x89z\xf2\xd3\
O\xd1\xf1\xcf8YG3\xd6)\x08\xca3\x9e\xff\x1c\
\x9d\xf0\x8c\xa7\xea\xd1\xc7\x1c\xa5\xbd\xf6\xdf\xb76\xfc\xd3\
\xec\x8e\x19\xf8\xbbg\xe3\x1b\x02\x9cR\x84i\x1b\xd7\xad\
\xd7\x0a\x8e\x80\x09!\xec+r\xed\xbf\xcf\x9e:\xe6q\
\x8f\xd11G=ZG \x80\x8f=\xe2\x91z\xfc\x91\
\x87\xe9\x09\x8fq8\x5c\xc7>\xe6p=\xf1\xb1\x87\xeb\
I\xd4{\xd9\xd1\x8f~\x84\x0e;\xf8a:\xfa\xd1\x87\
\xe9q\x18\x9e\xc3\x0f=\x88\xfc\xe1\xf5\x1f2\xdf\x8e\xb0\
B\x810\xf5\x0f\xf4i\xfe\xbc\xb9ra\x08\x08G\x05\
={\xd0\xa5B\xf1<\xef\x9cw:\x95\x88\xc3\xed\xab\
\xef\x90\xff\x19\xc4\xdf\xfc\xe6Ju9B\xe9\x7f\xe1\xe9\
\xb0V\xe7\x9f{z\x01\xe1\x9d $b\xf0\xa7\x0f\xef\
zrrJ\x5c\xee*\xc0\xbb\xfe\xfe\x16\x9e\xe4\xb4*\
\x0cZ\x1f\xbc\xed\x87w\xf30\x0e\xfe\xcb\x09\xaf|\xe5\
+\xf4\xf2\x97\xbfB\xff\xef\xff\xfd?.\xaa\xde\xabw\
\xbd\xeb\x9dz\xe5+_\xae7\x9f\xf9z\x9d\xf9\xc6\xd7\
\xeb\xcdo|\x83\xde\xfa\xe67\xe9\xedo}\xb3\xde\xf6\
\x967Q\xfe\x06\x9d\xf9\x86\xd7\xd5\xe9[\xdf|\xa6\xde\
\xf2\xa63\xeb\xfc[\xde\xf4\xc6\xba\xde\xdb\xbd\xe5-o\
\xd5\x9b\xdf\xfc\xe6\x1a\xde\xf2\xe6\xb7\xe8-o\xd9\x0co\
\xd6\x1b\x19\xcfc\xc6\xaf}\xedk\xf5\xeew\xbf\x938\
\xf0?\xebQ\x5c\x9c\x0dcLk\x12!\xa7\xcdf\x83\
\xcd\xab#\xff\xdf \xc6\xc67\x12\xea\xb8A?\xfa\xd1\
\x8f\x94a\xac2x\xbb\xef\xbe\xfb\x10*i\xd1\xdc%\
\xddTB\x7f3\xcfS\xb4\x0d\x1f\xe7\xa5\x83A+\xd7\
\x0b\x87<\xcf8\x11\xb4u\xf9\xe5\x97\xe9f.\x18k\
\xdeb\x9c\x83\x059\xad+\xe6\xa9\xd0\x07o[R\xde\
\xc59\x99O\xe8n\x0e\x17\x99\x15\xf9E\xd0\xf71\x8f\
>\x5cG<\xf2P=\x1a8\xd2\xff8>\xf0\xe8\xc3\
\x0e\xd5\x91\x8f:T\x8f9\xec\x11:\xe6\xd1G\xe8\x09\
G\x1e\xa1'\x1e\xf9\xe8\x1a\x1eO\xfax\xde\x1f\xff\x98\
#\xea\xf2\xa3\x89k?\xe6\x11\xb4;\xe2\x08\x1d{\xd4\
Q:\x80Mm\xde\xc0\x90\x06\x1bM]\xfb\xc7?j\
lt\xa3\xf2\x10\x15-(\x81C\x8f\x13i\x0c\xd0\x01\
\x1a\x0e\xb2!\xed\xff\x80\xfb\xeb\xb0#\x8f\xd41\xc7\x1f\
\xa7\xe3N}\xaaN<\xf5\x14=\xf9\x94\xe3\xf5\xc4\x93\
\x9f\x8c\xf1=E\xc7\x9d\xf2\x14=\xfa\xf1\x8f#\x8c\xb0\
\xa7\xba8$\xd3\xf4o\xe3\x10\xb5\xf1\x94\x85\xf1\xf7\xf8\
\xefC\xd0\xcf\xe30\xba\xc7\x1c\x7f\xac\x9e\xf2\xf4\xa7\xea\
I\xe8\xfb\x13\xc9\x1f\x8b#t\xe2\xd3N\xd6S\x9fy\
\xaa\x8ey\xe2\xe3\xb5\xf7\xde{\xa9\xd9,T\xb2\xf6\x8a\
1*d\xcd\xc0\xc3\xc1e\xd07\x84ab\xf5\x06~\
~\x22\x1acC\xaap\x9e\x0aN\x0f\x82\x8e\x15\xf8;\
=3t{\xf9\x0e\xcb)\x82\xc2\xf0\xd4\xcc\xc8ct\
i\x13\xc8\xfbX\x0c\xab\xaa\xecM\xa1wk\xb2\xd0\x9b\
\xfc\xc3\x1f\xfe\xe0\xec\x81#[\xf7\x09[\xd7\xfc\xce\xd6\
o<\xf3\xcc\xd4\x1e_\xbfarr\xe2*`\xd2\x11\
\x17\xa6\xb2\x06\x10M4\xad\x01\xaf\x81K{\xcd_\xb2\
P\x0d\x940\xb0\xb8\xdapq4\xcc`\x5c\x9b\xa3y\
\xfd\xa3W\x18\xb5H\xdd\xbc\x85\xf3U\xb0\xfbE\xbc\xbe\
6G\x95\xe9\xc9\x09\x85\x10\x94Y\x01\xb3gt\xc1\xcf\
/\xd2g?\xf1)\xfd\xfa\x92K5I<82F\
\x0c\xd4\xe7A\xc6N\xd9f\xa7L\xad\xa8\xae\x1fIZ\
\x0d\xb5\xd9\x9de\x91\xe3b\x83q2u\x88cq\xf9\
(\xcb\xa3*\x0cpjf\xf2\xe3K\x95\x05\x0d\xcc\x19\
\xd64\x06\xa473\xad\x8d\x5c^\x5c\xf8\xb3\x9f\xea\xeb\
_\xf9\xb2~\xf3\xdb\xdfj\x0aO-C)\xf3fK\
UeRW\xca\xaa\xa84\xdd\xd5uW\xfeI\xc8\x8e\
\xfa\xf2B{\xec\xbc\x93Nx\xc2\xd1:\x99\xdd\xf8\xa9\
O:F\xcfF\xd8N;\xf1X=\xed\xf8'\xe8T\
\xe0i'\x90b\xecO=\xee\x09z\xfa\x93\x8f\xd53\
\x11\xcc\xd3\x11\xa83\x10\xc4\xa7=\xe5\xc9z\xca\x93\x9e\
\xa8\xa7\xb3\xa3;<\x1cO}h\xb0\xa9\x06\xb4\xf0\xff\
\xbd\x00\xb2*\x86\x5c=\xff]\xcfd\xe0\xa1Z02\
\xd6\x12\xc1\xbf\x83gi\x16\x89\x7f\xfeI?\xfa\xe1O\
t\xdb\x8aU\x8a\x11\x1c\xe9\xe8J\xaaMO\x0f\x015\
c\x0d\x9b\xde\xff2A\xd8\xa8f\x0a9\x88<3m\
j\x96T\xe2\xe1\xe4\xcc\xe9|)\x8a\x5c\xcb\xb6\xdbN\
!\xcb4\x0e\xaf\xbe\xf8\xe5/q\xa9\xb7^\xfe\x8b\x0c\
!\xe6\xf4\x09\xb5\xf1\xaf\x90e\xffE\x85.\xf4\xb7`\
\xb5\x879\x87\xd8\xfc\xbc\xf9s4B\x1a\xf1\xfc\xb7\xdb\
~\xa1\x16,\x1c\xd1\xfc\xb9C\x9aO\xd9\xd2\xc5\xf3\xb5\
=1\xbf%K\xe6k\x0e\xb1\xe2\x05\xf3G\xb4\xdd\xb2\
\x85\xda\x91\xd0\xd0\x8e;,\xd5\xb2\xa5\x0b\xb4d\xf1<\
m\xbf\xdd\x22\xca\xb6\x03\x96j\x87\x1d\x96\x00K\xb5\x9c\
\xfa\xe5\xcb\x97h\xbb\xed\x97h{R\xff\xb1\xa4\xddv\
\xdfE;\xef\xb2\xa3\xf6\xd9oo-Z\xb2D\xa5\xcb\
\xa6X+X\xa6*\x03O)\xc1\xdbI.x/\xbb\
\xf42}\xecc\x1f\xd3o\x88=g\xd1\xf4\xd0\x87<\
\x08\x0fz/xQ\xe0(\x8c\xbb\xf2\xa1\xecMx\xc0\
\xc2\xe8\xbf-\x9fdA\x0e\xbe\xa1\xf70\x16~\x12\x08\
\x99i\xed\xfau\xfa\xf9\xcf\x7f\x01=\xa7\x14\x02\xf2\xd9\
\xad\x98\xc7`\x03\xed!d\x02o\x03\xa7.\xa1\xa7\x1e\
\x0e\xc5\x12<\xbd\x81\x81\x96`\xb5v\xddy{\x9dr\
\xc2\x13\xf5\x8c\x93\x9e\xa4g\x9e\xf8\xc4Mp\xac\x9e\x89\
\x97\xf9\x0c<L\x87S\x91\xbf\xa7\x01\xa7 \x83O}\
\xf2\x13\xf5T\xe4\xf0\x14\xde\x9f\xc6\xfb\xd3\xe9{\x1am\
Oy\xe2Qz\xea\xb1\x8f\xd7\xc9\xc7>A\xfb\xee\xba\
\x9b\x22\xcb\x9c\x1e\x9b\xd6M\xd7\xde\xa4\xced[Y\x8a\
\xca\xe1o\xaf[\xaa\xd3)\x99;\xd7\xd4\xf8\x94.8\
\xffg:\xf7\xeco\xe8:N\x803\x5c<\x96\x13S\
\xca\xb3\x5c\x0d\xbc\xcd\xd8(\xd4\x89P\x0a\x9ds\xaf\xb6\
\xc3\x9a\xbb\xac\xa5\xd9\x8f\x8c\xa3\xab.\xc7\xf5\xa6\x83\x8c\
\xd4r\x97E\x8d\xcfL\xa1h\xa6\x80a\x85\x00\x82 \
\x84WL+W\xac\xd4\xcf\x7fr\x81\xbe\xfd\xcd\xef\xe8\
\x96\x1bW\xa8\x82F\x0c\x85\x1ebu\x90w3SF\
\xffV_Cs\xe6\xcf\x85\xb7mu\xb0\x173@&\
\xa9\x113x]\xaa\x87\xa16\xec\x80\x8f\xef\xbf\x98\xe1\
\xb6\x8aj\xb9\x8152\x15\xf4\x96O\xcc\x98N\xf7\x99\
\xc9\xc9\xf1\xe9\xa9\xc9k\xa6\xc7f\xd6\x9fy\xe6\x99I\
\xdb\xf0\x84m\xe8Sw\x01\xa14\xa1\xdb\xc7\xd6\xacY\
w\xed\x86\xd1\x8d\xa3`\x99J\x04 \xb1\x08)\xf1\xaf\
T\x02\xf3\x0aJ\xf8\xa2\x86\xe6\x8e\xd4\x81\xea\x82pA\
\xc9\x02j/\x01\xcfl\x1aFmX\xbb\x1e\x05\x90\x02\
\x0a<\xb2h\x9eSD%\x5c\xce0\xa4\x0d\x18\x95\x87\
L\xedv\x0fz7\xd5\x9e\xaet\xcd57\xe8ln\
\x93\x7f\xfa\xc3\xf3t\x1b\xde@w\x1a\xc6\x9a4\xc3m\
k\x895t\xa3=M\xcct\x9aX\x0f\xae8FB\
*;\x09EI\xca\x8bB\x16\x03\xc6\xb8S\xdf\xacv\
\x09\xccv\xc0\xb9\x8b!\xe9rL/\x10\x90k\xb8\xac\
9\xfb\x93\x9f\x82\xa1\xdf\xd4\x8a\x9boR\x8f:\x17\x98\
\x19R\xc1\x80P\x99\x1a*\xd4L\x85r\xa4\xe8\xfa?\
\x5c\xa7\xb1;6\xc8\xd85\x13^ \xa1)\xb5\xac\xa7\
9\x0di^!\xf5\x87\x9e<\xae\xdbO\x8c\xb6\x8fp\
B\x8b\x1d\xddcj\x03\xf8\xdf\xc3\x08\xc6|\x84\xae\x80\
N}\xd14\x88p\xb1l\x04\xd5T\xe4Qb=\x91\
~\xbb\xec\xb2\xb3RY!(\x81\xf5P\xd7\xe8\xa3\xb7\
df@Rd\x1dy\x96)\x83V=\xd6z\xfe\x8f\
/\xa8/\x92\xfc\x22\xb2\xcb\x06\x97\xa0y\x85\x00m6\
\xc2!\x04\xdd\xdb\xe3|\xfbs\x10\xbct\xbe\x9a\x12\xd9\
J\xeeY\x94\xc4\xfez\xf0\xfc\xa0\x83\x0f\xd2\xfd\x1f\xb8\
\xbf\xba(\xd1\x8f\xce;O\x9f\xfe\xec\xe7u\xf1%\x97\
k\xc5m\xab\x95\x0c\x9c\x8a\x16\xc2\xed\xbd\xa3:x\xe8\
\xb0\x9d\xb4\xab\xe9\xf6\x94\x12\xb4\xe9\x96S\xbcO\xaaK\
<\xbd\x22\xccRU\x1d\x8cL[=?vvg\x98\
k\x16*72\xbcw\xe8\xd7\xe5p\xe5\xef%\xed\xbb\
\x1eklO\xa8\xdb\x9dT\xaf\x9c\xa4\xef\x140\xcd\x98\
S\xeat\xa7\x18w\x86|[c\x93\x88i\x16\xd4F\
\xa9+\x22b\x01\xdag\xc8\x5c\x85\x86\xb7\xdbI\xb7\xaf\
\x5c\xab_\xfc\xfcb\xfd\xe7\x17\xbe\xa2\x8f\x7f\xec\x13\xfa\
\x1d\x9b\xed\xe0@S\x07=\xfca:\x15\xef*\x83?\
\xdd\xf6\x8c\xfa\xfb\xfa\xa0w\x94o^\xe9\xde\x88\xf8\xdf\
\x96\x1b8\xd2\xc8\xa2|\x0cc\xec\xb2\xc6)\xe8\x97\x17\
\xfeRW]u\xa5LAY\xd6PU\x9aJ'\x1a\
%1\x049\x0fs\x84\xc4\xa2\x141\xd2\xdb\xef\xb0\x9d\
\x0c\x19I\xe5\x8cr\xe4n\x98\x0b\xe5\xe1F\xa9\xe1\xa2\
\xab\xe1\xd8\xd5`\xe8j\x00\xe8G\xa7\xfacB\x1e\x93\
\xfa,\xa9\x15*5\xacT\x13h\x01}\xb4\xf1v\xc3\
\x8d\xa4y\x8c\xcf\x86\x03\xf9\x00\x00\x10\x00IDAT\
\xd1\xc2\x81i\xd1\x0e\xe2at\x83\xdc\xe8\xae]\xb9F\
B\xbe\xa61\xbc\x09\xc3\x9b\xb0R\x01\x1e\x9b\xa2B\x15\
\xe4\x06\xf9\xaa+\xae\xd4\xd7?\xfb\x9f\xfa\xfe7\xbe\xa5\
\x95\xb7\xac\x84\x07\x15'\xd9\xb6\xb2<\xd7T{Z\xb1\
\xc8YO\x89NS\x96\xe5r\xd9\xec!\xa3\x86\x8c\xba\
\xacv\xda\x9d\xba\xcc\xcc\xd0\xf9\x90b\x16U!\x0b\x09\
J\x8d\x8f\x8d\xe9J\xc2g\xe7~\xfd\x9b\xfa\xde\xb7\xbe\
\xaf;n\xbb\x83\xb0G\xa8!\x07\x8f\x08X2\x89\xb6\
\x08\xaa\x06\x09\x17\x0d\x0e\x0f\xb1\x84\x9e\xa6\xdd\x99Z\xb7\
A\x89\x13`f\xa1\xe6_\x0f\xbd\x8b\x5c\xf4\xb6\xe6\x0c\
i\x10\x07\xc0\xf2L\xce\x18\x93A}\xd5x\xf4pR\
J\xd7}S\x1a\x1b\x1f\x1b_\xbbv\xcd\x8d\xa3\xb7\xde\
:)\xaa\x81\xad\xfe\x84\xad\xeeq\x97\x0e\xb7\xde\xda\xa8\
zew\xa2\xdb\xe9m\x04\xbbJ\x89\x8f/\xd6\xdb\x98\
cT\xc9\x10\x12\x019\xc6s\xc1\x92%\x9aAQ#\
\xc4\xf7f\xf4S\x80@\xe3\x5c\xa6\xb9\xd7\xea\xc2\xb7h\
\xf1\x22\x0dA\xa8\x0eG\x0e\xaa\xbc\x194\xa8\x18\x22c\
\xf8\x04\x1d\x83:\xc4Uo\xb9\xee&}\xff[\xdf\xd1\
71\xbe\xbf\x87\x09\x1d\xdfQ-@*\xa9\xc2\xbb\xed\
'\xbe\xd8\xf5\x9f\x99\xed\xf5\x14C\x90_\xba0P]\
_R?\x8d\xa1\xeek\xb5\x94\xc5\xa8\x841\xcb1X\
\xe30\xe4\xe2\x9f\xfdBg\xff\xe7\x97\xf5\x0bv\xecu\
\xb7\xafQ\xc5Q\xc4Ge9\xac*1D\xa5\x8a\xf6\
\x8eXD\xe0Jv\xd8\xb5\x84Gn\xba\xe1&\xe6\x89\
\x0a\xb4\xca\xf0\xe4\x02\xcc,x1\x0cz\xc0\xf8{j\
\x18\xa8\x00\xf3\xc2\xdd\xd2\x8e\x02k\x9d-\xebj\xf6'\
\x1fz\xac\x13\xe0\xc2#9\xbd\x18o\xb7]w\xa9\x95\
\xbd=\xd3V_\xab\x9fu\x98 \xbe\x84\xa0&\xe8\xde\
&^\xeay\xc7-A\xb8\xc9\xc9I]{\xdd\xb5\xf2\
\xd4\x0dl\xc6\xfaR\x82~f\xb5\x87\xe6B\x0e\xaa\xf7\
\xf2\xf1\xd5\x9a\x12m\xc5L5$/S\xfd\x84\x18\xe4\
U\x15k\xecb\xc0v\xdbmW\x9dp\xc2\xf1\xdac\
\xcf\xdd\xd5?\xd0\xaf\xf3~|\xbe\xfe\xe3\xe3\x9f\xd4\xc7\
>\xfa\x1f\xfa1\xf9\xeb\xaf\xbf\x99\x90\xc3\xb8:x\xe8\
1\x14\x0a\x96!\xf0\x95@[YV\xa8(\x9a\x94E\
\x14\xb1R\xcei\xc1Xo\xf2\xf9\x98$\xc0\xbb\x88b\
\xe6E\x81\x81\xc9\xe4s\x87\x10\xb7\xa41F\xc5\x98\xc9\
\xd3@\xdb\xcc\xf3\xac\xd5B\x04W\x93\xff\x0b!\x93\x19\
\xedH\xddx\x95\xf04\x8b\x85\xaaR\xba\xf5\xb6U\xba\
\xe2\xf2_\xeb\xfb\xdf\xfb\x81>\xf3\xe9\xcf\xe8\xdf?\xfc\
\x91\xfa\xb7\xe9\xae\xbf\xfe\x06<\xe9%:\xfa\xe8\xa3\xf5\
\xb4\xa7=U;\xef\xbc3F\x1d^1G\x8e\xfcv\
kE,ef\xcc\xb3m\x9f`\xa1^s\xd1h2\
vW\x0d\xbc=\x18*\xe7[\x8f\xcd\xc9\xccT\xffc\
N\x9f\xc1\xd7\x97R\x92{\x5c\x95\xcb\x95\x92\xfa\x91\xe1\
\x9dw\xdaQ\xfd\xc4\x84;\xc4\xd5sh\xe72d\x9b\
d\xccSc\xb3\x0a\xb5\xdc\xf5\xf0\x04\x1d\xd0Kt\xc0\
\xcb\xac.g\x1d\x8c7\x9b\xef*\x87\xaf\x0d\x938,\
\x0a\xa6\xc9\xc0%S\x90{\x97k\xd7\xac\x05\x15S\x91\
7\xe0a\x09\x0d\x932\xf8S{\x00\x09\xec\xd9\x1cf\
\x081\xdd\xbeb\x95\xbe\xf7_\xdf\xd67\xd0\xcf\xeb\xae\
\xbeN3\x133`+E\xd6\x94|n\xd2\x8a\xb9\x85\
#\x90\xd0\xa7\x08\xbf|}f\xc6\x98\x8c\xebrO\x8f\
V\xb3a=\x1c\x99\x0er?6:\xa6K.\xbcP\
\xe7|\xe5\xab\xba\xfc\x92\xcb\xe4\x0e[w\xa6\xc3\xc9\xaf\
\xc7\xc4\x06]j\xd4TVI1\x0b\xf5\xe6\xba`\xe1\
\x029}#\xfc\x9fF'\xfcG@\xbda\x8f\xf1\x99\
JY#W\x07|\x16.Y\xac\x0c\x193dGP\
]<\x01\xfe\xb8<\xf9\xab\xf1\x15R\xaa\xe83\x19\xcc\
&\xd7\x16\x1c\xcdh\xb3-\x9f\xb0-\x9d6\xf7\xd9}\
\xf7\xddS\x16\xc3LV\xe4\xe3!\xc4*\xc4\x08j\xac\
\x1f\xc1\xf0\x85!\x1e23\xf1\xa5\x88P,\xdfaG\
\xb9Gi\xde.\x18\x02W\xd2,qC{\x876\xae\
]\xa7\x84 \xcf\x9b3W\x8b\x17/\xa6\x8f\x14bP\
\xc8\x22\xa4w\xc6F\xf8\x93\x14*)B\xe3\x82]v\
t\xf5z]J\xb8\xe1\xdc\xaf}C\x17b,'7\
\x8c)\xa2\xac\xce\xd4\xe4\x82\xc2\xdc\x0d\x04\xc2\x1c\x1f\x98\
[d\x99\xa2I\x81\xb9\xf3\x98q$\xe9\xd5\xe3\xb9P\
\xddq\xcb*}\xfb\xeb\xdf\xd0\xd7>\xfb\x05\xdd\xf8\xc7\
k4X\xf4#t(+s\x05\xc6\x14\xc2\x14-(\
\x86Y0\x89e\x99L\xd2\x06\x8c\xf5\x95\xbf\xfb\x9d\xba\
\x08\x863)PZ\x22H\x15\xcc\xaf\x12\x083\x7f\x8d\
\x03+1\x00\x8b\xca\x87r$\xd5\xdf\x1d\x02\xe5\x0e\x91\
\x05f\x96\x84\xcc\xe0\xb5$\xe5\xac_\x8c\xb3\xf3\x8e;\
q\xb4^\xc6\xc8I\x81I\xddh\x169\xebaA\xbc\
\x0aB\x8a\xe52JE\xf3.\x86\xb5\xd0\xde{\xed-\
\xbf|\x8c1*\xcfs\x05p\xef\xe2Q\xf8\xa6SB\
\x0fP\xbf\x97\x8fQ~\x17\xf0\xf5k\xf3\xbbP\xb6\x9e\
|\xae\xa2\xc8\x95\x03\x19\xc8>\xe8A\xf7\xd7\xf3\x9f\xf7\
l=\xeeqGipp\x88x\xe4\x0a}\xf7\xbb?\
\xc6\xf0~B\xef;\xeb\x03\xfa\xcc\xa7?\xaf\x9f\xb0\x91\
\xfd\xe1\x0fWk\xd5\xca;45\x897Cx\xa6\xec\
\x19^P\x05\xfe98\x0f*\xcb\x1a\xe0\xdad\xdc\x06\
\xf9B\xb2\x88\x9c$AN\x96h@\xa0\x0cP&\x0b\
\x11\xd8\x9c\x92\xa7,!\x17U\x19\x95\xf0\xba,e\x8a\
\xa1\xa1<6y\x8f\x186i\xfd\xdaQ]s\xf5\x0d\
\xba\xf0\xc2Ku\xce9\xdf\xd2'?\xf1Y\xfd\xdb\x87\
>\x86\xb1\xfdx\xfd\xb7v\xdd\xd8\xce\xe78z\x04q\
\xd1SO}\xda\x16\x83\xdb\xcf%\x91\xd3m\xf3\xc9!\
\x98\x81_\xa6`\x8e\x8b\xb6\xf9IU\xa5.Fe`\
`@~z\x98\x9a\x9a\xd2\xe3\x88\xa3\xfa\x1f\xebI\xc8\
M\x0f\x9d\x08\xc1jz3%\xbc\x85Vp\xd9\xe8\x97\
\xe0\xe5\x02.owC6\x1ay.\xc4\xa9\x86\xa8\x80\
\x1e\xf0\x9d\x029\x03\x82\x18\xe1. \xb9L;\x18m\
\xc4\xe3yo\xe5\xf8\x948+\xae?\xe6DG\x8fr\
&6\xe4\xff\xa6k\xaf\xd7\x18\x87\xda\x88<\x15EQ\
\x8f\xe72\x95\xf1\x1eCPE\xfb\x18\xa2\x8a\x983~\
\x92UI\x97]t\xb1\xbe\xf8\xf1\xff\xd0\xaf<\x1c\xb8\
a\x14\xcf:\xaa75\xa3F\xc8h\x97\xc9\x0dn=\
'\xebt\x99\xf45\x17\xac\xc5\xf5\xc8e<g\xec\xb2\
\xdd\xd6m7\xde\xa2\xef~\xf3\x5c}\xe7\xdco\xe9\xa6\
\xeb\xaeW\x1b\xc3\xee\xc6\xd8\xcc\xe4s\xc6\x00\xf6\xe4\x8d\
\xb4\xe24\x19\xb2\x8csCIhi\xb9\x1aE\x03\x5c\
\xa5Qp\x9f\xe0\x0eI<=\x0cm\x225\xc6\xef\x94\
=\xed\xb0\xe3\x8e\xca\x1b\x85\xc4\xbbD\x0d\xb4\xf7\xa4\x82\
\xce\xa8#\xc5\xc8\x14\x15!d\xddV\xb3\xd9^\xb4h\
\xdb~F\x97)\x15\xfck[a\xcd\x9a5\xa9\xd5\xc8\
\xa7 \xfaXYVe\xb7\xddE\xb87#l\xa0\xb8\
yd\xf2Y\xae\x1d\xd8\x91\x9d\x18.6\x06sB\x0c\
51\xd6\xae]\xab\xf5\xdc\x88:\xa3[\xad&\x1e\xc6\
2\x15\x05;)\x0b\x16D,\xddp\xd12@T\xef\
\x91\x95Ai\xaa\xa7\xa6r\xe5(\xd7u(\xf2\xb7\xce\
9W\xdf\xfc\xfa9\xc4\x9cn\x90\x0b\x88\x8fU\xc0\xd8\
H\x1f\xf7r\x9dp\xce\x5c7\xfaB:}\xac\xeet\
[%;\xe5o/\xbdB_\xfa\xe4g\xf5=\x8eC\
3\x1b\xc6\xd5%\xa67\xbev\x83\xfa\xb2\xa6\x9a\xb1P\
\x97\xb0C\x85PDp\xc8\xc0\xc7\x0d6\xd2\x8f!\xa8\
0\x109J\xd3\xd5\xb5\x7f\xbaFkW\xdd\xa1FV\
\xc80R\x8er\x0f\x81u!\x82\x22\xa2\xeb]\x00z\
\x04I\xe0&\xb2\xe218\x1c\x1c/O-)\x228\
\x91\xbah\x01\xc1L\xc48\xe7i\xd7]v\xc1\x80\x04\
\x95x.e\xaf\xcd\xdcA\x194L\x08M\x96E\xf9\
\xba\x8c\xbe\x9e\xee\xba\xdb\xcez\xc4#\x0e\x91{!.\
8n,h\xa0\x00\xfe\x8eS\xa3\xd1\xf0\xd7\xbf\x02V\
\xaf\xc3X\x0b\xb9\xbb\xb5s\x03nf\xeat\xdbx\xdd\
\x0du8\xde{\xfe\xc1\x0f~\x90\x9e\x8e\xa1z\xc9\x8b\
_\xac#\x8fx\xb4\x96-Y*\xff\x1f\x84/#\xd4\
\xf0\xb5\xaf|C\x1f\xfd\xf7\xff\xd0\xbf}\xf0\xc3\xfa\xc8\
\x87?\xa6\xcf~\xea\x0b\xfa\xd6\xb9\xdf\xc3s\xb9B\xd7\
]s\x93V\xafZ\xa7\x0d\xeb'\xb4v\xddF\x8ds\
j\xe9\xa1\xe4\x162\x99e\xe0\x9c+\x87\x17\x19\xdeU\
\x84\x1f!\xe6\xf2:\x19k\xc6hT\x95\xa9\xe2\x08\x9e\
\x00\xd5 u\xa6{Z{\xc7:\xfd\xf1\xf7W\xeb\xc2\
_\x5c\xac\xef\xfc\xd7w\xf4\x85\xcf~Q\xff\xfa\x81\x0f\
\xe9\xac\xf7\xbcO\x1f\xfa\xc0\x87\xf5\x89\x8f}R\xe7\x9e\
\xf3]\xfd\xfe*b\xf2\xd0{WN\x13\xc7\x1cs\xb4\
\x9e\xf3\xecg\xeb\xd9g\x9c\xa1C\xb9L\x9a\x8bQ\xeb\
\xc1{\xc8&\xa7Y0C\xc6+<\xbd\x02\x9c2\xe8\
Rs\x97t\xdb>!FeY\xa6\x196\xec\x0e\xc6\
\xa5\x8f\xd0\xc5\x1e\xbb\xef\xae\xc3\x0f?\xbc\x9e\xaf\x0b\x8d\
\x9d\xa7\xcc\x8a\x1c\x94\xcc]*\x98T\xc0o\xc3;\xdd\
y\x87\x1d\xb4d\xd1\x22&\x0f\xf0\xa2\x8f6\x89\xf1\x1a\
\x12\xb41\x07EY\x0dFj\x0a\xfc\xf3o\x7fS]\
\x1e\xea\xf2\xba\x8c\xa5\xf8[\x0c\xb4\x22\x1f\xa9)\xc8g\
\x164\xbe~\xbd\xae\xf9\xc3\x1f\xd4#\x86\x1bB&3\
z\xc4\xa0\x08\xfe._\x92\xc9\xfbV^O\x9d\xa7\x15\
\xc7x\x87\xeb\xaf\xbeF_\xf9\xc2\x17\xf5\xcd/\x7fE\
\xab\xb8t\xeek4k\x9d\x0a\x18\xe5,\xc4z\x9d>\
\x86\xaf\xbf\xc4\x18\x06\xfa\xe7\x8c\x1b\x19\xb3\x07M~\xff\
\xdb+u\xee\xd7\xcf\xd6\x85?\xbd\x00\x83{\x83R\xb7\
\xa7>\xec\x03\x0a\x88q\x972o\x0b\x88\xa7\xb2\x84\x16\
\xb1I\x93F\x1c\x82\xc5\xdb-\x83O9xw\xb5\x0e\
;\xe3t\x0e1\x8a\xa9\xd14c\x88$c\x8d\xcb\xa1\
c\x84\x0f\x0c!\xc7E4H\x80Q`\xe0A\x22\xa5\
\xd4-\xcb\xde8Fzf\xe1\xc2\x87Wu\xd96|\
\x85m\xe8\xb3\xa5\x8b\xdf\xdeM\xa4rc\xb7\xd7\xbd\x89\
]z\x22\xc3\xb0F<\xc8\xc0\x22\xcc@\xd5\x22x\xd2\
<\x011\xd4\xbb\xce\xd0\xc8\x88J\xb7H,$\xd2\xde\
,hfrZkW\xafQ\x87\x9d;P\xb6d\xbb\
\xa5\xf2c\xea4\x97W\xfe\x9b*\xbe\x03V\x08\x98\x1b\
\x16g\x22\xe7\x81\xda \x12\x0e\xe4h.Lo\xa6U\
\x04\xd6\xbf\xf7\x9d\xef\xe9\xe70f\x1a\xa5\x8d\x08J\x09\
\x03\x13\x0a\x93A\xcc\x06\xc70PR\x8fq\xda\x9d\xb6\
<\xdf\x8f\x80\xdf\xb1j\x95\xfe\x0bc}\xe5\x15\xbf\xd2\
\x10\xc2Pr1\xd6\x87g\xd4G\x1c\xd2\xf1R/\xa9\
E\xde\x05\x0f>Bx)\x04\x933\xa6\x8bG\x10a\
\xa0\x97;\xfe\xd7\xfe\xe9j\x05\x99\xa2\x05\x85\x10$\x9f\
$D\x84 \xd4\x0cN\x18\xb0Y\x90J\x19e\xf5p\
\xa4\x896i6M\x89\xb1K\xa0\xaa\xa1\x87\x80\x85\x18\
k\xc1\xdcm\xb7\xdd\x94\x17Q\x01\x03\xe1\x8a\xd8\xe3h\
o\xd0\xb2\xaaJ\xc5`\xb5\x07\x9a\x18\xb9\xd5\xca\xf5\xe0\
\x07\xdf_\xcb\x97o\x0f\xfd+\xf5\xf7\xf7c\xa8{\xea\
:}7\xb5s\xda\xe8^\x1e_\x8f\x81k\x0d\xe0\xa9\
\x1a\xb4\xe5IU%3S\x8bK\xc5\xe9\xe9\xe9:\x84\
1<4\x80\xc7:%7\x00\x87\x1cr\xb0\x9e\xf7\xdc\
\xe7\xea\xd5\xff\xf2r\x9d\xf4\x94\x13\xf4\xa0\x07>@\x0b\
\x17\xcc\x97\xffT\xc3\x15\x97\xff\x96K\xbe\xf3u6\xa7\
\x93\xcf|\xeas\xfa\xf7\x7f\xfb\xa8\xde\xf7\xde\x0fb\x08\
\xdf\xaf\xb3\xce\xfa@\x1d\x96\xf8,\xa7\x8d\xb3\xcf\xfe\xa6\
\xbe\xf7\xbd\x1f\xea|.K~y\xe1\xc5\xba\xec\xf2_\
\xe9\xe2\x8b/\xd7\x85\x17]\xa2_`D\x7f\xfe\xf3\x0b\
\xf53N7?\x81\xdf\xde\xe6G\xc4\xf7\xbf\xf6\xb5\xaf\
\xe3Q\x7fN\x1f\xfa\xd7\x7f\xd3{\xde\xfd\x1e\xe0\xbd\xfa\
\xe0\x07>\xa8\x8f\xfc\xfbG\x88\xd1~J_\xfe\xd2W\
\xf4\xc3\x1f\xfcH\xbf\xba\xe27\xba\xe5\xe6[Q\xc4R\
{\xec\xbe\x9b\x8e9\xfa\xb1x\xb4'\xeb\xf9\xcf\x7f\xae\
\x9e\xf5\xac\xd3\xf5hn\xf7w\xdca{\x8cXC9\
^W\x9e\x05Ms\xe1\xeb\x1bW\x88\xa1^{\xc9F\
\xe7\xbc)\x91\xb1-\x84\xd9\xcaL@F\x02\xf2\xe1\xd0\
fc\xaf\xe5\x94\xf9\xc6\xc7\xc7\xeaMk\xbbeKj\
\xbe\xf9\xb0\xc6W\x05\x9f\x9d\xef1\x9a\x5cz\x1ay\xd4\
\x9e{\x10\xd2\xc1\x0b\xafe\x11\xdda\xafB\x02\x02b\
\x8b<\xc0C\x973/\x83c\xc8\x82!S\x00\xfaX\
\x973\xcal\xb9\xa8K\xc8\x1f\x93Pf\x16<\x83\x9c\
\x85z\xfdQ\xd2J\xeeNV\xadX\xc1F\xcc\x0b\xfd\
}#\xf2\x0ef\xa6N\xa7\xab\x0a\x07\xa3\xc9F\x1ey\
\xaf\x90\xd9\x02\x5c*\xbf`\x03\x87\x81FKkW\xae\
\xd6\xb7\xcf\xf9\x86~\xf6\xe3\x1f+b\xcc:\xbe^l\
E\x17\x19\xee\xe0\xe97\x1aE-\xe3\x0d\xc6\xf0\xb1\x9d\
\xb6\x81\xb16\xae[\xabo\x9e}\x8e.\xbd\xf0\x12\x8d\
\xaeY\xaf\x01t\x94\xc3 \x9bj[\x05\xfd}\xae\x1e\
\xf3;.\xf8}\xea\x82G\xc5\xcbL\xaf-\xbf\x18\x9f\
\x87\xdc\x19(Oq\x81v\xc7\xaa\xd5\xc2N\xd5\xeb\x0a\
\xd0>Q\xde\x85\x8f\xfdC\x83Z\xba=\xa7\xc8,S\
\x82\x9f\xb3\xf4R\xad\x93\x92)D\xe8\x01.\xf4\x9d*\
\xbb\x9d\xeb\xcb^g\xcd\x0d7\xdcPi\x1b\x1fF\xdb\
\xc6\x9et;\xf3\xcc3\xabv\x1bU\xda\xb0\xf1\x9a\x89\
\x89\x89\x0d\xeeA\xf9nUa\xa8\x0cd\x1d\x9c\x00\x82\
\x08\xacT\x0b\x89\xe9. t\x90\xa8+1.^\x5c\
\xc1\x80\x8ac\xc9\xaa\xdbV\xcac6bq\xdbm\xbf\
\x9d\xe6B\xacN\xd9\x95!\xf0^\xe6\xc2] \x90\x86\
\xc2\x17!Wn\x11\xa2\xe7\xca,S\x0f\x0f\xbb;\xd3\
\xc5\xb8\x0c\xc8=\xe4\x06\xbb\xa0\xc7k!\x92*(8\
\xcb\xa4\xe9\xda8$\xc6w\xc3_1\xbf+\x91\x1b\x16\
\xf7\x5c3\xc6\x9b\x1c\x9bP\x8e\x12\xf45\xfb\xe4eP\
]x\xf0\xc4\x83+!\xc92\xc7\x15#\x1e,\xc8\x82\
\xc9\x99\x1c`\x9e1\xd6\x0cJy\xd5o\x7fG\x9ci\
R>fd\xbc\x80P@\x0a\x22\xb3A\xa5\xe5\xea\x81\
w\xcfS\xa0~w\xdc\xb7@T\xcf\x82z\x9a\x85\xb2\
\xf2\xf1\x01\x8e\xcb1k\xa8\x83\x07\xb1\xdf\xfd\xf6\x95\x1f\
}\x03\x0b*r\xea\x88\x05W\x08I\x0c\xe0\x93\x04\x8e\
\xde;i\xe1\xc2y\xba\xff\xfd\xef\x07yK\xb9Q\xa4\
F\x81u\x99\x99\xb2,\x97{S\x81>\xfa+O}\
\xdcLpp\x13H&\x7f|\x1a\x17\xc2\x0ac_\x22\
\xb0\x894\xcf\xa2\xfc\x84291N\x93\x1e8\xce\xd1\
\xd0p\xbf\xf6\x05\xdf\xd3O\x7f\xa6^\xf7\xba\xd7\xe8\xd5\
\xaf~\xa5^\xf4\xc2\xe7\xebIOz\x82\xf6\xdf\x7f?\
\xf9\xaf\xde\xae]\xb7F~\x9c\xbf\xea\xaa\xabt\x11\xc6\
\xf4\xbc\x1f\xfft\xcb\x9f\xc7\xfcw\xe2\xc1\x1f\xc0x\xbe\
\xf7\xac\xf7\xe9\xed\xefx\x97\xde\xfc\xd6\xb7\xeb\x1d\xef|\
\xb7\xde\xf5\x9e\xf7\xea\xdd\xef9K\xef~\xef\xfbjx\
\xcf{\xdf\xaf\xf7\xbe\xef\x03z\xdf\x07\xfeU\x1f\xe7\x18\
\xfb\xe5/\x7f\x09c\xfd]\x0c\xf2O\x19\xf3\x22\xfd\xea\
W\xbf\xd6\x95W\xfeAcc\x1b\x91\x8f>\xed\x8e\x17\
y\xe4\x91G\xe8\xb9\xcf}v\xfd#j/\x7f\xf9\xcb\
\xf4\xa2\x17\xbd@O;\xe5\x14\x1d\xf6\xa8Gh\xbb\xa5\
K\xc4r\x14c \x8djs\xf9\xe2\xf4*\xa1sI\
\x1c\xb0@\x06s\x8c]]\x9fe\x8a!j\x9b\x1f\x88\
\xe9r\xd2&\x16\xdb\x8f\xe1\xcc\x18\xcf\xef6\xfa\xd9$\
\x97/_\xae\xfd\xf6\xddWY\x9em\x19>!g>\
_\xa0\xa4\x07\xefG\xb8\x9c\xde}\xcf\xddTp:\xec\
\xe0LL\xb9\xf1\xe1\xd8?]V*\xc1\xab\xe7`\x81\
<`._q6\x1f2\xe4\xd1\xc1\xcb\x81\x10\xd4\x8b\
Q\x95\xb7EF\xba\xac\xb5\xc7\x5c\x15\xba&\xf8\xeea\
\xb3\x1b\xfc~`l\x5c\x15c\x9b\x19\xc6[\xea\x91\xa7\
Ym\xb0\xbd\xbc\xcd\xa9\xd1\xf5\xa5\x8f\xcd8\xf5\xc0\x01\
\xbdt\x07)\x91\xb6\xf2B\x85\xe3C>\xa1C\xfd\x83\
\x83*\x00\x1f\xbfD\xafh\xaei\x9c\x82\x0e\x06\xdb\xe7\
O\x88[`\xedM\x1c\xa3I\xffyp\xfa4b\xae\
HE\x86\x8e\xb4\xb2B\x86n'p\xa0\xa9\x84\xb4W\
 S!\x8f\x01:v\x91\xcd\x85\xd8\x9a\x11\x9c\xbc\xc4\
\xf8\xe3\x1b\xc6t;\x0eV\xc9\xdaJ\xd6e\xe0\x92\x82\
\xa9\xa2\xcf\x82\x85\x0b\xb5`\xd1b\x198&\xfa\x1b\xf4\
\x10k\xa4JN\x83zm8\x17\xeb\xd7\xaf\x1f\x9f\x18\
\x1d\xbfzr\xdd\xf8\x1dOy\xcaSJ&\xdd\xa6\x8f\
\xf3o\x9b:n\xee\xb4zu\xb7395\xbe\x9a\x0b\
:\xe3\xcd+\x00\x00\x10\x00IDAT\x9bQ\x90M\
\x11Cca\x96\x0c\xd0A\x09\xe3\x81\xc9\x92,*\x1f\
\x19\xd2\x9c\xf9\x0b\x94X\x94/\xb6\xf4]\x89\x8b(\x83\
(\xabW\xdd\xae\xf1\xf5\x1b$\xa8\xef\xbf\xbd\xe6?:\
\x16\x90\xfe\xac\xc8eA\xaaR\xa9\x1c\xc1p\xa2\x19\x84\
\xf7q\x9d\xc9\xbe+6\xd8\x1d]12\x18\xb1\xcf\xbe\
\xfb\xc9\x8d]\xc7\x05\x90q\xfb\xb9P+(\xaf\x18\xb7\
\xd9\xeas\x944EL\x09\x84\xd4d\xd7\x9c\xbf`\xa1\
\xf6\xdcsou\xd8m[\xd4\xbbA\xedp{Z\xd1\
\xb7A}\x8c\x19s'p0\xf8`\xac')\x82G\
\x86\xf2Q\xa2\x18P\xba\x14Tq\x94\xba\xf1\x9a\x1b4\
\xb6~T\xbe\x06\x9cQ\x05\x8br!*E}l(\
\xc5\xa6\xca\xac\xa1\x1eG\xe5\xd9\x94<G\xe62o\xaa\
\xa2\xbc\xa4\xbc\xa2]\xb9\x09z\xb1P\xd17 \x85\x5c\
\x13x\x06{\xef\xb3\xb7\x96q\x0a\xa8\xf0x2\xa6\xcd\
3\x03\xb7R\x05\xb8$\x17$3\xc5hZ\xb8h\xbe\
\x96s\xa3=@\x9c\xb0Vd.\x10<\x15\x8f\xc7\x0c\
I\xe4t\xf3t\xeb\xc0\xea\xe6!FE\x10\xe8!\xd8\
-N\x10S\xd3\x13\xc4\xb5\xd7j\xc1\x82y\x18\xa9)\
mX\xbfFY.\x0d\x0d\xf5\xa9\xaf\xbf\xa1E\x8b\x17\
\xe8\xa0\x83\x0f\xd4I'\x9f\xa8\x17\xbf\xf8\x05\xb5\x11~\
\xc7;\xde\xa63\xcf|\x83\x9eK\x1c\xd8\x8d\xe0\xfe\xfb\
\xdf\x0f\x83\xb8\xab\xfc\xefo\x14EVo\x16\x1b6l\
\xd4\x1d\x5c\xdc\xf8\x1f\xf3\xb9\x19O\xeb\xc6\x9bn\xd2M\
7\xdd\xa2[n\xbdU+V\xdc\xa6\xdbo_]\xd7\
{xj\xe3\xc6\x0dx9m\xf8[*\xa7\xff\x1c\x0c\
\xd2^{\xef\xa9\xc7\xe1\xc5>\xefyg\xe8\xffa\xf4\
\xdf\xfa\xb6\xb7\xe8\xcdo9S/}\xd9K\xf4T.\
\xc7\x8e n\xbb\xcf>{\xd5x\xe79\x04E\xc6*\
\x8cW\x05-{l\xf8]\x8e\xf6%kt\xd903\
e\xae\xcc\x18\x06\xdf\xac\xbd\x8d\x13cs\xea\xf9\xad\x05\
\xef\x9b3f\x04\xbco\x0f\x99\xcd\xa0k`\xae&w\
 {\xec\xb1\x87\x9a\xc8\x87S\xdd,)\x84\x04\x0e\xfe\
V\x09\x93V\xff\x0d\x91\xe5;\xed\xa8\xbe\xe1!\x05\xda\
O\xb9a\x1a\x1cQ'D\xf5\xe8\xd7\xcb\x8bMiC\
%2Re\xb9*\xd22\xcf(\xcf(\xcb\xea\xb4\x97\
\x15\xaa\x90\xf3\x92\xb9+x\x9b\xe8/\x0br\xc3\xeb\x1e\
\xe7\xf8\xe8\xa8\xae\xbf\xee:M\x8ect\x99#\x84 \
\x07\xbc\x8e:u\xba\x08\xb4<uge\x8a\xf0\x9c\x1b\
\xdd\xe1\x81A\xf5\xe3\xe52\x90\x1a1W\xce\xfc\x07\x1e\
x\xa0\x22i\xc58\x93\xe8\xbbY`M9\xa7\xb0\x9e\
XT\xad_~\x82\x8a\xd0d\x1aC\xe7?y\xb0\xc7\
^{)\xb3\x88\x8e\x95\x8a\x15\xedC\x86c\x03-B\
T\x83uFR\x0b\xa6\x00X\x90b\x83\xb6&\xcd]\
4\x0f\xf9\xeb\x97\x1b\xe6i<\xdd\x8d\x84\xae*\x0cu\
\x0f\xc3+\xdab\x9aT\x85\x80M\x9a\xa7\xfe\x91a\x89\
\xf5\x8byd&\xa3<\xd0&\xa3,H*\xb88K\
f\x93\x1b\xc7&6\xac\xef\xe1FS\xb6\xad\x1f\x1f\xef\
\xbf\xef\xfbWZ\x8c\x8f\x8f\xa7PY'fY\xc78\
\xf7:3@YJ\x86\x12t\x15b\x00\xa2\xa0\xb8z\
\xec\xe8n\x14+3\xf9\xc2\x1a\xcd\x86\x1aE\xa1\x12\x06\
\xacG\xb9<\xc8\x9d0(,P;\xed\xb2\xb3,F\
m\xe4\xa8\xe5q\x1a\xf1\xcc`xr\xca*%\x19\x04\
\xf1\x1d\xbeRP\x07\x039\x86\xa7\xb9\x08Oz\xd9\xb2\
\xed\xf0\xa2\xfa\x15,S\x07!N\xa5)\x08H\x01\xa3\
]\xa8\xdb\xee\xd5\xe5\xc1\x19\xc5X>\xd7\xf2\x1dw\x90\
\x1fC\xa60\xbc9^C\x8f\xf1\xbb(^\xc5\x1c=\
\x84\xbd\x04\x12\xdb\x9e\x01\x0c\xa5\x19?\x12\xa1\x8c!\x8b\
*\xd9i#\x85=\xfa\xde\xc1M\xf8\xe5\x1c\x83\xa22\
\x95\x1c\xadJ\x0c\xf1\xd8\xd8\xa4nZ\xb1Z\xb7\xdc\xbe\
N7\xaf^\xa7\xdf\xfe\xe9:\xddt\xfbZ\xad\x1e\x9d\
\xd2o\xaf\xb9Q7R~\xf5\xad\xab\xf4\xa7\x9bW\xe9\
\x9a\x9bo\xd7\xf5+\xd7\xea\x96;6\xe8\xd6;6\xd6\
}nXq;\xfdW\xa9tzB\x9b\x03\x1e\xfeP\
\xb14e\x0d\xac\x9aat\xf1\x80S)\x81\xaeB\x08\
r\xc1?\xe0\x80\x87@\x83\x06\x82\xdcUd\x8d\x0e%\
\x82\x96\xa3p\x9e\xefb8\xbc\xad\xfe\xcac\xd0\xe0\xae\
 \xdegA\xf0\xb5\x03\xb4%\xab\xd4\xc10\x0d\xf4\x0f\
(\x86\xa8\x12O\xd0\x85\xb4\xe0\xea;\xcf\xa8\xebL`\
\xdc\xa7\x14\xac\xc7Q~\x8a\xeem\x0d\x0f\xf5k\xfb\xed\
\x16\xeb\xfe\xfb\xef\xab#\x1f}\x98N|\xcaqz\xd9\
\xcb^\xa4\xb7\xbd\xf5L\xbd\xed\xedo\xd5\x9b\xdf|&\
\xc6\xf8\x8d\x18\xe6\xd7\xc9\xff\x18\xceK^\xf2\x12<\xd1\
\x17\xc9\xd3\x17\xbe\xf0\x85\xf5\xff\xfc\xf0\xa2\x17\xbd\xa8.\
{\xfe\xf3\x9eOH\xe0\xf9\xf2\xf2\x97bH_\xfd\xea\
W\xe9\xadoy\xa3\xcez\xef\xbb\xf4\xaf\x1f<K\xef\
;\xeb\x9dz\xfd\xeb\xfeEnt\x8f~\xdcct\xbf\
\xfd\xf6b\xee%\xc4\xc7\x87]\x1c\xc1\xabR\x8c\x95*\
\x0clJ=\x95UW\xbe\xa6\xc8\xc6\x15\xa1m\x8cQ\
\x0d6t,\x01m%\xa7\x9fx2\x0bu,\xb1\x07\
\x1dE;\x97\x0d\x8a\xb7\xe93\xd3\x9e\x11\xe2\xa5\x04\x7f\
cd\xdc\x10\x95`f\x0f\x9c\xfc\xb7\xcc\xe6`\x0c\x82\
\x09:\xf6\xa0\x9fd\xfc\xeb!\x07Y\xa3\xd0n{\xee\
\xae9\x0b\x09\xdbL\x8ei\xd5\xbauZ35\xa1_\
\xfe\xfa\xd7\xba\xfa\xd6\xdb\xf4\xc7\x9bW\xe8\x9a\x15\xabt\
=\xf7\x0c7\xaeZ\xab\x1b\xb8\xbc\xbc\x96\x8d\xeaOl\
^\xd7x\xfd-\xb7 {w\xe8\xfa\xdbW\xe9\xa6;\
V\xeb\xd6\xb5kt\xed\xad\xb7\xe8\x06B\x08\xb7\xe0\x11\
n@\xef\xdc\xb1PJ\xba\x96\x0b4\x0f\xc7\x90\x85^\
\x11z\x81J%\x05p\xad\xc0\xb5\xc6\x8a|\x92\x90\xc3\
\xaa\x86\x18\x02]\x938\x01k\x10\xe3;::\xa6%\
\xcb\x96j\x19\xa7X7\xae\x05\xc6\xb2\xc8\x1aJe\x9a\
\xd5\x15\xe48\x0b\x99Z\x9c2\x8b\xa2\xa9.z\x95\xd1\
f\x92\x93\xc6\xc1\x87\x1c\x82\xdc\x8c\xd44\x08\xd0\xbbD\
\xaf\x1byQ\xf3f\x06\x9bRA\x8f)\x1c\x0b\x10B\
J\x93&\xa7\xa7\xd4\x1a\xe8\xd7n\x84^b#\x97\xff\
l\xee:\xc2\x97\x1b\x88K\x9b\xc4\x1a2PH\x0a1\
\xcab\xe0Dv\x7f\xfaQa\x92{\xd7\xbeN\xd7k\
\x07a[\xa8\xa1OT\xb4\xd0\x89!L\xb7Z\xad\xca\
\xcb\xb6\x15\xc2\xb6v\xdc\xdc\xaf\xd1hT\xd8\xb5IK\
i\x0c\xe1\xa9\xa04\x02j\x88\x86\x14 \x22\xdf\xe0m\
\x12B\xd5\x18\x1a\xd6\x92\xed\xb7\x97\xc7PBV\xc8\xf9\
E?EZ\xb7\x89\xeb\xae$\xce\xe6;\x12+\xd4\xae\
\x1c\x03[\x03}\x1a\x1c\x1aRd\xd73\x86(\xf28\
\x9b\x0fAc\x93\x13\x9a&\xc8\x1e\x8b\x5c\x19\x86{\x0e\
\x17\x1e\xfb\xec\xb3\xaf\xe6qT\x18\x1f\x1d\xd7\x06nJ\
G\x06\xe6(q\xbe\xef\xb6+U\xdd\xc4\xd1\x7fZ\xfd\
y\xbf\x0a\xcbQ\x9a\xa0)v\xe4\xd8?\xa8=\xf6\xde\
W\x891\xe1\xbf\xda\x18\xa7\x1eT\xefa\xc9\x5c\xb8\x9d\
\xba.L\xaeX[\xf2,\x9e\xe5\xa8\x02'\xb2(\x8d\
\xa9\x9a\xc1\xf21\x87\xdf\xb2\x8e\xad]\xaf\xc1\xc1aM\
\xb1\xa6\xef|\xe7\xfbz\xef\xfb?\xa8\xd7\x9d\xf9V\xbd\
\xeeMo\xd3\x87\xff\xe33z\xc3[\xdf\xa1\x97\xfe\xcb\
k\xf4~.\x96^\xf3\xe6w\xe8M\xefz\xbf\xce|\
\xf7\xfb\xf5\xc6w\xbfOg\xbe\xeb}z\xe3;\xdf\xaf\
7\xbc\xe3,\xbd\xf1\xedg\xe9\xd5o|\x9b\xce\xe2\xf2\
\xe97\x5cbX\x96k\xf7\xbd\xf6T\xab\xbf\xa5\x0e\x9b\
mD`\x1c\x02\xb8\xc7\x10\x95Q?\x04\xbd\xe6\xcf\x9f\
\xa7V\xab!\xf7\x8e\x1c\xbf\xff\x09\xb0\xbb\x0e\xe2\x04\xd9\
\xf2\x9e\x14`N]O\xb9\xa5\x0a\xbeS\x89\xa15@\
\x04L\xe4)\x90\xc8'u\x94\x84q#\x9f\x17\xa6\xbe\
\xbe\x86\x86\x87\x07\xf0p\xe7h\xd9\x92\x85z\xf8\xc3\x0e\
\xd0\xa1\x87\x1e\xa2\xc7>\xf6\xb1\x84\x22\x9e\xa4\x93O>\
I\xa7\x9ez\xaaN;\xed\x99:\xfd\xf4\xd3j8\xed\
\xb4\xd3\xea\xf7gR\xe6\x7f\x11\xec\xb4g>S\xa7\x9e\
r\x92\x8ez\xec\x11:\xe8\xa0\x87i\xef\xbdw\x97\xff\
_i\xcdf\xae\x92K\xc7i<\xf1\x10\x1c\xafY0\
6\x0b\xc7\xcb\xac\x84F\x15PJ\x96\xb4\xf9\xa9\xd7\x02\
\x96\x08-u\x9bK\xef!\xa5\x8b\xb75\xf3\xef{\xa8\
\xffo\x8a\xbc\x17\xa2F+\xdb4=)o\xfe\x89\xcc\
?\xc2\xc9\xb0h\x14jc\x98\xfb\xfbZ\xf07\xa8\xe3\
\xf7\x1cU\xa9\xbe\xc1>=\xec\x11\x07\xa9\x7f\xde\x88\xae\
\xbe\xe9F\xbd\xf3\x83\x1f\xd0\xeb\xdf\xf6N\xbd\xebC\x1f\
\xd6\x1b\xde\xfe.\xbd\xee\xed\xef\xd4\xebI_\xfb\xb6w\
\xe8\xb5o{\x9b^\xf7\xb6\xb7\xf3\xfe\x0e\xda\xbcC\xaf\
~\xcb[\xeb\xf4\xb5o\x7f\xbb^W\xe7\xdf\xae3\xdf\
\xf9.\xbd\xf5\xdd\xef\xd5\xdb\x80\xcf\xff\xe7\x97\xb4b\xe5\
*%dJ\xc0m\x18\xe9;0\xde\x938\x10V\x05\
\x19\x08\x06\xe0\xee\x1fC\xf5\x9d \xa6\x1c\x9d4\x8b\xd0\
>\xa9\xc8\x0b6\xdc\x92a\x82v\xdee7dwP\
\x96\xe7\x18n\xda\xc5\x86\xaavR\xe8\x9a\x9a\xd6\xd0\xcc\
\xd8\x8cf\xc6\xa7\x89\xd7vk]\x8d1jhx\xae\
\x06\x06\xfa\xb5\x18\x87J\xd0\xb9\x81\xe7\x1cc\xaeQB\
\x81\xa3\x1bG\xdd\x03\x85.\xb9r\x1c\xb8\x0a\xd9\xcb\x1b\
\x85r\xecE\xd6\xc8\xb4t\xfbe2\xf2\x15\x88\xaeZ\
\xb9R\xfe\x8bX\xd1\x02\xf5\x85$\xab\x0d{\x93\xf0\xc5\
R.\xdb\xfa\x06\x87(\x0al\xbc\x95,\x04\xb9N1\
\x9c\x1c`\x85$\x84&Ux\x10\xd5$'\xabJ\x7f\
\xc3\xf3\x97\xb4\xdb\xca\xc1V\xadZU\xa6\xee\xccJ\x0c\
\xe8\x95\xddvw\xac\x8b'Y\xb1KIA1d\x18\
VT\x0c!q\xec\x8d#\xd0R.w\xe6`\x14\xdc\
\xa0u\xf1\x0e}A\x99e\xea\x11\xeb\xb9\xf1\xfa\xeb5\
\xe6G\x7f$qg<\xdd\xc19\xc3b\x10\xb9\xa7\xe9\
\xc7\xe1D\xb9\xa7m<\xaa\xd0\xc8\xd5\xe8oRo\x9a\
\x98\x9aR\x84\x91\x0b\xb9\xc5-\x89\x09\x8d\x8c\xcc\xe5\x88\
\xbdL\xed\xc9\x19u'\xdb\xba\xfc\x17\x97\xe8=oy\
\xa7>\xc6\x8d\xf5\x1f\xae\xfc\xa3\xf2\xd0P\x9a\xae\xd4\xca\
\x9a\xeal\x1c\xd7\xa2\x85\x8bu\xc0\x81\x0fW\x151\xc4\
x\xb1r\x0f\xd6\x04jI\xd0_!\xf2b\x00\xb4\xd9\
ll+\xf2w\xfd\xf4\x17M\x95\xdc@\xff\xf6\xd2+\
\xf4\xab\x0b/U\x80\x0e\xfe\xe3o~\x83\xdf&\xbfn\
tBw\xac\x1f\xd3\xfa\xd1\xc9\xfa\xbf\xe1\xb9\x15\xafw\
=\xf8\xad\x5c\xbbQwP\xb7z\xe3\x84n\xdf0\xa9\
U\xdc\xe0\xafZ7Q\xa7+\xc9o\x98\xec\xc8\xff\xf7\
\x89+\xb9\xa4k\xb3\x11,\xe5\x82g\x1fb\xa2%\x9b\
\x83c\xa8\x1a/\xd8\x98\x82\xa2e\x9a\xcb\xda\xe7\xcf\x9d\
\xab&\xa1\x11i\x16gm\xd3S\xb11\xcd\x82\xe4\xab\
\xad\x18\xad\x92\xcb\x9e,\xc9\x1f\xa3$8\xf0\xca\xc9\x97\
\xf6\x92\x19\xa5\xbc\x90\xc8<u\xa0\xbd\x01\x1c\x84\x143\
m\x02:\xc9\x8d]\x8fN=\xda\xf6\xa0w\x8f\xb8\xfe\
\x06\xcd\xe0\xb1\xf5\xdc\xb8\xe0\xed\x19kv\xa8\xe09\x9a\
\xca\xd4\xf4!\x04  Q\xefP\x12\xdf\xec\x917c\
(\x9f\x0f\x88\x99\xa9\x81\xd1\xedCF\x06\x06\xfb\xe0\xa1\
$\xdb\x8c\xff]S\xc6\xa3\xdc\x90\xad\xcd 0\xf1\xb6\
\xc6\xba\x1dD\xea\x10\xd0@\x07\xfd\x0f>\xa0*\xd0\xfe\
\xb3\x11\x93\xcc\x8c\x8d{P\xc3\xc3\x83J\xd0 \x04S\
\xe6\x06\xc4u\x09Z\xee\xba\xdb\xae\xday\xb7\xdd5\x89\
\xcc\xfd\xfa\xf7\xbf\xd7\xef\xaf\xb9^\xfe?D\xac\x22$\
s\xeb\xdau\xda\xc8\x1d\xc7\xba\xe9\x8e\xd6Ou\xb4\x0e\
9[\x87^m\x98nk\x94\xb8\xab\xc3\x18\xde\xe2z\
\xde\xef\xc0x\xad%lp\x07\x06\xecv\x8e\xdf\xae\x7f\
Cs\xe6j\xe9\xd2\xed\x15\xd1\xe1[\xae\xbbY\xfe\xd3\
\x03%\x17\xcc\x8b\xe6-\x94{\xf9wG6H\x16\xe4\
\x0e\x08\x94\x94BT\x8e\xa1\x95\xa9\xf6L\x1b8D\x1e\
\xd2\x1a\xec\x1f\xd2^\xfb\xddOCK\x97)\x11\xea\xeb\
\xa1\x13\xa9]\xaa\xa9\x5c\x97_p\x91^\xf3\x92W\xea\
\x93\xff\xf6q\xad`\xbe\x1c\xc3>od\x1e\xf3c\x17\
X\xc3v;\xec\xac\xfd\x08?\x19F\xb8\xc3\xa9X\xd0\
\xa2\xc1\x894/\x0a\x99\x19\x1bQG!\x84z>\xff\
\xa5\x9e\x0a\xb9\x1a\x1c\x1c\xd42<k\x0c\x90\xa6\xc6'\
u\xd3\xf57\xa9\xc4\x9b6\x03_\xf8[b\xb0\x90\x02\
\x8d\xcc\x9d\xa7e;,W$L&\xc7\x19\xfaz\xb9\
\xe7\xbd)\xc3+\xd1\xb6\xectF\xdb33W\xad\xdf\
8qk\x7f\x7f\x7fW\x92\xb6\xf5q\x0c\xb6\xb5o\xdd\
\xef\xcc3\xcf\xac\xae[\xb1f\xed\xad7\xdfz5\xde\
\xe5X\x81a\xadp\x19\x13\x02\xea\x88{\x1a0\x06\xa2\
\xcc\x090@`{1!\x00_\x98\xb1ce\x002\
\xc4n\xd8\xd5m\xb7\xdc\xa6\xb1\x8d\x1b\xe5}\x06\x88S\
-\xdfi\x07M\xb59\x96\x8a\xd64\xea\xa1\x5c\xae\xc8\
\x8d\xbeBy\x91\xd5\xc7\xe7\x09\x14\xd4\x89\xe3\xff\xc7\xd6\
~\xfb\xdc\x0fc\xd3\xc7.9\xa9\xa95\x1b\xd4\x9d\xea\
\xea\x07\xe7~W\xff\xf9\x89\xcf\xe9\xcaK~\xadK\xcf\
\xbfP\xdf\xfc\xc4\x17u\xc1\xb9\xdf\xd7\xf4\xc6I\x85\x9e\
\xa9\x11\x0b\xf4\xc9\xb4\xc7^\xfb\xe0\x1d\xf6\xab\xcdF\x90\
\xa1\xac\x19^ub^'z\x1e\xa3\xe0\xa9\x04\x0eI\
\x92\x1b\xde\xcd\xc0\xab\x17\xcb\x94\xd4\x08\x99J\x84i\xf5\
\x8a\x95\x1a]\xb7A\x01\xe1\xd9m\xb7=\xb4\x94\xf5\x0e\
\xe0\xe5\xc7,\xd7(\x97My\xa3_\x83#s4\x89\
\xe0g\xad~\xa5\xac\x00ZJyS\x15\xf9^\xc8\xd5\
\x0d\x85fc\xbb\xb9&\x89}\xff\xfa\xf7\x7f\xd0Z.\
2\xfa\xf1~\x1eu\xc4\xa3\xf0\x18\xfa5C\x7f\xe4A\
5\xbd!\x91\x93\x1c\x81\xa8\x955\x82\xb8aH\x1c\xbf\
\xad\x05dO\xc1\x17\x8a1\x12\x10\xa0\xc3\x9f\x8faf\
\xac\xf9\xceR3\xde\x0d:Q\x04\x99df\x82\x91\xa4\
I\xc6`nt\xe5\x15>\x16F\xa4\xc2h\x96\x84h\
z\x18SO+\xf2BY\x8a\x22\xca!\xc7h\x06\xfa\
yY\xe2\xd8_\xe2\xd9W\xa4\x89~\x15\xdek\x89,\
xZal{\xd4u\x01\x0fux\x1c\xd6\xc7rC\
U\xa1@=\xda\xb5\xdb\xd3\x88\x1eF\x9dy\xbd\xfcn\
\x00\x01\x93\xd3\xa9\xc6M\xb3\xcf]\xf3\xb3%\xf7\xf8\xcd\
\x0ag\x97t\x8f\xb5\xff}\xa1\xf7\xbfk\xab\xcd\xd3\xce\
\xa6I\x19Fv\xb0\x7f\x00\x99n\x10\xe3\x9e\x84\x9c\xa5\
b\x0c\x1a\xe8\xef\xd7\xc3\x0f>HM\xbc\xdf\x15\x84\x02\
\xae\xbc\xea\x0f\x0a\x8d\x86\x0a\xda\x96\xc8N\xde7\xccy\
\x22\x12v3\xf9\x01\x0c\xdb&\xc4R\xdd\xff\xcf\xde_\
\x00\xd8u\x1ci\xc3\xf0\xd3\xdd\x07.\x0cj\xc4\xcc\x96\
d\x8blYdK\x96ef\x94L1\xc5\x89\x1d\xce\
f7Yx\xdf\x05/e9Lfff\x94e\x94\
dY\xb2\xd8b\xa6\xd1\xcch\xf8\xe2\x81\xfe\x9f:\xa3\
1\x04v\x93\xd8\xf1:\xff\xf7\x1e\xdd\x9a>\xd0\xa7\xbb\
\xba\xba\xea\xa9\xea\xea;#\x22c\x08\x83H9\x10\x1d\
c\x90\x89\xb2U\x88y-u\xca\x5c\x15\xd6\xd4\xf6\xc4\
\xf8\xf1\x93\xd0\xbbg\x1fX\xae\xdc\xb6m\xda\x82\x03\xbb\
\xf6!\xcc\x97Pd`@&\x80_f\x1c\x9cj\x92\
\x16#Q\xaa\xcb\xd4ymIP\x06%\xaeH\x07\x0e\
\x1c\x84#\xb81\x181\xc0\xb0\xec\xc7X\x8dF\xa6=\
\x1e\xbf\xe7a\xdc\x7f\xf3\xddh\xda\xbe\x1f+__\x8a\
\xdb~t\x13\x16\xbd\xf4\x1aZ\xf75\x22d\xc0\xa4Y\
OG\xc0\xf0\x91\xa3\x90\xe1\xf8\x8a\xe5\x12B\xce\x99\xcb\
\xc8\xd6#\xf0FT\xfa\x081\xffY(\x82\xb1\x04e\
1\xe7s\x10\x83\x93J\xa6fD\x07Z\x99\xbal\xe0\
\x9e\x91\xa3\x0d,q(\xa0=\xd1\x5c\xa0\x8cN\xa2\xe1\
L\x8f\x9e\xbc\x1f\x0a\xb7\xe0M\xc8\xfb\x90\x83\xb2\x09Y\
W;\x86+\xeb\x5c\xa1\xbe\xf1\xc0\xe6\xb6|\xfd\xbe\x8f\
\xb3\x89&\xcdj\xf9\xf1q\xa9\xb2\xad-\x0cl\xd4B\
\x01tPa\xac\xeb:\x8c&9\xb9I4F\x0f\xcd\
k\x90q\xcb(\xd4\xa5G\x19\xc5\xd4\x81C/e8\
h\xad8\xe9\x1cX\xccg\x92s\xd9\xcfM\x92\x80B\
ST\xb8\x09\x93&B\xf3=m\x0cA\xd6%\xb8D\
\xc9|[\x1a\x93\x18\x97\xe6\xfbi\xcfGe&\x8b\xfe\
\x5c~\xa4\xd8\xa6NePb\xda`\xf7\x96\xed\xb8\xed\
\xa77\xe1\xf1{\x1fF+'7\x1d9\xa8\x84\x8f\x1d\
k6\xe1\xf1\xbb\x1e\xc4s\x0f>\x86};\xf7&\x8a\
\x05\x82a\x9f\x01\x03\xd0\x97\xbb\x9d\x11\xdb\xd6\x1a\xd0\xfc\
a9\xb9\x96\x9eU\x13P\x15\x85d\x85x\x22%\xf5\
\x17\x9c\x93\x84x\x9b\xe9\x8b\x88@\xa5\x102z\xd8\xbc\
~\x03\xb6l\xdc\x84\x88\xa08\xb0_\x7f\xa5i^\xd1\
\x00\x00\x10\x00IDATL\x9e8\x11i:\xa3\x80\
9@\xbeK5\x89\xa1\xd8g\x89\xd7\xcau\x11\xb2\xa1\
\x98r\x88\xa8\xa0!\x0c\x17\xdel\x87\xf7B*\x5cl\
8n\x1a\xd2~\xa6,\x96\xbc\xfb.J\x04\xa7\xc3\xb8\
\xa16r\xcca0\x22Wh\xda\x81\x82R\x0e\xc0\xc6\
}\xd6\xf7\x1c\x07\x22#\xe1\xeb\xf7\xa3\x18P\x11\x01\x85\
%\xd5\x19\x09E\xe8*\xe5\x1e;\xe2\x15;\xe5\xc7$\
\x04\xf2\xa1\xc83\xac\xe1\x13\xcdw\x15\x92\x7f\x1c\x83\x22\
\x81\xcf\x14KQ\xfa\x88\x91NL\xddHx\xe4\x5ck\
\x8e]\x1b\x05\xa3\x15\x97\xa4\x04G\x01\xd6\x84\x18P\x10\
(\x05|9\x1dpX\xc7!\x18\x1bvaX\xcay\
B\xbcvy3\xed\xa7\xe09>\xb42\xec\xbf\x8b\x07\
\xc4\x1a\x88\xd5o$N\x06@\x1e\x00\x8eKu\x91\xe2\
\xb5:4D\xf0\xd0<\x17\xe2i\xd7\x87\xcd\xf1\xc3\xf1\
u]~\xdc\x9f\xd2\x97\xd0/\xb7#}\x14\x99Z\xf0\
<\x17\x11\xf50\xa2\x83R\xb0\x182t0&\x10\xc0\
R\xd4}\xf9\xbb\xc3Mt\xf0EF\xb0\x9d\x8ch#\
\xebP\x9f4G\xe3\x90\x5cDp\xbaH9\x04\x13!\
\x83D\xcf8\x17QL\x10\xd2\x1e4W|\xa0\xde\xa5\
\xd3\x15\x18>d\x04F\x0c\x1e\x01P\xf4-\xf5\xcd\xd8\
\xb2n3\xca\x5c\xf6W:iZ\x8f\x81\xa6,\x85\xba\
y\xb5<\xe9\x22\x0dhC\xc0\xb5L}\x95a9\xa7\
\xcah\x94\xe9\x14]\xdfcZ\xec0\xd4\xd4\xf5\xa2\xa8\
-:\xb8\xba\xdc\xca\xbd\x8d\xfbo\xbc\x1d/>\xf6\x0c\
\x8a\x8d\xedp\x0b\x16\x15\xa1\x83\xddk7\xe3\x1e\xb9\xff\
\xe4sh\xa1\xddF\x8ct\x95\xe3\xa0/\xed\xb3O\xff\
~\x1c\x1b\x01V\x01\x12\xf1\xe6\x99\xefUZ\x839V\
\xc4\xb4U\x9f6\x16rB=\xea\xc1\xf8\xf1\xe3\xe1\xf0\
\xbd\xc8Z\x1c$\xe8\xe6\x19\xb0\x80\x8cJ=\xc5\x99\x13\
\x024\x86\x0d\x1f\x81\x14\xd3u\xb2O\xc3\xc7\x1c\x02u\
\x87\xbc[\xab\xf8\xbe\x86\xe3\x1a(\xa5\xf9Z\x9c\x0b\x83\
\xb8\x05\x0c\xcb\xf01\x0fJ\xeac\xb6\xc0\xd7\xeb\x1d'\
N\xbb\xa9\xbc\xeb8\x1d\x96\xd6\xc4\x0f\xc4[D\x04S\
%\x86D \x03\x85\x03\x0a\xc1\xa5\x02\x8d\x1c\xcd\xbc$\
\xc1W6\xba\x02\x02\x93\x08C+\x8d\x80Q\xe6n\xee\
N\xe7sy\x08\xe0\x8d\x1d;\x0e\xbd\xfb\xf6AL\x81\
\xca\xf3\x98i\x8b\x88\xa0\x13&\xca\x07\xf8\x9e\x03\xce+\
*\x98\x97\x19>t\x182~\x1a\x0d\x5cf-\xe7\xf2\
\xfe\x8e\x1bo\xc5R.[\x82\x8e\x222\x5c\xc4d\x95\
\x0f\xc3\x89M3\x7f\x14\xb5\x16\xf0\xfa\xf3\x0bq\xefM\
\xb7c\xed\xca\xd5\xe8\xe0\xa4\x0c\xa3'\x1d3f\x0c\xdb\
\xd3\x10\xe0\xb54v\xc5\x09T\xe4]\xb1\x7fX\x0b\xce\
CB\xb2\xb1'\x13$\xc4\xe1s\xea\x001\x00\x8f\xe0\
X\xe2\x86\xdeV\xf2\xb0~\xcd{(t\xe6Q\xc5M\
\x84#'OF\xbf\xbe\xbd!\x22\xa8\xc8fU\x99\xde\
\xbaD\x85\xf1\xe8$$\xca\x8a!\xa6\xa4\x00\xa5\xd9\xbe\
\x02\xe1\x9b%\xcf\xa9\xc4\x8e\x9f\x81I\xa5\x09\xb61\xde\
\x5c\xb2\x08\x05\xa6?D&\x93\xa7\x1c\x05\x9fJ\x066\
j\xf9\xbe!\xe8Xa\x90\xe7\xd6\x02\x223|\xac\x83\
\x8d\x10\x84\x14b\xb6\x22\xe7\x87\x88WP\xc2\xab\x82\xfc\
\x93K$g\xbc\xe2}Mi(\x02\x9d\xa5qZ\x1a\
\xb6\xe5\xebB\x1c\x90\x88\x10J\x19\xaa\x81\x0bc\x1c\xb2\
\xae\xa1\x14{\x88-\xba\xe66\x029\xe7=K\x92\x17\
?\xb8\x06\xa5\x22\xcfd^\xac4\xc8\x8d/\x80\xf5\x12\
4\xb4l\x9b\xc6\xc8v\x02:\xef\x12SUR\x8a\x1c\
\xa4\x1f\xcf\xf3\xd9\x97\xc36\x15\xdb\xd7$\x05\x05\x03\xf0\
\xa7R]\xa5\xb4\xf5\x9b\x09\x1f9~\x1d@~\xa4\xc2\
o\xba\xb0\xbf\xe9\x01\xa0\xd0u|\xb8\xed\x98\x80\xd5\xda\
\xd2\x02\xb1\x05\xef\x90\xae\xa48\xe7\x93\x18\x8c\xf4\xeb\xdb\
\x1f%I-\xbc\xbb\x82\xcb\xeb\x90\xef\x1bxn\x1a5\
\xb5u\xd4_\x8eQ{\x00I%\xe4r\xfc.\x94v\
x\xcf\xe5\xb9\x07c\xfc\xe4Z\x09(S\xd4\x04\x14\xa6\
\xa6zb\xeca\xe30\xa0\xef\xc0d\xc5\xb6{\xdbN\
\xec\xdc\xb4\x0dbC\xa9\xd8A\xa5\x97\x86aOH\x0e\
\xc5\x9f\x1f&J\x8f\x971\xe7$\x22\xc92\x9f\x1d%\
\xe0X\xc7}\x96\xb1\xe3\xc6A\x00\xb0\xa1\xb1\x19\xcb\x16\
\xbf\x83[\x7fz#\xde\xa1}\x1a\x86\xdb\x19\x06D\xba\
3\x04:\xca\xa8q\xb3(1\xbd\xf6\xe2\xe3\xcf\xe0\x81\
\xbb\xee\xc5\xfa\xd5\xeb\xb8\x11V@U\xcf\x9e\x18\xc1\x8d\
\xb1H)(\xc7@\x93\xa4/exm4\xba\x02\x1a\
\x9b\xe8}uM5F\x8f\x1e\x85\x88\x8e\xbb\x9c\xcf%\
_\x15+\x16\x0a\xb0\xc4\x0f\xad4\x0c\xdfUZ#S\
\x91\xc5\x08\xa6i|\xcaV\xf3\xdarl\x96\xbcC\x1b\
\x84\xd4\xa5\x98\x0a\x14\x12\xc38Pj2\xf2Z\x99\x5c\
\xbae0\xa5\xc5;\x1f\xe3\xa3?\xc6\xbb\xef\xbf\xda\xdc\
\xdc\xcc\x8d\xfaR\x93Vj\x1f\xa0\xcaZ+h\x0a'\
\x16\xe3\xe0@\xf2\x1cp,\xe0\xe5:\x90\xa3w\xff\xbe\
\xe8\xd3\xbf?lR\x07\xf0\x5c\x0f\x8eq\x10\x96C\xec\
\xdc\xb1\x1dm\xf2\xdbi\x8c\x84z\xf5\xedMO4\x8c\
\xc2\xa3\xf1\x91S\x11\x96\xb4\xed9\x0eDP\x01\x01;\
\xa0\x81\x0d\xec?\x00\xa3\x86\x8f\xc4\x9e\x1d;\x99Nx\
\x0a7\xfd\xe4\xe7\xd8\xb8\xea=d\x8c\x9f\x90G\x100\
\x01\xe03\x0a\xf0\x84\x22\x83\x98\xb9\xae\x15K\x96\xe3\xee\
[\xee\xc0[\xaf\xbe\x81\x03[\xb73z\x18\x8f4\x01\
.\x0ec\x80Bw\x8d\x86!\x8f\x1a\xbc\xe6\x04\x08\xef\
\x80L\x0d8*|\xe4\x88\xc9\xaf\xd1\x1a\xf2\x1d\xc5\x98\
\x13\xb5\x899\xd8\xad\x1b7#\xcf\x9c\xd9\x80\xde}0\
\x859\xa9\xbe={@\x13<\x5c\xad\xd8. \x9b#\
\xb4(\xb0\x1b\xce\xb3\xa2\x0c4\x1cN\xb8\xc3v\x1c)\
\x1d\x93|\xb78\xb2`*\xa1\x8c-[\xb6b\xc7\xce\
\x9d\x90\x08w\xf2\xe4I\x90\xefrJ\xbfBJ)D\
\xe4A\x94$d\xee*\xe6K\xef\xb3\x8c\xee\x83\x0d\x91\
\x7f\xfc\x0au?\xffp\xd9U7Q\xc2C\xf5\xe5\xce\
/\xd7H\xae\x95\xfcT\x8c.\x15O\x14\xac\x15\xd2\xb0\
\xdd\xc0\x9b\x5c\xcb\xbd\x0f\x08\x94DB|&\xcd\xdbD\
\xc4\xecA\x9c\x1d\xe5\xcd\x9a\x94\xb1\xdc\x8c\xd9NDP\
\x0e\x101U\x10\xd2\xe9tSL\x07\x1c\xd3\x01'%\
\xc7n\xf9:h\x1eJihe\xa0 <\x00\xa1\xcc\
'\xfbQ\xca\x81\xe6}!\xd5]\x87\xa5\x9c\x03\x0a\xbf\
*\x17i\xf0\x83\xbb\xac\xf0\x91O\xd7\xd3\x8f\xdc\xfa\xef\
/\xa4\x8b_\xa9!\xad\x08\xc9\x83\xee\x0a]e\xbeP\
$\xa0\x96\x12@1ZC)\x85\xde\xbdzb<7\
\x8c\xab\x98\xb3\x94\xbf\xe4\xb5c\xfb\x0e\xe4;:\xe19\
LGQ\xefb\x02\x8b\xe1\x984\xba\xfe9\x1c\xaf\xd1\
\x0e\x92\x12\x06\x86m(v\xa7\xa1xn\xe0\xd0Y\xd3\
\xb7&\xef\x0f\x1b:\x14\xe3\x18\x10\xc9r\xbe\x83\xf9]\
\xf9M\xcf\xe6\xfa\x06p\xc7\x09\xf2]\xdd\x88\x0eM\xde\
\xfd\x80\x14\xe4`sH@\x16\x16l\x1e\x86mZ>\
\x10\x90\x15\xfd\xe9O[\x1f2x(\xb6\xae~\x0f\x0f\
\xdeq\x0f\x1e\xb9\xefA\xd4\xef\xdc\x93\xa4\x0f\x1c\xa60\
\xd2\xcc\xebV2\xda\xaet3\x88\x99;\xd6\xb4U)\
\xdfZ\xf8:\xee\xb8\xe96\xbc\xf1\xd2+I`t\x18\
\x83\xa2Jn\x14\x07\x9c\xeb\x90\x81\x90\xe3\xba\x90>\x02\
\xae\x02\xa8%\x08\xa9\x0f\xd2w\xaf^\xbd \xdfdR\
J%\xb2\xd9I\x19I\x80ghO\x9e\xef\xb1^\x84\
2\xf1\xa8/\xf9\xea-\x7f!O+\xb8L\xcfDT\
\xc2b\xa9L\xc9)\xd8D\x99\x14\x8c6\x80B\x91A\
\xcc\xdeR\xa1p\xa0P[\xa0w\xc0\xc7:\xf4\xc7z\
\xfb\xd0\xcb\x7f\xf7w\x7f\x17\x05\x85B}\xb9P\xd8\x18\
\x95\x0a\x1d\xa0P\xc85\x5cA\x13\xce\x8b\xd2\x9af\xc4\
\xca\x1c\x80%\xc0\xfaL\xd4\x0f\x18EO$\x03\xe5=\
\xad\x9d\xe4\xfbwQ\xb1\x8cz\xd9)\xad?\x90\xd4w\
(\xa0\x91\xe3\x0ec\xfe\x89\x22\xe5rR\xb9\x1a\x8a\xe0\
\x1cQ\x0a\x8a\xef\x09\xc0\x88B\xf5\xa8\xac\xc5\xd6\xb5\x1b\
\xf00'\xf4\xd5g_\x82K\xefY\xa9}\x22U\x00\
]\xb6\x88\x09\xe6\x1a\x1aP\x8a\xacY\x84A\x9c\xf4'\
\x93\xbdw\xd3v<\xfb\xe0\xe3x\xe6\x81\xc7\xa8\x04E\
\xd4U\xd6\x803\xc9\xda\x0a\xd2W\xac\x14salC\
AT\x0a\x8a\xff\xd8\x124'\xa5\x8b\x90\x1cEF\xe9\
\xe08#\xdeW0t\x00{\xb0a\xd5zD\x9d%\
d\xc9\xf3\x04\xa6\x03\x86\x0d\xe8\x8b\xce\xe6F\xc8\xff\x0a\
\xe1H\x12\x81\xb9I#\x11[X\xe4j\xbe\x08\x1b\x16\
\xc0\xfc\x04\x14K-\xf7\x82\x02\xf9\x08\x91\xf2\x0cR\xae\
\x93\xe4\xaa\x17\xbf\xbe\x08\xed4\x88Q\xc3\x86a\xfa\xb4\
)\xa8\xc8\xfa\x00\xca\x08\xa3\x22\xbbW\xe8d\xa4\xdd\xde\
Y\xa4\xfc\xdcd\xac\xc2\xaf\x18\x1a+\x01TTK\xef\
\x0f\x016Z\x9ab-\xde\xe4\xa3\x98d\x0f\x11\x0b\x8e\
\xd1r\x0c\x96\x0e\xca\xc2\xe1\xb8MB\xe0}\x90#\x08\
\xb0\x11\xc4\xc0\xa3\xfb-1\xba\x88m\xca* \xee\xae\
\xa7\x0c\xd0M\xc9=\xf6H\x1e\xc49D,\x13\xc5V\
\xacB\xa5\xd7\xd4\x15mX\x9f\xed+\xa5\xa18\xbfB\
\x9aeB\x94arm4\xb41$\x07\x9a\xcf\x92{\
R\xb2\x1fi\x13l\xcf\xf0\xb9\xa1c6|G\x1b\x0d\
\xa5x\x93\x1f\xf0HN\x93\x1f\xbc@\xd7M\x95\x94\x8a\
7tB\x16\x9a\xe3U$)5D\x07\x84,\xeb\x09\
\xc5,\x85\xe4\xfc\x90\x18\xf8\xde\xef\xfa\xe1\xdb\x8c\xd2\xb5\
\x8e\xf9b\x0c\x87\xf3[\xa6\x9e\x96\x09B\x9a\xc1\x02\xef\
\xa0\x81)\xa5\x88O-\xa9L\xe7\xe2y.\x0e?\xe2\
\xf0$\x8a\xeb\xccu&\xbf\xf8\x91\xeb\xcc\xa1Dp\xf6\
\x1c\xf2N\xa7\x14\xe4:\x90\xa5\xbe8Q\x09B\x86z\
\xe1\x86%\xb8\xd45\x87d\xe8\xb4\x1c\xb6\xe5\xb0\xaek\
\x03\x18\xdeS\xacS\x95q1~\xf4\x08\x8c\xe02\xde\
\xa5\xd3nd\xeam\xdb\xba\x0d\x90\x95\x9bb\xd3^\x85\
\x0f\xf9\x7f\xcad~9||@\xc2\x7f\xc4K\x96\x04\
-N%\xb4\xc8\x97A\x8b\xa4\x0c]\xe5 \xcd\x08|\
\xd7\x96\x1dx\xf4\xce\x07\xb0\xfc\xd5\xc5h\xd9\xd3\x00'\
T\xa8\xe4*NlS\x00\x11|'\x01Mv\xe6\x1b\
\x17\x0e\x03%\x9f\xc1Q\xe3\xf6}x\x8a\xb6\xf9\xd2\xd3\
\xcf\xa3\xb3\xa5\x1d}\xeazBQw\x08\x80\x00\xa7\x8c\
\xee\x18!\xf5\xd9%V\xc8\x5c\x88\x1e\x0ef>7\xcd\
\xfc\xaf\xe6\xfc\xb7q\x83p\xd7\xf6\x9dP|h\xf9\x82\
\xa5^\x04\xc6\xa0\xc4\xf3~\xc3\x87!\xcb\x08\x9a\xc2\x87\
b]6\xcb\xbb\x9au\x01\x0d$%ll\xcb\x85|\
{T,\xbe\xd7\xd6\xde\xbek\xde\xbcy\x01>\xe6!\
m\x7f\xcc&\x00\xa5\x94m\x0f\x82\xb6|{\xfb\x9e\xa0\
P\xe8\xa0\xbaRG-\x5c*\x92R@\x9a\x09\x7f\xcd\
\x1c&+\xc2py\xe4WWa(\x95\xc7\xaf\xa9f\
\xeaH\x09\x16\xc0U\x86\x13a\xd1AE\xdb\xb6\x89y\
$z\x1c\xab,F\x8f\x1b\x83\x8a\xdaj\x88A\xc3\x18\
x)N>\xe7\xb7,\xc0\xc9\xc9\x01\x85\xb9\x83\xcb\xa0\
\xc7\x1fz\x14[\x08\xbc\xaa\x18\xc2\x8b\x00\x87\xcf\xbdX\
\xc1\xd5\x86\xddv\x19NH@\x8c\x95\x01x\x0fl\xc3\
\xb0^\x8ay\xadr3\x15\xf8\x8d%X\xf8\xec\x8b\x88\
\xb8\xeb\x0bF\x0b\x8au\x22\xd6\xa7n\x00\x1c\x87\xa1W\
\x85\x02\x94R\xd0 Y@S\xb1\x14\xeb(\x00\x86u\
\x94c\xd8\xac\xe2\x95&v\x86\x8c\xb6\xd7c\xef\xe6]\
\xc97\x19\x06\xf7\xe9\x85)\xe3\x0fGo\xeeF\xbbT\
v\x0f\x11l9\x07O\x85p(\x05'.#1\x0a\
\x1a\x80\x9b\x18L\x91\xd7E\xf8:\xe4\xf2\xaa\x19\x0c5\
\xe0\xb2\xaf\x8dk\xd7b\x0f\x95(\xeb{\x98I\xd0=\
l\xf4P\x18'\x86\xd2lO\xc7hnkO\xbe%\
Qb\x1a%\xb6\xe4%F\xc2o2&\xbe\xef\x10\x84\
\x8c\x02\xef\xc5\x09Q\xfa\x1cML\xb2\x87\x88\xec\xf3,\
\x86!\x87\x0e\xc7\xd3E\x90\x5cmB\x8aO\x15+u\
\x13X\xc7\xb2.I\x91`\x01\xc5g\x8aR\xfa\x10\x81\
\xe7r_\xd11%\xa4\xa4\x8e\x10\x00\x16\x09\x01P\x9a\
\xf3#s\x04\x0dK\xfec6g\xf9P)\x07\xe0=\
\x90/\xad\x05py-mB\x83/\xf1\xa3\xa1\x94\x82\
\xd2\x8a\xd7\xe4\x89\x00\x10\xd2\xc1D\x8ch,y\x92U\
\x97\x94l\x12\x09\xc1\x92\xef\x98?-\x09\x00\x1d\x09\x92\
\x07|_\xda|\x9f\xe4\xba\x8bbEi\xfd\x12\x09o\
|\xfb\xf7\xfcD\xd0F\xfa\x0f\x93\xaec\xf6\x1f\x11l\
\x14A\xb7\xc8\x9d\xad\xdd\x0c@h\xe8\x10V,\x81E\
RT\xb3\x8e\x99\x89\x01\x8c\xd0v\xed\xdc\x95\xac|d\
\xb5\x07:n\xcd\xf1\xa6\x1c\x05\x97\x9b\x8d.u\xc8\x8f\
K\xb4\x83\x02\xfc\xf7\xcf\xcb\xf0\xa8c\x1eu+C\x87\
\x9f\xa6\xce\xa9R\x07\x5c\xc2\x8fc\x8b\x18\xd2\xb7\x07\xa6\
\x1c1\x16i\xb6Sni\xc5f\xa6\xdd\x1av\xed\x81\
O\x9b\x93i/\xa92\xf2q\x01\x11\xf5\x0c\x0aP\x1a\
\x00\x9d,(E!J\x06\xe0\xbb\x9c5\xde\x8e\xe1(\
E\xdd6p9\x97M\x8c\x96\x9fx\xe0\x11l^\xb1\
\x8e\xb9\xdb\x18Y\xe5\xd1\x09(\x0eKAQ\x1f\xc5\xb6\
\x03j\x10\x87\x0e\xc8\xfcY\x0bF:\xcc!;pi\
\x80\x9d\x0d-\x8cv\x17b\xc1\xb3/ \xd7\xd2\x96\xb4\
\xe9P\x8f\x02:\x10\x8a\x0c\xda30\xbe\x8414h\
\xcdM\xb7Q\xccI\xd3\x1e\xc5\xb9\xef\xe2\xea\xf7`C\
#YV\x08c\x8b\x22\x03\xc2\x88\xc0\xebTV`(\
#\xe7,7\xb4\x15\x03A\xb1\x00\xc5A\xa5x\x0ev\
ox\xae\xe4\xc4\x86QP,\xb4\xe5\xf2\xf9\xdd\xf9(\
:\xa8\x88u\xf8\x98\x07Y\xfc\x98-\x1cz\xbd\xaa\xb9\
9hki\xdb\x1b\x04\xd1n\x1b\xdb\xb2\xe5\x04\x1cz\
\x94\x14\x1c\x07\xa0\x00!\xf1JCF\x0cg\x8aa@\
2er\xd3\xa1\xa7q\x08\xa2eF\xbb\x1b\xd6\xaf\x87\
\xfc\x16\x8c\xa2D\x070\xfc\x1f\xc5(\xb1\xcc\xa5C\xcc\
\xf7e\x92,'%\xe2\x92\xc2\xe5;\x9a\xc2\x91\x9d\xc9\
\xc6\xfd\x078\x19\x0e\x1c\x1a\x8faE!\xcdR\xe4&\
}J\xff1p\xa8?\x9e\xf0\x86\xe6\x83Do\x08\xb2\
\xe2\x95\xb7s\xf9\xde\xd9\xde\xcey\xd7\xd0\x9c\xd4\x98\xfd\
H_R\xc6IC\xe0\x1bH\x0e\xc5\xf7\x854\xaf\xc8\
\x16\x8c\xd6\xc9\x17\xc1\x8d1\xd4\xbd\x18\x9a\xbc\xef\xd9\xb1\
\x1b\xebW\xaeA\x91@\x981\x1aS\xb9\xa1v\xde\xe9\
\xa7a\xfa\xa4I8q\xd6\xb1\x98=\xedh\x9cp\xec\
\x0c\x9cp\xcc\x0c\xcc\x9d9\x1d\xc7\xcf\x98J\x9aF\x9a\
\xca\xebi\xc9\xfd\x13\x8e\x9d\x89c\xa6\x1d\x85\xd9\xc7L\
\xc7i'\x9f\x80\x89G\x8c\xe3 B\xf6\x11b\xd4\xa8\
\xe1\x98:\xf5(TV\xa6a\x1c\xc5\xfcY\x19m\x1d\
\xed\xd8\xb9{\x0f\xda\x99Ov\x1d\x0f1\xe5f\x0e\xf1\
\x14sN\x5c*\x9c%\xcf\xe2\xd5\xa5\xc4\xfb#\x92+\
\x19\x09\x0e\x1d<W\xa4\xe4\xf9/\x97\x87\xaa\xfc\xc1\x0a\
\xe9O\x1a\x97\xb2\x9b\xe4ZH\xae\xbb\xcb_\xe6Y\xee\
\x7f\x1c\x92\xb6\x85\xa4\x8d\xeeR\xce\xdf\xa7O\xfc\xc4P\
/,\xe7%\xe0\xa6\xaa\xfc\x06\xa1\xd6]\xfd\xe6\x18\xc9\
n\xde\xbc\x19\xed\xd4\x9d\x98\xd1h\xcaw\xb8!{\x04\
\x8e8|\x0c\x0c\xe7\xc5\xa3\x83\x1f\xc7\x1c\xe7\xec\x993\
0\xf78\xea\xd2\x8ci\x98{\xcc4\x9cz\xfcl\xcc\
\x99>\x15'\xcc\x9aA\x1d\x9b\x09\xd1\x9f\xb9\xb3X\xce\
\x9e\x89\xb9\xa4\xe3g\x1f\x83\xb9|v\x92\xbc#\xf5\x12\
\xdd\x9b\xc1z\xc7`,\xf7E\xca\x1d\x1d\xd8O\xa7\xbe\
v\xf9\xaadE%\xf6\xe4\x19\x07\xb9\xceN\x18\xeaQ\
\x17w\xbf^\x0cd\xab\xeb\x01\xed\xc6\xd1\x06.u\x0d\
\x04:\xd9\xc8\xda\xb6e[b\x13\x86v!\xb6\xa1X\
S\x88\xc5\xaf\xfd\xc83u\xa8\xae\xe64\x97\xf3%\xc8\
\xdf~h<\xd0\x00\xc5\xf6}\xe6a\x0d\xf91\x94\x9f\
\xcb\x15\x80\x04h\xb2i\xd7\x93\xa9\x85\xa1\x5c\x05\x82\xcc\
\x04\xa5\x126\xbc\xb7\x01\xe5\x12!=\xa4#p<\xae\
\x08c\x94\x88\x1d=\xfb\xf4\xc1`\xd6\xf3\x18\x04B\xd1\
\x8aIJ\xb1W\x12?\xf2:hd\xe4-.\x07A\
i\xff\xc1\x96\x96]\x15\xf5\xf5E\xde\xf8\xd8\x1f\xf6\xf6\
\xb1\xdbH\x1axm\xe7\xcerKs\x03C\xf0\xb6U\
\xe5 \xc8\x03\x1c\x00~\xfd\xa1\xb5FuM\x0d\xfa\xf6\
\xeb\x0b\xc5s\xc9\xc9$\xa9\x02N\xaeKO\xd3p\xa0\
\x11\xfb\xf7\xef\x83\xdcOs\xc3m\xfc\x84\x09\x10\xa0.\
\x06E\xee\x1d\x060\xda@\x14!\xe0\x92>\xa0`e\
r3\xacW\xe42K\xb0Q'}\xffR\xff\xbc\xe4\
\x07J~\x00,\xd5\xfb\x14\x13\x81\xa2\x88^\x12\x80C\
E\x11\xfebN\xacR\x0a\x86\x13\xfb\xe1\xe7\xf8\xa5C\
\xf1Z(\x94|\x17\x15L\xceM\xf7z\x00\x00\x10\x00\
IDATQA\x847Y\xf2E\x8c\xd6\xb7\xac\xdf\
\xc0\xfc\xd5.xD\xfc\x81\xbdz\xe3\x8c\x13O\xc2e\
\xf3\xe6\xe1\x9aK/\xc1e\xe7\x9f\x8f\xcb\xe7]\x88\xab\
\xe6\xcf\xc3\x95\xf3/\xc4\x15\xf3/\xc0\x15\xf3H<\x97\
\xeb+y\xff\x92\x0b\xcf\xc5e\x17\xf1\xdee\xf3q\xd9\
e\xf3p\xd6\x99\xa7b\xdc\xd8QH\xa7=\xe6\x84S\
\x98J@\x1eM\xe3+\xd3\xeb;\xaeI\xbeb\xb7\xf6\
\xbd\xb5h\xebl\xe7\xf84\xf3\x81a2\x06\x19SD\
\xc5\xa3S\xa4\x5c#\xf0!E%\x9c\x83\x87\x94\xfaP\
\xc9\xe2\x8f\xe6#|\xff\xd10\xfb+\x8c*\x02lD\
\xc0\x8d\xa8k2\x1f\xdah\x94JE\xce\x97\x22\xd8\xb6\
`\xdd\xbaUH\xfb\x0e4C\x85\x81\xf2\xab\xd4\xd3\xa7\
\xa1o\xcf:(n\xb0\x8d\x182\x18g\x9f~\x0a.\
\xa5\xce\x5c}\x19u\xe9\xc2\xf3p\xf1\xf9\xe7\xe0\xf2\x0b\
\xcf\xc7%\xe7\x9d\x83\xcf]p\x1e.\x15\x9a\xc7\xeby\
\xe7\xe1\xa2y\xe7\xe2\xe2\xf9]t\xe1\xf9g\xe3\xc2s\
\xcf\xc2\x17\xaf\xfc\x1c.by9u\xee\xb8\xa3\xa7\xc2\
#\x1fq\xae\xc8\xb4\xd8\x1a\xa6\xf9\xf6 &XY\xae\
\x18S\x8c\xbc3n\x1a*\x09bDO~e(\x1f\
\xb9\xa1\xb4\x86e[\xe2H\xba\xed\xca\xf7\xfd\x8f\xd4\xf9\
\xdd.\x14B\x02e\xdaO!M\x90\x8chk1\xf3\
\xd7\xb2\x92\x8e\x18T\x88\xccdU\xa3\xd9\xaf\xfc\x16Z\
\xaf\xbe\xfd\xc0\x17\xc0 \x10;\x18\xe9\x1ae\xa0\xf9O\
\x91\x8cq\xa1\x8d\xc1\x80A\x03Q\xd3\xa3\x07\x14\xdf\xc1\
\x87\xd5\x88\xe7\xc4z$\xf7x^*\x97\xcb\xdc\xb3\xda\
\xd4\xd0\xd0\xb0\xe1\xb4\xaf\x7f\xbd\x8cO\xe0\xd0\x9f@\x1b\
I\x13\xd7_\x7f}\xbc\xbb\xbd\xbd\xb9\xa5\xb9eW9\
\x0crJ\xa9n\xbe\x93\xe7\x1f\xfe!\x03\xad$\xe8\x0e\
\x1b>\x1c\x15U\x95\x88,eD\xc0\x82\xa2h\xb4I\
\xbc\xea\xfau\xebQ\xe6\xeel\xc8\xcd\xb21c\xc7\xa2\
O\xff~\x88\x89hV\xc5\xa0\xcc\xe0\x18\x05\x97\x023\
\xec\xa5\x90\xcb\xa1\x5c(\xc1\x12<5';\xe9K%\
?\xdf\xffa\xe5L+(\xf6\xa1\x94\x82LP7)\
\xa5 JB\xf9B)\xc5\xf6\x0d$\x92\x96k\x01\x5c\
\x87K\x15#\x9d\xe2\xd7\x1fJn\xb3\xef4\x95\x82~\
\x91\xf9b@\x00WQ1vl\xda\x8au+V#\
\xc8\xe5\xb9\x91\x07\xf4\xab\xe9\x81\xd1\x83\x07\xa1oM5\
\xcf\xab\xd0+\x93\xc6\x80\x1e\xd5]T[\x85\x81\x87H\
\xee\xf5\xaf\xe3\xfd\x9e5\x18\xd0\xbb\x16\xbdj+\xd0\xa3\
*\x8d~\xbdx\xde\xa3\x8aN\xc7BqY9\x92+\
\x86Y\xb3\x8fE\xaf\xde=\xa1\x8c\x86\xf0\xbbm\xfb6\
lb\x94\x14\x91'(\x8d\x12st\xac\x0dM\x87\xd2\
\xe5L4\xc7\xe8\xa0\xebP,\x84X\xc8G4NH\
\xce\xffX\xc8\xfe\xb10\xfaQ>E\xe5K\xd4oE\
\xbd\xb4\x04\xdf<w\xda\x1d\xc7\xc0\x12H\xd6\xae^\x89\
\xc6\xfa}\xdc\xe0\xd2\xc8\xa62\x98\xcd\x15\xcf\xc4#\xc6\
\xc0c\xd8'TE\xa7\xdb\xafg-\xfaRG$u\
5\xb8W\x1d\x06\xd40\x90\xa9\xcabP\x8f\x1a\x0c`\
Jn\x00\xf5\xa4\xdf!\xea\xdb\xb3\x1a\xbd\xeb\xaa\x98\x13\
\xadB\xff\x9e5\xe8Y\x95\xc1\xa0\xde=\xd0\xaf\xb6\x06\
C\xfb\xf6AO.\xb7c\xe6\x87\xdb\xb9\x14_\xbd\xec\
]\x04\xdc\x17\xf0\xb5\x87X~\x9d\x9d\x9b[\x15^\x16\
\x11Sw\xe8\xb6/\xfc\xeaa\xf9,b\xf0\x22\xda\xa4\
\xb5N*(E\xc0\xe4=y\x96\xdc\xf8=~(\xea\
\xa3a;\xb2\x0a\xd6P\xdc\xe3\xf0\x89\xa9!\xe4W\x80\
\xc1\xfb\x01\xd3H!\xd3/\xf2\xdd\xdd1\x87\x8f\x83W\
\x99\x85`\xc1\xee={\xd0\xdct\x90v\xa2`\xb4\x86\
\xf0&Qq\x96\xf9^\xf9\xfe|]\xcf^\x10,\xb2\
\x8a\x1c\x1f\x22\xcb\xd3\xf7\xd5I)\x1b\x96\xc2Bss\
\xcb\xeer[[\x83\xe25>\x81C\x7f\x02m\xbc\xdf\
D>\x9f\x0f\x83\xa8\xdcN\xcb\xef\x80\xb5\x11\xf9G7\
}\xa4#\xa5\x90&\xd8\x0e\xe2r\xa6F\x12\xe3FC\
\x00\x01\xbc\x1fq\xa9\x1f\x94Blf^7O0u\
\x08\x14}\x07\xf4\xc7HFs\xdaw\x99\x8d\x0a\xb9\x11\
V\xa6bF\x90%L:\xe5C+\x0d\xdf\xf3P[\
]\x93\x9cS/!\xd4\xcd\x98\xed>a\xa9\x94b7\
\x8agHJ\xa5\xba\xce\xc1C\xbc\xb1\xd6]\xc0\xa5\x94\
J\x9e\x0b\x88\xc9Ws\x02.\xffX\xe57~\x14\x9f\
8|\x17bI\xa4\xda\x8a\xaa$R\xc8\xb5\xb5a\xf5\
\xb2\xe5\xd8\xbdy\x1b\x1c(H^\xd60\x02\x0e\xb9\x5c\
\xabr\x1d\xa4\x95\x85G\xa5\xf1hh)\xe6\x1f}\xe6\
\xb6<\x82\xa9+\xb99\xe6\xe0\x1c\xe6\xe0\x1c\xc9\xcf!\
@u\xcaCM\x96\xe3e\xdd\xb0\x5c\xa0\xd3Q\xa8H\
\xa7p\xf4\x91Gb\xe6\x8c\xe9\x5c\xce\x19\x11;\x9a[\
\x0eb\xc1\xcb/\xa1\x85\xb9\xb9t\xa6\x82\xd1n\x8c\x88\
<\xb9\x5cE@\x19\x80|\x84t\x08R\xe2\xff\x1f\x0e\
\x11\xfe\xa1q\xfc1\x15\x11\xe7\x9b8\x05\xd7KQm\
,W !\xeaz\xf5@}\xfd^\xbc\xfc\xf2\x8b\x88\
\xa9\x17\xb2b\x1a<\xb0\x1fN=\xf9D\xd4\x11H\x15\
\xdfq\xb8FqiP\xae\x8a`\xb8?\xe0\xd8\x88i\
\xb5\x08i\x99\xdaR\x9e:\x15\xc1eJ\xc2cD,\
9\x5c\xd1\x1fC\x1d\xd2\xb6L\x00*3\x0d\x17\xb2~\
@`mG\x85\xa3\xa1\x18\xdcx\x8c|B\xae\x14W\
,^\x9a\xec\x19X\xae\x8a2\xdc\xe8\xf2\x1d\x1f\xa5B\
\x19T\xcb.\xb2\xbfY\xc2\x12\x98\x88\xfd\x08\xb8\x89\xbd\
\x08\xd0\xba\xae\xcb\x14W\xc4\x08\xbe\xf4\x9b_\xfc\x1f\x9e\
\xc8\xf4\x8a\xe3\x09\xc8g\xcc(7\xc5\xa8\xd9\xf7|\x18\
m`\x8c\x06\x8d\x1eV)T3x\x192|(t\
\xe2\xb8\x22\xc8\x9fZ\xedl\xefH\xc0Vk\xf2A\x1b\
\x08d\x5c\x15\x95\x184d\x082\xb55\x80\xbc\xcf\xfe\
\x85W\x8b\x0f\x06\x97\x9c\x11d\x1d\xcf\xcb\xa5\xfdtK\
@lc\xb5O\xe4C\x8e?\x91v\x92Fz5\xf4\
*w\xe6\xf3[\x0b\xf9\xfc\xb6($Z\xf0\xae\x22\xfd\
J'\xf4\xea.\x0d\xbf\x1f\xc1\xb4/#X%\x13C\
\xe0\xa4<\xa0\x94\x03G;8\xb0\xb7\x1e\xf2\x95+\xcd\
\x0d8\x9f`3n\xc2\xe1\xc8\xd4\x10@\xa8t\x22T\
VG\xa9\x5cD\x99\x00\xa6(Le\x15Z\x0f\xb6\x82\
\xfa\xd7\xd5#\xaf\x81\xee\xdeu\x22\xceD\x90<\x13 \
\x15\x12A\x83\x87RR\x0f0\x8cf\xe5/\x1b\xd1y\
@k\xcd\x5ci%*** \x8a\xa3\x94b\xcd\xdf\
\xfc\x91\xa7e\xa6:|C\xfe\xd9w\x9a\x00\xe7\x1b\x17\
i\xc7\xc3\xfe\x9d\xbb\xb1l\xd1\x12t66ASi\
\x14w\x8f\xa9\xc90\x04VK\xf0T\xdc]\xd6\x04X\
C`54\x22C\xd0\xd5|\xa6x\x0f\xcc\xd4\xd8b\
\x0eAG\x1b\x0a\xed\xcd\x08\xe8\x88B\x8e\xdbg?\x19\
\xa6T\x22.\xbb\xfas95\xf7\xb8\xe30v\xcca\
\xc8\xa63\x08\xc8\x87\xfc\x87\x8a\x0b\x17\xbe\x8aB\xb1\x08\
m\x0c \xfcsL\xa1D\x1d@b\xe0\x80\x02\x12\xc2\
\xfb\x87\xdcy\xff\xe2\x8f\xe0\xa4kN\xff\x08\x18\xfd\xb5\
,j\xce\x8d\x0b\xad\x0d\x14\xe7F\xf4Lth\xe1\xc2\
\x85X\xcdH\x17T\xe6\xfe\x03z\xe2\xa4\x93\xe6`\xf4\
\xc8\xe10J\x134\x81\x98\xfa\x13Sg\xa2\xb0\x0cC\
[\x0a\x8b\x9d\x8cB;\x91!\xd8D\x5cQ\x19\xea\x84\
\xc3:\x0e\x9fk\x82\xaf&\xf8\xea\xa4,C\x11|\x8b\
\x856\xae\x0c;\x00\xdes\xd9G\x86\x93n\xa8\x97\xbb\
\xd6o\xc2\xf2%o#\xe0\xbe\x8af_\x0euW\xf6\
Y\x0cu-\xa4q*\x90\xcf_\xd2\x17|\xe8\xd0\x1c\
\x83\x90\xdc\x12\xfb\x12\xf0UJ\xc1\xa1\xfe\xa5\xa9\xabr\
\xff\xf7\xa5\x88\xab5\x03\x07\x96\xab7\xc9w\x97\x99j\
\xd4\xdc\xc7(\xd0\x16\xca\x1c\xaf2\x1aC\xb9\xea\xeb\xd5\
\xaf\x1f\xc7\x18\xa3\x89\xb6\xb6\xe1\xbd\xf5\x94U\x04G\x13\
p\x19\xcc\x89\x8cE\xff\xfb\x0d\x1c\x80\xde\x03\xfaA\x1b\
Cv\x04j\x85x\xca\x8f\xa2<)a\xb0\x11\x82u\
Pl\xefh\xddt\xa0\xf5\xc0\x16\xf4\xeaU\xc6't\
\xe8O\xa8\x9d\xa4\x99\xf9\x7f?\xbf\xdc|\xf0\xe0\x96\xb6\
\xd6\xf6\x8d\xe52\xa5\xc1\xbb\x8a\xf4\xe1\x0f\xf1\x08B\x11\
\x07\x5cE\xc0\x1d\xc0\xdc\x94\xcbh\xad\xc4\xe8\xad\xc4h\
\xd2!X\x19\x82U\xeb\xc1f\xacX\xbe\x02\x96\x00b\
8q\xf2g\xee\xea\xb8\x84\xb6\x0ca#\x82RD\xf0\
0l\xc3\xa7\xd7\x93\xf6\x95R\x90\x89UJAY\xb9\
\xf3\x01\xc9\xa5\xf4)wb\x86\x16\xa2\x10\xdd$\xc0+\
$\xcf\x94R\xf0\x181w\xb7\x93#\xc0upcA\
&\xda\xd12AR\xeb\xd7\x93V:\x99`\x8f\x0eD\
\xb1\x8f\xb6\xe6\x16\xa4\x1c\x17\x0e\xf3`\x1d\xcdmX\xb6\
\xf8ml\x5c\xbb\x1eA\xa1\x80\xb4\xe7\x22EE\x0e\x0a\
ybo',\x8d#\xa6\x01\xc4\x04\xda\x98\xd1M2\
>\x82oDc\xb1T\xa8\x0aF\xc4\x15\x1c\xa7\xcbA\
\xa4\xd8~e&C\x83\xb1\xc9w\x10\x0d4\x816\x8d\
1\xa3\x0f\xc3q\xc7\xccB\xaf\x9e=\x93\xf1\x874\xba\
\x87\x1f}\x04\xdb\xb9\xcb\xad\x14kQ\xf1\x22F3d\
\x0d\xa9T\x06.\x0d\x0aP\xf8\xe5\xa3\xfbNw\xf9\xcb\
\xcf?k\xd7\x7f,|\xfe\xaa\xdc\x14\x14\xe7E\xe6$\
\xcf\xd4\x188\x8f\x9a:\xb6u\xebV\xbc\xf0\xc2\x0b\xdc\
\x94\x0d\x10\xc5.fr\xa3\xec\xcc\xb3\xce\x84v\x1c\x18\
\xea\x81\xd2\x1a\x91\x8d\xb9\xb9\x1f!f\x00\xe2\xba\xbc&\
`F\x92\xa6\x10\xd0\xa5.\x81zc`a\x10\xc3!\
\x19\x89\x88Yj\x96\xd4R\xea\xb8\x01\xd5\x08\xd5Y\x1f\
\x1d-\xcd\x09p\xb73\xad\xb0\xf0\x85\x97\xb0g\xc7.\
\x18\xf2\xa5\x95\x83\x906V\xa4Mz\xa94\xfb\x04\x02\
\xda\xa8\xd8\xd2\xaf\x8e\xa5\xebN\xc0\xbae\xee\xb3\x88\x0d\
e\xb3Y\x18\xdagH\xfd-\xf1^W\x8d\x8f\xf1\x93\
\x1d'\xe0\xcd\x08W6\xd0AE\xd6b\xaf\x0c\xc8\x94\
\xe1C\xd3\x05\xba^m-,\xf9\xd8\xcb\xcd\xe4=\xbb\
v\xc3w\x5cx$\xd9\x1f2\xd4y\x97\xe0?\x8a\xe9\
\xca\xbe\x83\x87@\x84`i\xb7|\xfb\xa3\x8c1\x85i\
m\xc4f\x82\x1c\xed\x7fc}\xe3\x81\x8d\xf3\xe7\xcf\xff\
l\x82.\x14\x10\xe5\xbc\x0eFW{\xa9\x10\x9dq\x14\
YI\x11Xz'!\x19\x99\xa5\xc2\x84\x9c\xbc\x98u\
\xab\xb8\x5c\x1a1\xfepx\x9c \xcb\x092\xae\xc7&\
4\xca\xf4\xb4\xc5|\x19\xeb\xd7\xaeCsS\x0b8{\
\xa8\xa8\xa9\xc2\xe4)G\xc2j@<\x9c\x9brQ&\
P\x85\x04)\x87 V\xa6\xd2\x95\xf8\x1e\x9bO\xdaP\
J@Rsn,\x953NJ\xe9_AAk\x9d\
\x90R\x0a\x1f>Di,'SH@Y)\x05\xc7\
q\xa0\x94\xa2\x0a[|\xb4\xf6\x87\xdf\x044\x15^\x8c\
B\x94L\xf1\x91\xcf\xb1H>Z\xc6\xcd\xe5\x09\xf6\xef\
\xd9\x8f\xa5\x8cv\xf7\xef\xdeK~\x00W\xea\xb3^U\
&Mg\xe1!\xa4\xb1TVW\xc2\xf1]\x14)\x9f\
\x12\x9fq\xbb\x0b\xa2\xb8\x0a\x86@\xca\x9f\x9a\xe3\xa1\xc7\
.\xcb2\x8b\x00j\x0c\x0d\x91\xa4\x8dA\x9a@z\xfc\
\x9c\xb9\x98\xc6\x0d\x11\x97\x06\xc3'Iz\xe1\x87?\xfe\
\x09\xda;:\xe1\xa6R\x10\xe3Ng\xb2\x90h\xbe\xc8\
\x15B\xc8\xb6,4\x942\xec?\x86\xe7\xfa\xa8\xa8\xac\
\x84\xc8\x01\x7f\xa8\xe3\xff\x0b\xed\xda\x0f\x06Y&\xe0x\
\x9e\x97\xe8\x9b\xdc\x15\xdd\x8b\x08f\xa2c\x11\xe5\xaf\x19\
`xL/D\x9c\xcf\x90\xf7_{\xe3-\xac\xe7>\
@]\xef\x1a\xf4\x1f\xd4\x1bg\x9es6\xaajj \
\x7fO9d\xbb\x015\x11\xae\xc7O\x0a\xdax(3\
\x025\x9e\x8ftE\x16%\xe6d+\xaaj\x12\x80,\
\x96K\xb4\x15E\xa8\xb5\xef\xeb\xb0\xab\x1d\x08pE\xd4\
\xaf4\x03\x9dB\xbe\x00\x8fz\x18r\xa5\xb8~\xf5\x1a\
\xac_\xbd\x96i9\x05K^\x04\xd8\x0b\x04\xafX\x19\
\x94\xc9\xa7r\x1c\xa4\xb3\x19(\xa5\xf0\x9b\x0e\xa5\x14\x5c\
\xd7e\x84\x18%\xf9V\x19\xab\xd4\x15\x1b\x12{\x92\xf3\
\xdf\x97D'=\xca1\x22o1\xf9u=/q\x02\
\x01\x1dLl4\x86\x8d\x1e\x8e\xa3\xa6\x1e\x8d\x14\x01@\
e2x\xe3\xb5\xd7)\x8f<\x22\xc9Is\xbc\x1e\x83\
\x96H\x03.\xed\xad/\xf7T2\xdcS\x09y_\xf8\
a\x93\x94Y\x9c`\x84\xa6|\x93\xef&\xcb\x04!\xea\
hkm\xd9\x93)\x9b6\xa9\xf7I\x91\xfe\xa4\x1aJ\
\xda\xa1RT\x94\xea\x8bM\x8d\x07\xd6\xe4\xda\xda7\xd8\
(.y\x8e\x0b\x8e&1\xe4\x04\x90\x94\x86v\x1d\xb8\
\xf4P\x96\xc2\xeb\xd3\x7f\x00\x86\x8c\x18A\x05\x11\xbf\x9c\
\xb4\x92L\xba(HN\xfe\xe6\xec\xbb\x8cv\x09\xa8.\
\xc1b\xc4\xc8\x11\x5c\x16\xf4E\x99\x91nG\xbe\xb3K\
\x09\xa84\xb9|\x1e\x22T\xa5~\xb3Bt\xb5\xfc1\
~rl\xddo+9\xff\x1f\xba\x92\xc7B\x9c\xc3D\
\x913n\x0a\xcb\x97.\xc7\xa6u\x1bQj\xe9\x80\xe2\
\xd8\x8d\x96)\x06\x8a\x8c\xe6A\xe0\xacojD\x81\x91\
A\xa6\xba\x1a!\xe5T`\x9d25\x85zC\x05S\
\x08y\x1e\xc6\x1aQ\xec\x90\x14\xac\xf6\x98j3L\xb3\
D\x90_\xff\x1c8p\x10\xe6\x1e?\x17\xe3\xe9\xc8b\
FA--\xed\xdc\x01_\x8f\xeb\xff\xe9\x9f\xb1\x9b\xa0\
_\xc1<s\xb1\x18 d>7C\xc5\x14@\x17P\
\x88\x0f9\xc5\xd6\xd6V\xee\x9a\xb7\xa1{\xf5\xd0=\xde\
\xffW\xfeF\x09\x88&\xfc\xea\xc3d\xe2\xbbnW\x1e\
rb\x92\xb2\x12\xe0\x10Y\x0bi\xce\xbd\xebzh>\
\xc8\xa0\x02\x0a\x02\xbe\xcb\xdf]\x85\x07\x1fz\x04;w\
\xe5\xe12Mt\xc1E\x17c\xf4\xb8\xf1px\xeeg\
+\x10\xb3~\xcch\xadH\xa0-\x04\x11\x93Q\x9a\x11\
\xaf\xa6=\x00%F#E\xb0\xa4\xc2\x85l[\xf9)\
(\xd7G)\x88Q\xe4\x06\x98\xd1.Z\xb8\xe2\x02\x11\
\xc6\xe7\xb3\xd6\xd66x\x8e\x8b\xba\x9e}\xb1\x7f\xcb\x0e\
\xbc\xb3h)\xe4o\xceR\xa1\xa0\xb4\x01\xd8F\xac\x15\
\x22\x22D\xa4\xc0\xdb6!\xcbsv\xf3\xbf\xf2\x11a\
\x8b\xec\xa2\x88c\xa7C\x88lL\x1b\x004\xd3\x0c\xc3\
\x89\x0d\x12\xb4\xc0q\xd0\xb1\xff\x00\xea\xf7\xeeC\xcc\xbd\
!GkJD\xa1L\x9d\x8fb`\xc8\xb0\xe1\x18\xc0\
|\xae\xb4c\x08\xdc\xd68PJCC\xc1\xb0\x04k\
\x1b\x0d\xc46*\xb6\xb7v\xbc\xd7\xd2\xda\xb6.\xc8\xee\
\xc8\xe3\x13<\xd8\xfc'\xd8\x1a\x9b:\xfd\x1b\xdf(\xb5\
\xed\xdf\xbfA\xc2\xf2(\x8c\x0a\xe2Y-\xa3G>\x22\
\xf6Z\xc8\xa4\xc5\xbc\xe6\xf8a]\x83\xde\xcc\xaf\x8c\xe2\
\x8e\xa3K\x10\xd0T\xaa\x88!\xb0\xfc\xa9GE\xe5h\
on\xc6\xdb\x8b\x16\xa3\x83\x0a\x22\xc2\x93\xff\xd8r\xe4\
\x98\xd1\x88\xc9\xb5u\x80\x90~\x5c\x04\x0f\xad\x00E2\
\xa4Dp\xac\x80O\xf6`\xcb\x04O$\xa4\x0e5\x9d\
\x8c\x85\xe72\x96_G\xa2$\x80\x82\xab\x18\xe9\x84\x06\
\xb9\xe6\x1c\x16\xbc\xb0\x00{w\xefc4\x1f\xc0Oe\
Q\xa6b\xc4\xd4\xea\xda\xba^\x8c\xe6kA\xef\x81\x12\
\xc7\xa2\x19\xfdG4\x9a\x80F\x169i\xc4\x09e(\
\xb3\x0aX\xee$\x83\x9b\x1c\xa12\x088^\x9f\x1b\x03\
\x1d\x8c~KQ\x8c\xc3'N\xc4\xc5\x9f\xbb\x14u\xbd\
{'\xb2.\xd3\xe8^y\xe5U\xdc{\xdf\xfdhc\
$\x94cJ\xc3\xa3\xd7\x0f\x08\xee\x11\xebSo)>\
\x83\x0a:\xb5\x1ann:\x86@N\xa5\xc6\xff;~\
\x1b\x09t\xab\xc2o\xac\xdb\xd4\xd4\x84\x88\xf2\x14\xf0\xed\
\xde\x1f\xd0\x04\x82\x80\xa0\x11\x94C\xd4\xd6\xf4@X\x8e\
\xb1i\xf3V\xdcr\xdb\xed\xd8\xcfe\xfe\xa0\xe1\x158\
\xe1\xa4\x93q\xca\xe9g@\xd1&\x9a;i\xf3~\x1a\
y\x82m>\x02\xfc\xea:8\xd9j0lC\xecg\
\x11{\x19D\x5c\xe9D<\x0fE/\xbc\x14\x0a\xd0\xe8\
\xe0\x1c\x83\xe7p8\xa7\xd6\xa0'\x01\xd6qRP<\
\xcf\xa6+\xc1l\x16r\x07\xdb\xf0\xfa\x8b\x0b\xb1\xf4\xcd\
\xb7\xa9\xa7.\x5c\xed\xf2M\xcd\xf1\x90\xa8\x87\xb1\x8a\x11\
\xa9\x08Q\x97\xb5\xf1~\x97V\xf3\xe4\x93\xf9\xfc\x8f\x12\
<\xd4\x0de\x163\x08y\x1fK\xe4\xb6\xbc\xab\x152\
\x95Y\x1c6v4\xaa\xaa+\xc1\x88\x0dk\x19\xb1\xef\
\xdb\xb5\x17\x8a\x18\xe2\xc2aM\x05\xc5\xe0L{.F\
\x8e=\x0c\x03\x86\x0e\xa5=1p\x11\x1c\xa2\x01(\xc5\
\xe7$\xc3\x9a\xb2:\xf5\x8cc\xe9\x9c\xf2\x9d\xed\xed\xdb\
\xf6\xef\xda\xbb~\xfe\xfc\xbf\xff\xc4R\x0b\xec\x82\xf2\x95\
\x9f\x9f0\xb5;Ng{k\xeb\xce\xb0\x5c>\x08\xa5\
#\xcdyr\xe9=\x0d\xa39\xf0\xbcD\xafS\xe4\xb2\
@Q\x08)F\x02CG\x8fFm\xef^P\xc6E\
L\xc1\xba\xf4\xc0\x220\xf1T[\xd7o\xc4\x96M\x9b\
\x01\xd6\xaf\xa8>_\xc5n\x00\x00\x10\x00IDAT\
\xa9\xc6\xd8\xc3\xc7\xa2\xa2\xb6\x0a\x9a\x91r{\xbe\x93\xaa\
\x10\xc1\xe3R)`\x9aAi\x11\x9b\xe2h\xba\x89s\
\xc0+\x01G\x16\xe8.\xe5\xfc\x93\x22i\x93~\x22i\
N\xce\x7f\x99\x84\x13\xcb\xa8\xc4\x87\x83\xb4\xf6\xb1k\xf3\
N<\xff\xe4\xb3\x1c\x8e\xe5\xa6X\x11.\xc7\xac\xc9\xf7\
\xee=\xfb\xb0kO=\xf664a\xe3\xb6]\xd8U\
\xdf\x88=L\xad\xeclh\xc6\xce\x03-\xd8\xde\xd0\x82\
\x1d\x8d\xcd\xa4\x83\xd8\xd1 \xd4\x82\xfd\x8c\x98\x0fv\x16\
\xb0\x8d^}g}=\x0e\xb46\xc3P.GM\x9b\
\x8a\xf3\xe7]\x80\xda\xba\x9e(3\xdfWU]\x8bG\
\x1e}\x14\xff\xf6\xaf\xff\x86\x5c\xae\x80b)\x80\x22`\
K\xc4#\xb97\x01\x85N\xe6\xaf%\x02\xd6\x9a\xc6\x06\
\x1e2\x10\x16\xff\xef\xf3\xf1$ +\x0a\x8f\x11UH\
\x90mooOR;\xb2\x04O\x96\xdc\x04\x05\xc7x\
\xd8\xb0a3~\xf6\xb3\x1b\xb0\x8a`\xe1\x13<\x8f\x9e\
6\x03\xa7\x9cq&<\xaeL\xda\xb92i\xe6\x9cm\
\xda\xb5\x87\xfa\xd0\x8a\xd6B\x88\xad\xd4\x93m{\x1a\xb0\
\x8b\xba\xb1\xeb\xc0A\xecd\xb9\x83\xb4\xbd\xf1 vp\
\x03igs+\xea;\xf2\xd8G\xfdh\xec(`;\
\xeb\xef\xd8\xbd\x1f\xf5\xac\xdb\xd9^\x04\xb3r\xdcW\xc8\
\xc2\xa7>.Y\xf8\x16\x16\xbf\xba\x18(\xc4\xf0\xad\x07\
\x87\x80l\xa0\xa1\xf8\xef\x83\x91\xc7<\x8d\x194I\xc9\
\xd3O\xf2C<\xf8m\x9b\x8bdE\xa6\x14\x0c\xa3Y\
\x87\x01\x9b|}4&h\xf6\xe7\x86|\xffA\x03!\
\x81[\xbe\xb3\x03\xcb\x96.M\xfe\xd8\x94\x0b\xc3Q(\
:\x0c@\xb9.*kk0t\xd4(\xa4\x99\xaa4\
\xbe\x0f\xf9\x85\xab\x90\x81\x07\xa4\x16\x01\xd8\xc6\x11b\xa6\
\xf9\x8c\xd1\x96\xe7\xad\xed\x1d\xad[u\xb6\xd4\x8aO\xf8\
\xd0\x9fp{Is\xe3\xcb\xe5\xdc\xc1\xe6\xe6\xe5\xb9\xb6\
\x8e-Q\x14\x85\x8a^J\xc8\xca\xc0\x14 \xe7\x91V\
\x5c\x1au\xf9\xcfA\xdcu\x1c<|8ByN\x01\
\xc4L^\xf9\x8e\x8f\xeal\x15Z\x0e\x1e\xc4\xbb\xcb\x96\
q\xb7\xb5\x08?\xe5C~;m\xd8\xa8\xe1(\xd3M\
\x87\xf4\xc2p\x0c\x85j\xe9\x98,\xdb5\x004x\x06\
\x08hp\xc9\xa5x\xe7\xfd\x8f}\xff\xecw?\xe1\xbb\
\x8a\xf4\xcb/\xca-\xe9J\x80W\xa8\xfb\x5cJ\xa1\xa4\
~\x088\x91\x83\x8cN\xa1\xd8\x96\xc3\xfa\x95\xeb\xb0d\
\xe1\x1b\x08iP\xf2\xe7\xf4\x94v\xb0\x9e\x86\xf7\xd0\xa3\
\x8f\xe3\xee\xfb\x1f\xc6\x03\x8f>\x85[\xee\xbc\x0f\xb7\xde\
\xf3\x00n{\xe0\x11\xdc\xfc\xe0\xa3]\xf4\xc0c\xb8\xf9\
\xfeGp\xcb\x03\x0f\xe1\xd6\xfb\x1f\xc2-\xf7?\x88\x1b\
\xee\xba\x07\xb72\x8a\xbd\xff\xf1\xc7q\xd7\x83\x0f`\xd1\
\xf2e\x88\x18\xf1\x9fz\xd6\x198\xe7\xfc\xf3\x91a\xc4\
\xdc\xd2\xda\x0a\xf9_6\xde|\xeb-\xdcz\xfb\xed\xd8\
\xbecg\xc2V\x91\xd1\xb1\x9ch\xce\x8f\xeb8PJ\
\xd1\xe9\xc50F\xe4(O\xfe\x1f}\x5c\x09\xf8b\xdc\
\xcc\xeb\x86\x8cv\x05hE\xb6\x22o)a\x815k\
\xd6\xe2\xae;\xef\xc1\xe6\xcd[({\x8b\xc3\xc6\x8c\xc5\
\xe7\xaf\xb9\x0e=\xfb\xf4\xc7\x0e:\xe2\x87\x1e\x7f\x12\xf7\
p\xfeo\xbf\xf7!\xdcI\xdd\xb8\xe5\x9e\xfbq\xd7C\
\x8f%t\x07\xef\xdd~\xdf#\xb8\x8d$\xfa t\xcb\
\x83\x0fSG\x1e\xc2\x8d\xf7=\x80[\xa9;7\xddu\
\x1f\xee\xa2\xce\xdc\xcf6^z\xf9547w@+\
\x17\xdc\xa7\xc5\x9e\xed{\xb1\xf4\x8d\xa5h\xda\xd3\x88J\
7\x0b\x13*\xa0l\xa1#\x05\x09\x94x\x05%LR\
\xf1\xa5\x94{r\x89\xff\x85\xc3rE\x17\x13\x1f@\x8e\
8\x00\x08\x05Q\x08\x97\xe0{\xd8\xd81\xe8\xd1\xb3'\
\x14\xf5x77\xcf\xd6\xbf\xb7\x1e>u\xd8\xd3.\xa3\
]\xf0P\x09>\xc8\xd7\xc4\x86\x8e\x1c\xc9\xf5\xb1\x8c\xc6\
&e\xcc\xf6\x04\x97X\x89g\x80a?6VA\xd0\
\x99\xdb\xdc\xde\xdc\xb2\xc2\xf3\xfa\xe6\xe4\xd9'I\xfa\x7f\
lL\xfd\x8f5~\xa5\xc2\x94\xeb\xae\x0b\xda[[7\
\x1e<xpk\x1c\x84\x05p82\xb0\x88\x8a'\x82\
3\xae\x03M#\x0f(D\x99\xe7\x1e\xfd\xfab\xcc\x11\
G$\x9b\x01\xac\x8aH\x84i\x1c\xa4}\x1f\xe0\x92j\
\x1d\x93\xfc\xbbv\xee\xa4P\x91\xe4t\x0f\x9f0\x1e\xda\
w\xe1\x10\x84%\xd5 \xc2W\xfa7\x03\x05u\x06r\
\xfc\x1eC\x91\xd7>B\xddmu\xdf\xec\x06\xd6\xf7\xcb\
C\x0fhO\x89~Z\x0eH&2\xcd\xa8\xc22\xb7\
V\xe1fP\xec(b\xc1\xf3\xaf`\xeb\xa6m\x08\xb9\
\xfc/\xf3~O\xa6\x17ZZ;\xf1\x16sk\xef0\
\xb7\xb7\xf4\xdd5xg\xd5:,Z\xb1\x1a\xaf/_\
\x89\xd7\xdf%IIz-\xa1w\xf1\xc6\xf2\x15X\xca\
\xcd\xc6E+W\xe1\x95\xc5oa\xe1\xe2Ex\xf8\xa9\
'\xf0\xf6\xcaw\xe11]s\xe6\x99g\xe3\x9cs\xce\
CUU\x15\x22\xae.,y{\xf9\xe5\x05\xb8\xe7\x9e\
{\xb1v\xdd{4\xf28\xc9\xef\xc6\x8c \x0c\xe5\xad\
)\xc30\x0c\x10'\xde\x9f\x95\xff\xdf\xe7cK@r\
\xe6\x11\xf5\xde\xf3<\xa4\xb8\x99\xa9\xb5\x86\x5c\x97\xb8\x91\
)@\xfb\x00\x9d\xe7r\xcec{['\xc6\x8e=\x82\
\x80{-\x06\x0c\x1aL'\x19\xe0\xc5\x05\xaf\xe0\xc9\xe7\
\x9e\xc3\x02n\xae\xbd\xbdb\x15\x96P\x07\x16r3\xf6\
\xb5\xc5\xef\xe0\xad\xa5\xef\xe2\xadw\xba\xe8\xcde\xd4\x05\
\x9e\xbfNzMh\xd9r\xbc\xc9\xba\xaf/]\x86\xd7\
\x16\xbf\x8d\xb5\x1b\xb7`\xed\xfa-p\x99~\xa8\xc8\xd6\
\xc0a\xba\xab\xa3\xa5\x13\x8f?\xf4\x04vn\xd9\xc9\x80\
\xc0 \xc7\xa8\xb86S\x03%\x7fp'\x06$\x9eQ\
\x5cu*j\xb1&\x19!*\xbf\x5c\xe3\x7f\xe1P\x02\
\x86\xa0\x05k\x02(\xf55\xb6d\x92|\xf4\xea\xd3\x07\
c\xc7\x8dE\xb6\xaa\x12\x85\x5c'\xd6\xad]\x9b\xfc\xfd\
\x5c\xd7\xb8p\xa1\xf9OA\xf1\xdd\x14\xedA0\xa6\x17\
\xa3\xe2\x88c\x09\x18\xd5\x1a\xae\xb4\x15\xdb\xe30\xd9\x12\
\xa0\x94b\x0c\xc7\x91\x06agcc\xc3\xe6\xfd{\x0f\
l\x9d?\xff\xf7\xff_\x7f\xf1\x1b\x0e\xfd\x1b\xee\x7fp\
[,\xf5\x83\xab\xdf\xfa\xac\xb5\x5c\xeelkm\xdd\x12\
\x05A\xa3Xw\xd2\x91B\xa2p\xd2\xa4\x18\xba6\x06\
\x0e\xc3~C\x85\x1cIo5`\xc8 \xc4TJC\
\x81q\x13\x8e\xe0\x94Ce\xa6\x02\xf2\x07+V\xbe\xfb\
n\xf2u\xabT:\x8d\xa1\xa3FB~a\xc2\xb2\xd1\
\x82\xfc\xda\xa4\xe7R\x8c\x96\xcb\x1f\xb6L\xc5\x00\xaf \
%\x89w!\xe7|\x22w\x91<\xe3\xcf\x8f\xf3a\xb3\
\xbf\xf2zw\xfb\xbf\x5c&\x15y\xd3rfu\xac\x90\
\xe2r\xd2\x96#\xec\xde\xb6\x03\x0b\x9e{\x11\x8d\xbb\xf6\
\xc3\x83\x83\xe1\x83\x86c\xe6\xb4\x99\x188`\x10\x148\
\xf1T\x17\xc7\xcb\xc0:)D\x8e\x8fP{\x08(\x97\
\xb2q\x10\x10\x1c\xcb\x94\x9dP\xe48|\xc6\xfa\xdc\xc1\
\x0e)\xbb\x0d[\xb7\xe2\xd9\x97_\xc6\xdb+\xdeE\x86\
\x8ax\xe1\xfcy8\xf5\xf4\xd3P\xdb\xa3\x07\xda\xda;\
 \x1b:K\xdfy\x07\xb7\xdfq'^\xe3\x0eo+\
\xa3`\xc5\xf7\x22.u\x03:8\xb2yHN\xf8\x7f\
\xc7\x7f#\x81D\xaf\xfe\x9b\xe7\xdd\x8f4\x0dY\x007\
\xa2#\xcb\xe7\x0b\x89lK\x8c|\x97/\x7f\x17\x0f=\
\xfc\x08\x96\xb1l\xef\xecL\x80v\xde\xc5\x97@\xbe\xce\
Tf0\xf2\xcc\x8b/b\xf1\xd2w\xd0Q,#\xe6\
\x1cG\x9c\xf3\x12'\xc7:\xd4\x03\xa5\x19\x90*\x04\x84\
\x95@9\x08\x94K\x1dpQfd\x17\xbc\x7f\xed@\
3\x9f\xeb2]\xa1\xe8P\xa7L\x99\x8a)\x93\xa7\xa0\
\x8a\xabG\x94b\xbc\xfb\xd62\xacX\xb4\x0c\xed\xcc\xe9\
\xba\xca02\xf4\x103\x07l\xd8\x0f\xd8\x8f\x22\x0f\x8a\
\xdcj\xea\xae\xa6Fr\x18P\xa2\xf8B\xf8\xb4\x0fr\
B~\xa0\x00\xa5\x15\xe30\xc2&\xcf\xfdL\x0a\xc3G\
\x8d\xa0\xec\x06\xc2!\x0642\x7f\xbev\xcd\x9ad\x1c\
\x96\xba\xcc\xf0\x16Z\xd1eh\xa0\xcf\x80\xfe\x18\xcb`\
\xcd%~(\xca\x13\x9a\xf7\xc1C\xb1!)8N\x19\
\xb7\xd6\xc6\x12\x9b\x1a\x9b[\x9a7\xb7\x87a+\x1f}\
\xe2\x1f\xb2\xf3\x89\xb7\x9948|\xf7\xf0BK[\xcb\
\xdb-\xcd\xcd\xdb\xe3\xd8RJ@\xc4\xdc\xa6\xd1Z0\
\x10\x8aJ\xa88\xb9\x12!\x86\x9c\xd9\xfe#\x87c\xe8\
\xe1\x87\xc3d\xd2\x88\x95\x86|\xa19*\x04HY\x87\
\xb9&\x835\xcbW\xa2\x99\xf9\xaa\x98\x8a\xd1\x97\xf9\x9b\
q\x14 \x8c\x01(\xb4X&D\x14\xc4\xb0m\xc4P\
$$\xc4nu\x84XE\xb0,\xad\xfamM\x05\xbf\
zpn\xec\x87\xa8\xbb\x02\x9bL\xc6\xc3!\xb0_@\
\xf3\x81\xfa\x08YhG\xa3\x10\xe6\x01G\x91K\x0b\x87\
\xcf\x0b\x8cj7\xaf\xde\x80%/\xbd\x06\xdbYF%\
7\xca\x8e>b\x12\xe6\xce:\x0eU\xccsk\xa3\xa8\
31\xa0\x0c4\x8d\xcaZ\xcdqh\x80c\x16p\x0d\
\x14Pf\xe7\xed\xe5\x12B\xa6XT*\x8d\x88\xa0\x1c\
\xd1\xf0\xb6\xed\xaa'\xf0\xbe\x8a\x0d\xdb\xb7\xa1\xaag\x1d\
.\xbd\xea\x0a\x9cL\xe0\xed\xdd\xb7/\xd8\x22\xf3\xbay\
\xbc\xfd\xf6R\xdcu\xf7=x\xe1\xc5\x97 \x7fXZ\
\xd3@\x15\xdf7\x04\xfa\x80\xd1\x8e\xa5L#F\xbdQ\
P\x06\xc8\xb5C\xd9Ji\x19!\xd0\xbb\x81\xdd\xf3\xfe\
\xef\xf3\x9179\x0e\x1c\x22\xcb9\xec\xa6\xe4\xde\xef\xd3\
\xa6\xbc#s\x1b\x93\xd3.\x12^\xe5\xee\x7fO\xdd\xbc\
 \x19\x8f\x5c}\x98\xba\xda\xb0\x90\xd2Rr1\xa3+\
)\xa1b(N\xb8eo\x11\xf7\x12\x844\x87c\x08\
\x08\xf2>\xad\x16\x124\x88\xbe\xbb\x8e\xcb\xd757L\
\x03(\xeau\x89)\xa5\xe5\xcbW1\xc7\xfe8\xe4\xeb\
ayF\xbc\x03\x86\x0c\xc6\x99\xe7\x9d\x8b\xa9\xc7\x1e\x0b\
\x01\xd7E\x8c|\x9f\xa7Cl.\x10p\xdd\x14\xef\xb9\
\x04V#X\x09N\x0d4\x1dll\x1c\x02\xaf%\xd8\
\x1a(\xae\x08CjULg\xad\x8d\xcf\xe9\xd1\x08K\
\x11|\x02t\x05\xf5b\xf8\xe0A8a\xd61\xe8\xdf\
\xb3\x16nP\xc2.\xea\xdd\xdb\xcf\xbe\x8a\xb8%\x0f\x97\
KM\x0d\x05/\xed\xa3\xa3\xd0\x01'\xa5au\x0c(\
\xcb\xbb\x80\xfc\xb0\x00\xacR\x88\xc9?\xe4\x06>\xfdC\
S7\x1c\xeag\x18[\xa6\x13cHz\xb1\x8a{;\
\x87O\x18\x87\xda\xbaZ\x84\xb4\x83\xad\x9b6\xa2\xf1@\
#@\xf6\xc1%\xb0\xe3\xa6\x12y)\xee\xf9\x0c\x193\
\x0aC\x881\x80\x851\x0aF\xb3E\x8eIs<2\
g!q\x05\xbc\x86\xd6Q{{\xeb\xce\xa6\xb6\xb6w\
\xf6\xef\xdf_\xc4\x1f\xe0\xd0\x7f\x806\x93&\x8f\xbf\xfe\
\xf8\x90\xf9\xd8m\xfb\xf7\xed\xdd\xc2I+\xc8\x80\x92\x9c\
\x96\x0c\x96\x82\xf3\x94\x93\xe4\x8d\xf8\x0c`\xb4\x9b\xaa\xad\
\xc1\xb0\xb1cQ\xd5\xab\x17@\x85\x0a\xb8\xab_SQ\
\x0d\x14#\x18\xe6\x98\xeaw\xee\xc1j.\xb1d\xe9[\
U]\x8dqG\x8cG\xaf>\xbd\x01\x0aJ\x96p\xae\
\xe7!& \x08X\x88`\xa1bH)\x86!Jd\
U\x04+\xf7\xa8L|\xf0\x89}\x14[z\x9f8\x18\
i^\x886\x99\x8c\x8f\x8f\x11S\x89#RY~\xc3\
\x8c\x0fCndyV'_\x1d{\xe7\xf5\xc5x\x97\
;\xc7\xa0\x81\xf5\xaa\xac\xc1\xd1\x13&c\xf2\xf8\xf1\x04\
\xde,\x15\x03\x08\xa8L|\x05b\xbc\x9acU\x8a\xbd\
QidyT\x92e\x961(Y\x85\x02#\xd5\x98\
\xd1\xb0%x\x97hH[w\xec\xc1s\x0b^\xc6\xba\
\xad\x9bPG\xb0\xbd\xe2\xeakp\xde\xbc\x0b\xd1\x932\
K\xbe\xf1\x01E\xb0m\xc2\xa3\x8f=\x81\xdbn\xbf\x13\
k\xd6\xadGkG\x0e\x9d\xf9\x12\xe5dh\xb8\x80\x22\
\xc8x\x8eCS\x06\xca\xe4C\xb3k\x8f\x11\x851\x1a\
\xbf\xdb\xc1\x17\xd9\x1fh8]\xa4\x00\x8e?\xa1\xe4\x9e\
as$\xb9\x97\xd4\xe3\xe5\xef\xf5\xe1\x04\xa0\x8bd\xde\
?\xda\x04\xfbL\xda\xee.e\x0cr.\xb5\xbaK9\
\xff\x10)\xb6\xd5E<\x91\x16c\xb6\xce\xb2\xeb\x1e\x18\
9\xc0\xf5\x1c\xa4i\xd4\xe0Q*\x95\x18X\x84\x9c+\
\x07\x8e6\x9c\xbb2\x02\xceu\x99\xc0\xaa\x95ASc\
\x0b\x9e|\xea9\xdcz\xdb\x1dX\xce\xb4Q)\x0a\xd1\
\xb3o/\xcc\xbb\xf4\x12\xcc>\xf1\x048\x99L\x92\x93\
\xbf\xfb\xa1\x87\xd0\xc9\xf7$j\xb5\xae\x8f\xd8\xb8\x88\xf9\
\xber<@;\x089\xd7\xb2\xff\x11R\x17\xca\xd4\x81\
<s\xf3^*\x05\x8fuK|\xaf\x22\x9dE\x85\x9f\
a\xaa D\xbf\xdaZ\x9c~\xfc\xf1\x18\xde\xbf/2\
\x14\xf1\x81\x1d\xdb\xf1\xe6\xd3/b\xf7\x9a-\xf0C\x83\
\x14\x1d\xbaR\x0aN\xcaE\xcch\xa0D\x1d\x8d\x0d\xc7\
\xa9cP\x01\xd0u(\xc4\x94\x9d\x90e\xd9u\xef\xd3\
\xfd\x19K\xe4j\x15l\xc2\xab\x0fx\x06\xfd\x86\x0e\xc4\
\x90\x11C\xe1\xf1<\xdf\xd6\x86\x0dk\xd6!\xdf&9\
k\x83T*\x8b\x1c\x836\xebzH\xf7\xa8\xc1\x88#\
\xc6\x22\xc3\x0d4\xd0^\x84s\xce\x22\x8c\xd2\xd0l\xcf\
\x90\xb4\xd6\x90\xa1\x11\x9a\xf2\xf5\x0d\x0d\x9b\xdb\x0e4o\
\x93\xbf'\x83\x8f}\xa8_i\x81=\xfd\xca\xbdO\xec\
F\xe8\xfb\x9d\xcd\xad\xad\xcb\xf2\xed\xed\xf5\xb42kL\
\x17\x03Fk\xb8\x04VC\xd2T\x22)\xa1U\xf2\xdf\
q\x0c\x19>\x02\x86\xca\xd5\xd9\x99G\x86\xca\x132\x17\
\x19s\x07^~\x07\xfd\x9d%K\xd1\xde\xd6\x0e\x87\x86\
?d\xf8\x90$\x97#\xefiF\x92\xe0\x1122K\
\xd0\x82\xe7\xdd\x9f\xa4GFm]\xd7\xb6\xab\xf8\x03\xfd\
L\xfa\x02\xd0]vw\x13\xd10\x9460\x8e\x83\x90\
\x1e\xd5rfS~\x0a\x96c\xdb\xc7\xc4\xff\x82\xe7^\
\x80|KCQ\xb1\xfa\xd4\xd5\xe1\xb4\x13O\xc4\xf81\
\x87\xc1\xa3L2\x9eG\xc3- \x0c\x8a\x891'\xef\
s\x18\x8e\xe3\xa2\xcc\xf7\xc5\x10\x02\x96\xa5r\x88\xd0\xb2\
g\xe5\x80\x8b\x08\x88!\xbe\xcd\xdc\xdeC\x8f=\x86M\
[\xb6\xc2\xe7\x86\xda\x19\xe7\x9c\x85\xcb\xaf\xba\x1a\x12Y\
\xd1\x8f\xe1`s;v\xef=\x80\x97_Y\x88\x1f\xff\
\xf8'X\xcc|a\x89\xe0\xea\xd3\x80e9L\x0dg\
n\x91\xd1\x16\x07\x92\xa9\xa8\xe4O\x85\x12\x01$&\xff\
\xbc\x10\x1d\xfd\x0d$\x5cu\x93e\x1d!\xd0\x86Y\x12\
\xc8\x95\x10x\x9e\x90\xd4\xeb>\xb7\xf88\x87\xe2<+\
i[\xe8\xfd\xb6\xa5}!{\x88\x8fCeR\x97\xe7\
I\x89\x8f\xf0\x06B\x8cP7\xb6\x02|\x15H~P\
\xc2\x80\xc8Y\x88wB\xca\xbeX(A\xe4\xe51\x02\
\xf5\x5c\x8fQf@'\x15\xc0\xf7RP\xda\x851\x0e\
\xb6m\xdd\x91\xac,n\xbf\xfd\x0e\xac{o\x03S=\
9\xf4\xe97\x00\xf3.\xb9\x04sO9\x19\x9555\
x\xfd\xadE\xb8\xff\xe1G\xd1\xc14D\xa4\x14\x84b\
\xf6A.\xd9\xa5\x86\xc5\x07\x14p\x0e\x5c\xce\x932\x06\
\xe5\x80Q4\x9f\x86\x04q*\x0aS\x05\x1a)\xdaD\
\x05\xf7<\x8e\x9f5\x0b\x13\xc7\x8eCZ\xf4\x856\xb5\
\xf8\xb5\xb7\xb0r\xe9r\x14\xe8`=\xde\x0b\xf9n\x99\
\xe9\x0e\xe38\xd0\x5c1\x95\xc5\x86\xf0\xeb\x0e\x19\xb9\xd0\
\xaf{\xf6\x87\xbf'=\xc7\xb4#\xba\x03X\xe2HZ\
\xbe&v\xf88\xd4q?H\xd1Nvm\xdf\x8e\xed\
\x9b\xb6\x10t;\x19\xe1\xa7\xe0\x10#:\x8bE(\xce\
I\xffA\xc4\x0a\xee\x19\x11\x80\x00\x8e\x91S\x0e\x09\xde\
\x04+$8\xb2l\xd7\xe1\xf8\xe5k|\x88\xed\xce\x96\
\xa6\xa6eh\xe5R\xf4\x13\x19\x96\xfd\x95V\xf4\xaf\xdc\
\xf9\x04ol\xdb\xb6\xad\xd0\xd1\xda\xfa\xee\x81\xc6\x86\xed\
\xd4Q+\xc2\x89\xb8\xa9\xa0\x94\x02\xaf\x01E%\x12\x02\
x\xaa\xd1w\xc0\x00\x1c>i\x22D\x99\xb4\xef1\xea\
\xca\x13@(fJI\xb3\xde\xfe\xdd\xfb\xb0\x96\x9bj\
\xbcD-=\xf8\xf8\x89\x13\x18\xed\xf6\x82\x97\xf2\xa8\xa8\
\x9d\x10\x05\x04' i\x1b\xa0\xba\x92x\xa1\x18A%\
\xd4u\x07\xbf\xcd!\x93\xfc\xdb\xd4\xfb\xad\xea\x90\x07\xad\
\x0d\xe7\xdb\x85R\x06\xc68\xdc$L\xc3\xa1A\x06\xcc\
\xd9\xed\xd8\xb6\x0d/?\xff\x22\x0e\xec\xde\x83J*\xc9\
\xc8\x81\x83q\xe21\xb30\x9a\xcb\xce\x94\xa7\xe0:\x80\
\x95ok\x10x\x95RPJA\xd3Y\xa5$\x9a\xd1\
\x1e\xb4\xeaj\x17J\xf3c\x00\x05\x82@\x84X\x19l\
\xdb\xb1\x03\xbf\xb8\xe5\x16\xbc\xb9d1z\xf7\x1d\x88\xb3\
\xce<\x17\x9f\xbb\xf2J\x8c\xa5\xc2Zj\x5c\x89\xcb\xcd\
\xb6\xf6v\xacY\xbd\x1a7\xdft\x13\xee\xbc\x93Q\xd8\
\xb2e\xf0\xfd4,\xdf\xcf0\xa7\xaeX\xb6\xb7\xb6\x93\
\x09\x8dt*\x03\xa5\xd8\x01~\xd3\x11\xff\xd2\x03{\xe8\
\xba\xbb<t\x09\xa9'$\xd7R\x0a\xc9\xf9\x7fC\x87\
\x9a8T\xfcRE\xb9+t\xe8\xb6(\xc9\xa1\xd3\xff\
\xfe\x0b@\x90\x00\x00\x10\x00IDAT\xa9P\xb0P\
\xe4G%%\xde_\xa1t\xbf\xa7l\xf7YW\xa9\x92\
B~j\xce\x8d\x87t:\x93\x94\x96@\x182\x85\x06\
\x18\xa4(\xbflE\x15ZZ[\xf1,\x9d\xea\x7f\xfc\
\xd7\x7f\xe1\xa5\x97\x16\xa0#\x97\x83U\xc0\x91S\x8eJ\
\xe6\xe1XF\xa1\x19\xd6[\xc4t\xcf#O<\x01P\
O:r\x05\x02i\x08K\xae@\xea.\xe5\x1crP\
\xfe\xec\x0a\x86@!\x97\xe9t\x1a\xc5<m%(\xa0\
W\x8fJ\xb44\xecGe\xca\xc1\x19'\x9c\x80\xe9\x93\
\x8fd\xd4\x9b\x86K\x1bx\x83\xa9\xacw\x97,C\xc8\
=\x05q\x0eJ)h\xad!`\x96\xe7\xfb\xe0\xe13\
U\xc1\xe23\xf5\x11\xf9\xbbt.d\x17\xd4j\x94\x98\
\xd2\xe9\xd1\xb77\xe4;\xfb\x15\xdc$\x0e\x18p\xacz\
g9Z\x99Z`\x90\x0e_\xbb\x904N\x8a{\x1a\
\x91\xd18\xe2\xc8I\xe8'\xbf\xf6K\xbb\x13Y\x8a\xa6\
Y\x8ePTD\xda\xd6lX\xe6\xce(\x95;\xb0\x7f\
\xdf\xd6\xd6\xf6\xdc\xf2y\xdf\xfaV\x91U\xfe \x1f\xfd\
\x07i\xf5P\xa3\x12\x9e\x17\x8b\xc5\xfa\xd6\xd6\xd6M\xbc\
U\xb2\xf4(\xe0H\x95(\x12KI\x05\x08\x85\x8c\xfe\
\x14\x85\xe3\xd03O\x98$\x02\x1a\x08MO\x95\xe3\xb2\
\xc9O\xa5\xb9d\x8b\xa1b\xa0\xb3\xb5\x0dK\xdfZ\x82\
\xb6\x83M\xf0\xb9\xa4\x93\xbf\x9d);\x97V+\x94#\
z{z\xf7\x88#\x926\x19\xec\x80vDbo\xa2\
\xe5\xb1\x02\xa4$#\xbf\xcdG&\xe5\xb7\xa9\xf7?\xd7\
\x11S\x06A0NHk\x03E>\x82\xb2|K\xc0\
\xd2+\xfb\xd0\x91\x82(\xcd\x1b\xaf\xbc\x82\x88Q\x8e\xe6\
\xb3\x09\xa3\x0e\xc3Y'\x9d\xc8\xe5\x9fEmU\x1a\xd9\
\x8cK\xc3\xea@E6M\x905\xdc\x10+\xc3c\xfe\
\x15\xccy\x1b'\x05c\xfcd|I\xdeQ\xf1\x94\xc6\
\xe4\x10\xc0\xdb\xf3e\x02\xef\x1e<\xfd\xc2\xcbX\xf0\xfa\
\x1b\x88\xa8\xbcsN8\x05_\xfe\xda7q\xecq\xc7\
AS\x11\xcbT\xda\x90\xa9\x99\xfd\x07\xf6\xe3\xce;\x1e\
\xc4/~q#\x9ez\xfaYtt\x14h\x90\x94-\
\x97\xac\xd9L%\x5c\xd7G\x91N\x22\x01\x16\x8e\xa1{\
\xec\x8a\xc2\xd2\x09\xc5\x09`)\x22B\x12qJ\x99P\
\x04\xc5\xf6\x15S\xfb\x0a\x16\xfa#\xc4w8Q\x9a\x84\
\x84lw\xb3,?|\xceK\x8e\x8b?\xa9=\xf2\xf3\
\x97I\xeaJ\xdb1\xdb\x17\xfa\xf09\xaf\xa9\x10\xfa\xc3\
\xf4!\x1e\x84'\xc5\xbe\x85\x12\x1e\xa8l\xc2\x8fPr\
\xcd\xaed\x8c\xca\x8ar}\x98\xbad#\xf2\x139J\
\xbe1\xb4`\xd0\x90F\x8eQ\xd6\xaaUk\xe9\xc4\xee\
\xc6\xbf\xff\xfb\x0f\xb0b\xe5{(\x11\x90\x03\xaef\xa6\
\xcd<\x06W}\xf1\x1a\x9ct\xfa\xa9\x88)\xff\x178\
\xef\xcf0\xb7\xde\xd8\xdc\x8am\xbbv!SQ\x89X\
\x19\xf6\x0a\xd8d\xb4\x9a'\x1c\xfc\xa1\xfe\x95U\xf08\
\x179\xa6\x82$JU\xb4%\xad,\xa3Y\x0d\x94\x0b\
\xc88\xc0\xac\xa3\x8f\xc2\xc9\xb3g\xa3.[\x81\x0c\x0c\
\xd6/_\x8b7^x\x0d\x0d{\x1a\x103:\xd7\xb4\
\x19\x09\x80R\x8c\x96+** \xc0+vc\xa8\x1f\
I\xc7\x9f\xb1\x1fen\x98\xc7\xd4\x1f\x18\x05\xb7\x22\x8d\
\xd1\x13\xc6\xa1\xff\xb0\xc1\x89t\xf6\xed\xdc\x8d\xcd\xeb6\
\x22\xea,A\xbe%\xa4bP\xd6\x01\xac\xe72]Y\
\x87)\xd3\xa6\xc3\xf1}(\x8e-\x16=T\x0aFk\
P))\xe7\x18\x8a\xb2\xd0\x89\x0cMkGk\xcb\x86\
|s\xf3>\xa5(P\xfca\x0e\xf6\xfc\x87i\xb8\xbb\
U\xa7\xba\xba\xa5\xbd\xbd}\xa1\x8d\xc2\xad\x0c[a\x94\
A\x81^\xd5\xb2B\xc4\x81ZRD0\xb6J'\x13\
\xdfw\xd80\x8c\x9d<\x91\xa9\xdc\x00p\x0dL\xca\xe3\
\xb2\x99\xb5#\xa0L%\xdb\xb3}\x07\xd6\xae]\x0bE\
\x01\xf6\xe9\xd7\x87^l\x02\xbc\xb4\x07\x9f\x13\x11\xd0\x03\
J\x9b\xb1b\xe3\xfc\x88\xd8\x12\xe2\x0dEEUI\x09\
\x80\xcf>\xcd\x8f\xd1\x9a\xddiX\x1a\x8dV\xb4\x08(\
\x94\xb9\xa1\x12\x071\x87\xe8\xc2g\xce\xae\xcc\xa5\xdf\xa2\
\x85\xaf\xe1\xf5\x97^\xa6\xe2\x18\xf4\xa9\xaa\xc6\x8c\xf1\x13\
q\xe6\x89s\x912@GsS\x02\xb8!\x97\x821\
\xd3-iF\xb9Q9F\xcc\xfc\x9e\x86a\x8bF\xc4\
\x0b1\xea\x88\xe3\x04\xe5\xd3\xc4<W/\xee\xda\xe6\xf9\
\xce\xa6m\xdbq\xf7\x03\x0f\xe2>\xee\x98\xc7\xca`\xcc\
\xf8\x09\xf8\xe2\x97\xbf\x8a+>\xffy\xd4\xf5\xe9\x85 \
\x8a\x01\xa5\x90\xc9*\xacY\xb3\x0a\xff\xfc\xdd\x7fIh\
\xc5\xca5\xf0\xfd\x0a\xe6'c\x94\x08\xbe.\x8d\xddq\
\x5c\x00\x14\xb2%\x01r\x86\x8f\x1c\x8am\x11.>r\
/\xb9\xb0\xack\x93\xb3\x0f~\xc8\xf5!R\x96\xcf?\
x\x82_\xba\xc2\xffp\x88\x94?\xa8b?8\xfdo\
\xcf\xa4\x9e\xf0+\x95,{\x94s+\x17\x09\xe9Cc\
\x04\xa1\x5cn\xa8\xe4Z\xb1\x9e\x90f\xe9P\x9fKh\
>\xd8\x0e\xc7\xa4QU\xdd\x03{\xf6\xeeg\x9e\xfc.\
\xfc\xc5_\xfd\x15n\xb9\xf5\x01\x18\x06\x03\x86yG\xf9\
\x8d\xc1\x93O?\x1d_\xfe\xea\xd70\x81\x11h#\x83\
\x88\x05\xaf\xbf\x8eG\x9e|\x0a\xeb6l\x84,\x87#\
\xdaA\xc0V\xb3\x04^\x9b\xf4\xa9\xa4[\x92\xe2]$\
w\xc03\xc39\xb0\x5c5VSO\x14\xc1\xc8\xa3\xcc\
\xa3B\x0e\xad\xf5\xfbp\xeaq\xc7\xe2\xb49\xb3\xd1\xb7\
\xba\x0a5\x9e\x8f\xdd\x1b\xb7\xe2\x89\xfb\x1fFGS;\
L`hGe8\xc6I\xec\x8dA\x11\x83\x81\x08\x0e\
\xa3f\xa5\x14\x92%6>k\x07%\xa1-dO&\
\xe48kz\xd7a\xd4\x11\x87\xa3\xb6w\x1fH:d\
\x157\xd9;\x9aZ\x11\xe58.\xe2D\xc8\x14\x89r\
]t\x84e\x1c1u*\x06\x1dv\x18hj\x88i\
\x87\xb1\x054KE\xd2\x1c\xa6\xd8\x13(?\x8a4\x0a\
J\xf9=\x1d\xad\xed/>\xf4\xc2\x0bm|\xf4\x07\xfb\
H\xbf\x7f\xb0\xc6\xa5\xe1\xf9\xf3\xe7\x97w\xd5\xd7\xaf\xd8\
\xb8a\xfd\x1a\xed\xba\x9d1\x97\xb3\x99L\x8ac\xe4S\
\x05(\xad`y\x15\x89\xd1\x13(47\x13&M\x9b\
\x86\xde\x03\x07A3\xca-\x86\x11</\x05X\x0d\x87\
\xff:\x99\x8bZ\xf5\xce24\xed\xdf\x0b\x11\xec\xa8\xb1\
c0\x96\x13\x90b\x9b\x01\xc2\xc4s%v\x0194\
[\xee\x22\xcd\xf7\x154\xc0;\xf8\x94\x0fE\x903\x1c\
\x9b\xd1\x1aJ)\x92\xa1\x92\xbb0\xda@\x91Ye\x01\
\xd9\xb7hmh\xc2s\x8f<\x8e\x8d\xcb\xdfEp\xb0\
\x05Y\xf2y\xd1\xb9ga\xca\xc4\xc3Q\x9dI\xa3\x82\
y\x86R.\x070Z\xcaR61K\xc5qY\xb6\
\xc1 \x8e\x00\xcc\x178F\xa5\x14,\xcbAC\x86\xe2\
\xc0\xc1Vx\xd9*\xb8\x99\x0a\xd4\xf3\xfc\xa5\xd7\xde\xc4\
\xdd\x0f>\x82\x06\x9e\xf7\x1f4\x14g\x9e{\x1e\xbe\xfd\
\xe7\x7f\x81#\x98\xaa\x91\xcd\x19\x89\x8ec\xf2\x95b\x84\
\xb4\xe0\x95\xd7\xf1\xcd?\xf93\xfc\xd7\xf7\x7f\xc0hy\
\x07:\xb9\xec-\x12x\x95\x16\xd0\xd5\xecLq^H\
<\xeb\xfa\xc8\xbd\xae\xb3\xe4\xa7\x8a\x01!|\xf8\xe0=\
\xfc&\xfap\xbdO\xe2\x5c\xfa\xb1]\x0d\x09\x1fB]\
W\xfc)\xcf\x84x\x9a|\xe4\xfcP\xdd\xe4\x9a?(\
W@\xc6\xc7q\xc9\xb9\x10\xe5\x0a!+\xf7\x0c\x8c\xe3\
A\xfe\xc8LeuM\xb21y\x1bs\xb6_\xff\xc6\
7\xf1\x8b\x1bnA}\xd3A\xf4\xe8]\x89\xb6\x5c\x1e\
\xfd\x07\x0f\xc6u_\xfd2\xae\xfd\xcaW1x\xf8H\
\xec\xd9\xdf\x80'\x9ey\x8e\xf4<v\xed;\x007\xcb\
\x9c\xb9v0d\xd8\x08\x94\xb8\xd2\x11Y#94\x7f\
\x0a)\x96\x1f|$ZM\xf9)\xa4\x5c\x97N\x99z\
D\x80\xc9\xb2\xda1GM\xc2\x99'\x1c\x8f\xfe5U\
\xa82\x1a[V\xad\xc6\xb3\x0f?\x86}[w\xa3\xb3\
\xa9\x0d\x95~\x16\xae\xe3\xd3\xa6\xfc\x04t\x0b\x85<$\
Z\x16\xb0\x95\x00H\xe8\x83^>;g\xae\xefB\xbb\
\x06>\xed`\xc4\x98\xd1\x188l(\x94\xa3!\xff\x8f\
\xdc\xda\xd5k\x93\x1c\xb5\xe22\xc3\xd3.\x9d\x08\x10\xd2\
\xa8z\x0e\xec\x87\xa9sfAg\xb2|\xd7Kl\xc2\
&S\xac\xc0\xc1sf\x15R\xbeG\x15\x95\xb9Gs\
[{\xdb\x8a\xbd\xfb\xf7o|\xe8\xa1\x87\x08\xdd\xf8\x83\
\x1d\xfa\x0f\xd6\xf2\x87\x1a\xcef\xb3\x07v\xee\xdc\xfdT\
P*\xed1\xf4\xa8\x11\xd3\x09 0\x80\x12\xb0P,\
,=l\x08\xe5R\x00\x14\xcd\xa8\xb1c1y\xfaT\
(\xee\xa8v2\xc5\xe0Q\xb9\xb8*\x80C\xa5,\xb6\
wb\xc7\xd6m\xd8\xbci\x13bn\x02\xf4\xef\xd3\x1b\
\x93\x8f\x9e\x8c\xd8\x00V\xb3-\xca\xd3rT\xef+\x8f\
\xf4\xc3>\x90\x18\xcc\x87\x98\xfa\x14Oe\x19'N%\
fD\x1f\x12(\x857\x89\x18\xb5ft\xcakPY\
b.\xf1+\xbd\x0c\x0d\xa3\x05\xf7\xdfz\x0763w\
\xad\x0be\xa4\x19\xb5^r\xce\xb9\xdc\x81\x9e\x83\x12#\
\xd7JF8U\xbe\x8f\x1c7\x14}F+Fih\
\x8eQ\xda\x84\x9c\x13\xdc\xb51\xd0Z\xa3\x85;\xb9\x11\
\xc7\xad\x18\xed\x14h\xc8\xe2\xc0\x0e\xf2\xbd\x17^~\x85\
y\xde\xdb\xb1b\xed:\xa4h\xec3\xb8\x0c\xfd\xf3\xbf\
\xfa?\xc9\xb7\x1b\xea(O/\x9dI\xdeuY\xe6\x99\
N\xb8\xf3\xde\xfb\xf0'\xdf\xfes\xdc|\xebmX+\
\xdfr`~W|$\xa0)E\x95P\xd2\xbf\xc8Y\
\xee\xc9\x04\xf0.'D&E\xce>DR\xbf\xfb\xd2\
v\x9f\x1c*\xe3C\xe5\xefZ\xfcr;\xf2\xfe\xaf\xbb\
'\xf7\x7f\x13\x09_\x1f\x90\xa5\xdc\x84b\xc51Z\xb9\
\xcfR\xc6\x06\xc3Q\x1a6b QS[G'\xd6\
\xad\xdf\x80{\xee{\x00\x22\xc3\xef\xfd\xf0G\xd8\xb9{\
?\xb2\x8c@\xcb\x9c[\xab=\x1c{\xfc\x5c|\x8d\xce\
\xeb\xcc\xf3.D\x9a\xe0\xbc\x81\xfa{\xff\xa3\x8f\xe2\xa5\
\x85\xaf\xa2\x89s\xea2\xd0\x08\xd8X\x99\xb4\x85+\xb9\
\xea\x9a\x1e\xa8\xac\xacd\xfe\xb2K\x9f\x19\xe4!!\xf6\
\xaa\xd8\xbb\xb2\x1c\x1bu\xc9Q\xc0\xc1\xfa\x03`\x92\x16\
Y\xce\xf9\x11\xa3F\xe2\xcbW]\x85\xc3\x18\xb0dY\
w\xef\xe6-X\xf4\xf2B\xac[\xbe\x02\x9ay\x5c\xf9\
\xa6\x82\x95\xd5\x11WJen\x98\x8a>V0\xa2\xae\
`z\x81\xd5!\xd7\xa27r\xfe\xbfA\x1c\xd5\xaf\xed\
\x961.JA\x19\xc6\xd5\xe8\xc1(w\xe2\x91\x93\xb9\
?\xd1\x87)\xb6<\xd6\xd0N\xf6\xee\xda\x83B{\x9e\
\xabF\x0f\x1e1\x84\xa2A\x8e\x1b\xbec&M\xc2\xb0\
\xd1\xa3)\x9e\x00Z\xee\x8b\xdc\xb4\x82\xb4'\xf6H\xe0\
\xa1~\xb2W\xa5\x82\xa8T\xdc\xbe\xf9\xbdMOT\xf5\
\xed\xdb\xf0k\x99\xf8\x04o\x8a&}\x82\xcd\xfd\xfa\xa6\
\x18\xed\x16\x9a\x9b\x9a\xde\xae\xdf_\xbf\x99\xe3.\x07\x14\
\x88\xa2\xf2hM\xe5\xe5\x98\x1d\x0a\xc4K\xf9\x890\xe0\
\x18\xa8\x8a,N\xbf\xe0|xT\x86\x1c\xc1B\xbe\x9b\
\xa8\xa8\xfc\xe5B\x00_{h\xd8[\x8fU\xcbVB\
6)\xb8\xf6\xc5\x98q\xe30v\xfc\x11P\x9eA\xd9\
\x06\x5c\x22gQ\xa0R\x89\xad\xb8\xae\x0bEc\x91\xa5\
\xb1\xf4\x89O\xfaP\xffs\x83\x9aR\xeeN\x11i^\
(\xa5 y\xec\x98\xdaa8.K\xd0U\xa4RG\
\x1e\xaa\x14\xa2y\xef\x01,|\xe6\x05\xd4o\xdb\x81\x88\
N\xa6Oe\x15\xce\x9a{\x02fL:\x12.\xd1.\
e4\xaaS\x1e\x0c\x97E\x9a\xde\xc8\xe5\xb5f\x9b\xa0\
\x04e\xbce\xcaL\xb1\xdd\x88Fl\xa1P\xa2\x93\xd3\
\x04^\xed\xa5a\x8d\x87\xa2\x05V\x11(\xee\xba\xffA\
\xbc\xf4\xea\xebhj\xed`\xe40\x1c\xd7\x5c\xfb\xa5$\
\x12\x1b?i\x12\xaajj\x91gT\x9b\xa7c#k\
\xd8G\xe3\xbe\xff\xa1\x87\xf1\xaf\xff\xfe\x1f\xb8\xeb\x9e{\
\xb0z\xcdj\xca\xbf\x0d\x11\xdbR\xc6\x85\x80s\xc4\x8a\
\x86\x8e\x11\x94wLgae\x02x.e\x1c\x93;\
^w\x9f\x87\x5c\xc1\x08\x89CJ\xf2\xd0\xd6&6 \
\xd2\x14\x00\x17\xd9\x08\xc9\xb9\xa6\xcc\x1c:\xeb\xeegR\
*\xa5\xa0\x94\x92\xd3\xe4=\xa9'$c\x8e\xc8\x94\xf4\
\x97P\x04F>\x16\x11y\xd3\xcaa}\x85\xee\xe7\x92\
\x8a\x09\x08@\x00\xef\x917\xc9\xc9Z\xf2K!!\x22\
`J\xcaE\xf1Z\x1b\x83\x90r\xd6\x94\x9d\xa1\xd3\x93\
v%\xb7\xbdu\xebv<\xfe\xc4\x93\xf8\xf7\xff\xfc\x1e\
n\xb8\xe9f\xac`TY\xa4\xf3d\xf8\x80\xceB\x09\
5={\xe1\x84SNa\x1a\xe7+\x98z\xcc1\x10\
P]\xcet\xcd=\x0f>\x8cw\x99\xef\x0d\xe8\x9c\x14\
\xf3\xf1\xb1\xd2\x88i\x0b\x0eW/\x95\x04\xeb\x8e\x8e\x0e\
\xbe_D\x99\xba`9\x87\xc6\x90\x0b\x03\x88\x0e\xb9<\
'\xdc#\xeb\xbb0L/\xf4\xab\xab\x83\xcf\xf1\xca\x7f\
\xb9s\xc5\xbcy\x18\xca%w\x8a:Rnn\xc7\x92\
W^\xc5\xca\xc5K\x11u\x16\x11\xd3yj\x91\x05\xc1\
W\xbe9\x04\x1e\x22W\x91\x7f\x99\xe9'9\x17\x12\x19\
\xf2\xd1\xa7\xf8\xe9\x9aC\xe90\xa4\xaeIi\x0cGH\
!K)\xfc\xc4\xd4\x0d\xd0\xc3\xa4\xab*0z\xeca\
\x18?a<\xa4\xeen\xe6r\xd7\xacX\x85\x96\xc6f\
\x18\xe5@q\xae:\xb9\xaa(P\xb7\xea\xfa\xf5\xc3\xac\
\x93\xe6\xa2\xaao?\xb8\xe9, O\x95\x81N\xf4\x13\
p\x1d\x0d\xc9\x83\x13la\xe3\xb8\x90\xeb\xecx\x8fA\
\xcd\xda\xe3\x8f?>\xc4\x1f\xf8\xd0\x7f\xe0\xf6\xdfo>\
r\x9c\x03\x9b6n|&\xd7\xd1\xbe\xcf\xf3<\x80\x82\
\xe4G\x8a\xa4\x8eU\x0a\x09iN\x02\x01\xa5\xd7\x90A\
8\xe2\xa8\xa3\xe00m\x10R`\xae\x80\x06\x0c\x22&\
g\xc2b\x88\x8d\x8c\xb8\xde[\xb9\x0a!\x15\xaf\xbaW\
O\x1c5\xed(\xf4\xe2\x8efem5\xf67\xecC\
\xa62\x0b\x8f\x8a)\x0ae\x1c\x07\xc6\xe1\xbb4\x9c\xa4\
\xb3O\xf2\x07A\xe7\xe34\x17\xd3\xa8B\x1aj\x15S\
\x00\x86\x1bj\xa0Q\x84\x9d\x05l\x5c\xb9\x16o\xbe\xf8\
\x0a\x9a\x195U*\x07\x83j{\xe1\xf2\xf3\xce\xc7\xac\
)G\xc2\xe6s\xf0\x08\xb8\x19*\xa2\x8a\xcb\xa0P\x90\
\xe2X++2\x892*h\x14\xb8B\xa0\xdeR\xa6\
]S\x1cS\x86\x22_\xc9\x19\xc6|n\x19%\xefo\
jN\x96\xb7\x0f?\xfe$V\xbf\xb7\x01%\xf2r\xe4\
\xf4\xe9\xf8\xcb\xbf\xf9\x1b\x5cz\xd5\xd5\x98<\xe5h\xf4\
\xea\xd7\x17i\x82\xbe8>\xe2\x16\xb6\xee\xd8\x89\xdb\xef\
\xbc\x1b\xff\xf4\xdd\x7f\xc5\xcf\xb8\xe1\xf6\xd2K\xaf`\xe7\
\xae\xbd\x9cG\x03\x01\xb12\xe7\xa7\xcc\x0d#\x0b\x07\x9a\
}X\xf6\x05\xa5\xa1hH\xd2\x7f\x99 W\xa4q\xb1\
+(\xce\x8b\xc3\xe5\xb92\x0e\xa4\x9e\xe8\x83I\xee9\
\x10\x90\x15\x10\x00\x8fn`\xe0)\xe4^BJ}p\
NPV\xa4Xi8\xae\x07\xd1\x15\xb9\x8e\xd8\x89\xe4\
\xf8\xc1g\x16\xa0\xf3\x09\x10\x11\xa0\xb4\xebP\x1f\xd8'\
UM\xee[E\x03\xd4.\x14\x1dz\x18\xab\x84\x17?\
\x9dE*\x95%\xd8\xf2\xbdR\x84\x80\x11b'\xf3\xee\
\xdb\x18\x89\xbe\xf4\xf2\x02\xfc\xfc\x177\xe0\xbb\xff\xfao\
\xb8\xe5\xb6\xdb\xb1r\xcd\xda\x04$]\x82\xa6\xcf\xb4L\
/\x1a\xfa)g\x9c\x91lV~\xf1+_\xc1Pn\
\x8a\xee`\x9e\xf7\xa9\x17^\xc2\xfd\x8f=\x81\xe5k\xd6\
\xa1\x95\xfb\x13\x01\xe7DxN\xe6\x84<X^\x8b\x1c\
\x00\xf2\xc3\xebJ\x06\x1d!\x83\x87\x1c\xe7\xdbF!\x22\
\xa6\xe6\x0a\xf9N8\x04\xde\x80\xf7\x14S\x0a\x96y\xdc\
\x09\xa3G\xe1\x9aK.\xc5Q\x87\x8d\x85\x17\x01\xb9\x03\
\x07\xb1x\xc1\xabx\xf5\xf9\x97\xd0\xda\xd0\x08K'\xac\
)\x0b\xae4a\xd8\x87V\x8a\xd28\xf4\xf9\xd0\xe9\xa1\
;\x9fb!\x9d\xdb\xa4?\xa5\x14d\xce\x13\x90\xa5\xe2\
J)\xb6+sm<\x17\x02\xb8\x9aA\xd5\xb4\x19\xd3\
PS]\x05\x1b\xc6\xd8\xb2~#\xe4\xaf\x899\x9c\xbb\
\x98\xe32\x9c\xfb<\xc7\x9a\xae\xa9\xc4\x84\xa3\x8ff\x94\
{\x18\xa0,\xac\x02 \x80k\x5c\x18M]\x04\xe46\
\xc0\xae\x8d\xa6+\x0a\x82-\xbb\xb6\xedx\xae\xb0wo\
#>\x85C\x7f\x0a}$]\x5cq\xc5\x15\xb9B\xa1\
\xb0\xa4\xb9\xa1q\xa7R:\xb4T\x02Z*\x07\xcf\x91\
\xf3\x03P\xd9\xb5\xa2\xc7W\x90\xef\xe1y\xd5\x958\xe6\
d\xee\xde\xd7TC\xb9.:\xe8\xc1|\x9f\x91\x1a-\
\xdfS.Z\x1b[\xb0f\xc5j4\x1dh@\x9a\xcb\
\xb3#\xa7\x8a\x90G\xa0X.B&\xc9\xf1\x1cF\xbb\
\xf4\xf0`\x94\x13\x05\xd0\xf4l\x14?>\xfd\xc3\xca\xc8\
\xa0m\xcc\xaei\x11\xccgZ\x9e\x09\xc1jh\xa5\xe0\
\x12h$\xfa\x07#\x14\x17\x1a.\xb5$\xc7\x9c\xeb\xe2\
W\xdf\xc4\xf2\xd7\x16\xa3a\xeb\x1e\xd48>\xc6\x0d\x19\
F\xe0\xbd\x00S\x99\xc36Q\x11\x8e-\xc3E\x80\xb0\
\x9cC\x1c\x96\xb8\xa1\xd3\x89\x02st\xb2\xba\xac#q\
\x00\x00\x10\x00IDAT45\xc6A\xf7ai\xc0\
`\xbb1I\xce#e(\x9b\x98\xb9\xc6\x02\x0e\xb4\xb6\
\xe2\xd5\xc5K\x98\xe7}\x18/p#o?\xa3\x06\x97\
9\xb0+\xb9\xc1\xf6\x9d\xbf\xfcK\x5cp\xd1E8b\
\xd2D\xd4\xf4\xac\x03\x8cFD~\x8b\x04\xce-\x8c\xc2\
\x1f{\xf2i\xfc\xc7\x7f\xfd\x00\xff\xf8\x8f\xdf\xc5\xedw\
\xdc\x85\xd7\xdf\x5c\x8c\xfd\x07\x9a\x08\xbe\x80b\xff\xcax\
\x90\xfe\x84\x94qa\x08\xb0\x9e\x00S*\x03C\x03\xb1\
\x94LH=\xe0\x87\xf3#\xcf\xdd\xf7\xf3\x8b\x02\xb4\xe0\
a\xd8\xa71\x06.u\x80\x97\xc9\x12X\x9e\x85t\xb6\
!#x9\x8fi\xa4\xe2O\x03F8E\x1a\x9d\x10\
m2\xe1A;n\xc2\x83\xf4k\xd8\xbf\xd5\x0a\xd2\x9f\
\xf4\xcb\x0aI\xbf\x11\xe5\x1d\xc6\x9c\x07/\x0d\x8f:\xc6\
\x9b(S\xcf:\xf3E4\xb7\xb4scl\x1f\xdeZ\
\xfc6\x01\xf66\xfc\x0b#\xfd\xef\xfd\xe0\x87\x90\xa8_\
\xfe*X\x1bW\x22\x11\xe7\xb6DP\xccVU\xe1h\
:\xad\xf9\x97]\x8a/|\xe9K8\x8bN\xb2\x93\xab\
\xba\xa5+W\xe2\xbeG\x1f\xc3\x13\xcf>\x87\xad\xbbv\
A\xbe\xb0\xaf\x982\x8b8\x1f\xf1\xa1\xb9!\x93\x1c\x9e\
\x22\x1d\xfap@-\x07\x1bQM\x80\xc9\xa6}\xc4Q\
\x19)\xea\xb4\xef\x1b\xcew\x1e\x95\xdc<\x96\xff\xdfl\
D\xff\xbe\xb8\xf2\xa2\xf9\x988\xf20\x94\x98\xf61!\
\xb0\xe2\xcd%X\xf0\xd4\xf3h\xdd\xdf\x08_\xd1\x81\xb1\
\x0fGkTVd\xb9\x22\xc91Pa\xa5C\xdd\xc0\
v\x9f\xfco\x94\x1ft.s)@+\x5c(\xc5\xb9\
84\xdfr\xaf\x14\x16!\xbf\xb81\xfe\xc8\x098l\
\xcchb\x06\xd0R\xdf\x88\xb5\xcb\x19\xe5\xd2\xc1Dt\
\xf2\x8a\xe3,P'\xac\xe7\xc1\xa5\xb3\x9a}\xd2\x09\xa8\
e0f\xd9V,\x13\xce\x865\xe7^)\xcaX\xba\
e\xc1\x0f`L{{{\xdb\x96\x8e\xf6\xf6\xd5\xa7\x7f\
\xe3\x1beV\xfb\x83\x7f\xf4\xef\xd9\xc3\xef\xf5Z\xc7\xc1\
\x83\xf5\xf9|\xe7\x0az\xdeV\xc5\x16\x0c\x05\xa0I\xb4\
\xbdd\xeec*\x87P$!\x8f\xe7b\xc4\xb81\x98\
u\xc2\x5c\xe4\x99\xcf\x89\xa4\x12\x95\xd4'\xf8\xe8X'\
9\x9c-\x1b\xb7`\xdb\xc6\xcd(\x15\x0a\xa8\xaa\xad\xc5\
\xf4cf\xc2cd\x5cI\xc0\xb6\xca\xa2P*\xd2\x88\
\x5c\xc2\x5c\x0cm>\x98Hv\xfd)\x7f,\xa0b\x12\
\xcbd\xa4\xdd%\x00\xab\xc5\xf7\xa0\xcc\xe5_\x8a\x06\xef\
\xd0\xa1\xa8\x08\xc8\xb8i\x14\x9a;\xf0\xc6\x0b\x0b\xb0\xe4\
\xc5\x85(q\x13\xc4e\xc4\xd5\x87\x86}\xd5\xc5\xf30\
\xfd\xc8\xf1pP\x86\xa3B\xf8\x8e\xa5!\xe6`\xe9\x5c\
2\xe9\x14\xca4t\xa3\x0c\x94\x12)[v\xc2n\xe4\
\x14\x04\x1c\xca0&1\xac\x80a\x7f\x9a\x9b\x941\x01\
q\xe7\xfez<\xfa\xf43\xb8\x8d\xa9\x83W\xdfz\x0b\
+\xdf[\xc3\xa5\xdcX\x5cv\xe5\x15\xf8\xda7\xbf\x89\
+\x18\xf9N<\xf2(\xd4q\xc9\x9c\xa6RC;\x1c\
\x89\x81\xe4\x8d\xdfyw\x05\x1ey\xe4q\xfc\xec\xe77\
\xe0\x87?\xfa\x09\x9e|\xea\x19\xbcA\xc3\xdf\xb4y\x1b\
\x9a\x09\x04e\x02\x98\xd2.@\xb24\x0eE@v\x5c\
\x1f\x0e\x81\xc7x>`\x1c\xce\x91J\xe4\xe0\x10$\x1d\
\xc7\x81\xd6\x1aJu\xdd\x13\xc3\x8b\x09\xacJ\xa9\xf7\xef\
+\xa5\x92\xe7Ju\xdd\x93wR\x8cN5\xc7b\x15\
\xdfe\x9b\x02\xec\x9a\xa5\x05\x10\xf1G\xd7}\xc3sK\
\x02\xa4\xbe\xcf\xbc\xb5\xa1Ny~\x16E\xca\xb7\x95\xb9\
\xc1\x06:\xf4\xf5\x1b\xb6\xe0\x95W\xdf\xc0\xa3\x5c\x05|\
\xff\x07?\xc6O9\xb6{\x1fx\x10o\xcb&.7\
9\xcb4tiO3j\x96<\xf8\xd4\x19\xd3q\xf1\
\xe5\x9fct\xfb5\x82\xed\xb9\xcc=\xf6\xc1\xba\x8d\x1b\
\xf1\xc2\x82Wp\xcb\x1dw\xe2\xad\xb7\xdfF\xd9\xaa\x04\
pKT\x05\xa1\x90\xd7\x00\xef\xc9|\xb0\xc4\xa1k\xce\
\x16\x14\xc7P\xdb\xa3\x16\x9d\xed\xad\x88\x18\xd1j\x05\xce\
k\x01\x8e\xb60:fj\xa1\x8c\xa3\x8f\x18\x87/\xb2\
\xcf\x11\x8c\xac%\xc5PaRx\xeb\xa9\xe7\xf0\xc2\xe3\
\xcf$\x7f\xd3\xa3:U\xc1t\x9c\xc3\xfa\x1ae\xae.\
\xc06\xa4\xab\x18\x16\x9f\xc5\xc3\xf5<\xb8\x04\xdbH\xc0\
\x93\x18`\x8c\x81\xe8\x81\xe5\x1cW\xd4Uc\xf6\x89\xc7\
#\xc3\x8d\xb4|k\x1b61M#\xdf\xcaph+\
\x9a\x83\x0aY?2\x1c\xa7k0~\xcaQ\x181v\
\x0cD\xbf\xc0A\x8b\xfe\xf01\xe4\x10=\xb2\xd4%9\
\xe7\xa3\x18Q\xd4\xda\xde\xd6\xfev\x14\x04L\x8e\x7f:\
\x82\xd1I\xe7\x9f\xd2\x8f\x09\xd5\xd5-\xb9\x5c\xe1\xad\xa0\
\x5c\xde\x0f\x8e\x5cS\x98Z\x91\x05\xea@\x22\x18\xf2\x11\
k\xc5h\x0a\xb0\x8eA\x8a\x00s\xe6\xf9\xe7![]\
\x0d\xd9\xdc)I\xeeI\x19pA\x00\x15)\x1c\xd8\xd7\
\x80w\x96.\xc3A\x1a\x01_\xc5\x84\xa3\x8e\xc4\xccY\
\xc7p\xa9\x97C\xc0\xc8CKt\xab,\x5c\x02x@\
\xa5Sl\xdb~:r\x15v\xde'1+\xc5YW\
\x8c\x88\x14\xe1\x05\xe4)!\xd6\x90q\x874`\x8f\xe0\
\xa3a`\x89\x0e*VP1\x90v<\xe6tKx\
\xfd\x99\x97\xf1\xf2c\xcf\xa0\xdc\xdc\x86\xdat\x1aC\xfa\
\xf6\xc2Y\xa7\x9c\x88\x19S&\xa2*\xeb\x22b\xa4\xab\
\x11\x22\xcd\xb4L\x8a\xed\xe4;\x09\xc0\xf4\xee\x8a\xed+\
\xf6\xdb=dK-KHiX\x82fl\x1c\x14\xc2\
\x18\x9d\x04|I-\xb4\xe7\x0bX\xb9\xf6\xbd\xe4/[\
=\xff\xf2Kxv\xc1\xf3\xd8\xb9g\x0f\x06\x0d\x1d\x82\
\xb38\x0f_\xf9\xe67\xf0\xf9\xeb\xae\xc5\x89\xccS\x8e\
\x1c3\x06\x12\xd9Y\xb6\xc5\x00\x139\xe60\xf72\x17\
\xfd\xe6\xa2\xb7\xf1\x8b\x1bof\xea\xe1\x06\xdc\xc2\x0d\xc1\
\x87\x09\xc6\xaf,|=\xf9[\xb1\xbbv\xefE;y\
\x13\xc0*\xb3_IG\x08\x85\x1csl\x15,\xf5A\
\xf2w\x89a\x90o\x91\x8d\x10\x87\x01\xa5\xf8\x9c\xf7\xba\
\x9fI)d)S)C\x1aj\x99\x91\xaf\xb4\xa1\xb4\
\x11)S\x07\xe2\x04\x5c\xb5q\xdf?w\x19\xcd\xbat\
6\x8ac\x97\xba\x12\xcd\xee\xd9W\x8f\xf7\xd6o\xa1\xa3\
X\x8a'\x9e|\x1e\xb7\xdd~\x0f~\xfc\x93\x9f\xd3\x89\
\xdc\x88\xbb\xef\xb9\x9f\x11\xfc\xa2D\x0eI\x8e\xd7\x18\xb6\
\xa9\xa0\xe9\x1cz\xf7\xe9\x8b\xa93f\xe0\xc2\x8b.\xc6\
\xd5_\xf8\x22\xce=\xff\x02\xf4\x1f<\x08;w\xef\xc6\
\xb3/\xbe\x80\xfb\x1e~\x08\xf2\xc7\x87\xf656\x22\xa6\
\xde\x8a\x8c\x03h\xc0\xf5`\xd9\x8e\xc8\x0et\xba@2\
S\x00\x9f)\xabX\xca,\xc5PL!Y\x8e\x8bj\
\x0b\xd7\x91\xfb\x8cP-\xe7\xd9s0~\xec(\x5c|\
\xee9\x183d\x08|\xbe\xe1p\xf5\xb1\xe0\x89g\xf0\
\xca3/\x22G\x07\x9d!\x00\xc7LUEL]!\
\x06\xb4Qh\xcf\xb5\xc1\xe3\xe6\xb4C\xdb\xe2+\x9f\xa9\
\x8fR\xaaK\x0a,%\xea\x15\x12\x06\xc5n3\x15Y\
\x1c}\xcct\x0c\x186\x18\xa0C>\xc8\x00a\xcd;\
\xcb\xb9\xe9\xdc\x8a\x94v\xe1\x1a\x17\xb2\xd2\x08\x08\xba\xd9\
\x9e\xb58\xfe\xf4S\x91\xa9\xeb\x81X\x01qLY\xb2\
MK\xdd\xe1\x07R\x02V\x9a\xe6y\xdc\x19\x94\x0b\xdb\
\xc20\xffN\x98\xcdv$7?\x85\x1f\xfaS\xe8\xe3\
\xfd.\x0e\x9f7/h\xeb\xe8X\xdd\xd0\xd0\xb84\x0a\
\xc2V\x11\x00\xe5\x92\xc8\x80\xb2A\xc4\x9a\x22(Q\xc8\
r\x18\xc0dR\x184b\x04\x8e=n\x0e\x0c= \
(\xbc\x90\xca\xe5\x1b\x0f\xd5\x95\xd5\x90\xf3\x95+Vb\
##\x8a\x12s_\x99l\x16\xc732\xae\xeeQ\x8d\
2\xaf=\xdfK\xa2\xdd\x181B*\xab\x001\x14;\
\xf9T?2\xc1\x16JPT\xd9\x8f\xf4,\xf6e9\
&m\x1c\xde\xd7(\x10\xf4\x22\xa6\x18<\x1a%(\x10\
\x1bZ\xa4\x8d\xcfec\x01\xcf>\xf6\x14^\x7fq\x01\
\x0e\xee\xdd\x0b\x0e\x0e\x87\x0d\x1f\x82\x93\xe7\xce\xc6\xd1\x8c\
x++|\xa4|\x07\x11#\xa2<s~i\xca\xcd\
%(t\x0f\x95p\xc5\xf6\xbb>\xc2A\x0c\x85\x90\xde\
>f\xdf\x1eS3\x916(\xb3?\xf0\x9d2\xfb\xaf\
g\xaew\xf1\xd2\xa5\xb8\xf3\xde\xbb\xf1\xe8\x93\x8fa\xe1\
\xeb\xafa\xdb\xce\x9d\xe87` N\x22\xe0^q\xf5\
\xe7\xf1\xa5\xaf|\x15\x173\x8f8\xe7\xf8\x130l\xf8\
(\x1as\x06\x02h9.\xc9;sEl\xda\xb4\x15\
/\xbf\xf2*\xee{\xe0!\xdcx\xd3-\xf8\xc9\xcf~\
\xc1\xcd\xa6[p?\xaf\x9f\x7f\xe1E,]\xb6\x1c;\
v\xeeFK{\x07J\xdc0\x12\xc0\x14P#k\xd0\
Z\xc3\x18\x03\x87$\xa5p\x1e\x93\xdfD_\xc8\xb3&\
\xc9}!\xa9\xab\x94\x82\xbcg\xad\x82\xd2\x8c\xec(?\
\x87\xa4\xf8~\xd7XA\x0d \xe8\xb0\xaf}\x07\x0e`\
+S#\x8b\xdf^\x8a'\x19\xd9\xdf{\xdf\x03\xb8\xf5\
\xd6;\x99\xa3\xbd\x09\xbf\xb8\xe1f\xdcv\xfb]\x04\xde\
g\xb0l\xf9\x0a\xec\xddw\x002\x16\x87@\xedqE\
\xc0\xc6!\xdf\x9f=|\xfcx\x9cu\xf6\xd9\xb8\xe6\xda\
/\xe0K_\xfd*\xce\xa1C\x1a\xc9]\xf2\x86\x83M\
x\x91\xce\xea\x91\xc7\x1f\xc7\x93\xcf<\x83w\xde}\x17\
E\xea\xab\xf0\xa4\xc8O\x99\x00*\xdf\x22\x09\xc9\xacU\
\xe2\x18\x14\xcd_\x01\xbc\xee\x22$\x87\xdc\x91\x13\xf9\x0e\
iuU%l\x1c\x82\xf9\x05\xce\xb1\x874S\x0d\xc7\
0\xafy\xe1\xb9gap\xbf^\xf0ddL\xa9\xbc\
\xf6\xe2\xcbx\xe6\xd1\xc7q\x90\x81\x88k\x0dSO\x1a\
1#wG9I\xeb\xe9L\x1a\x8a\xc0[\xa6\x8e\x88\
\x1c\xa5\xfd\xcf\x12\x09O\xf9|\x1e\x11e$\xf3*$\
\xfc\x95\x19h\x0d\x1a<\x183\x8f\x9b\x05\xed\x1a\xe4s\
\x9dxo\xd5\x1a\xec\xe4*J3Xq8\xe7\x14\x22\
\xac\xe1x\xf9\xfc\xe8\x9931b\xcc\x18\xe8T\x1ae\
\xeekH\xbbJQ\xce\x96\x9aOR,\xa4>\x83\x91\
\xd8\x06A}{s\xeb\x82b!\xb7e\xce\x9c9\x02\
?\xd2\xe5\xefO\xbf\xe5\x9b\xfa\xb7\xac\xf7\x89TSJ\
\xd9\xe8\xa0\xb3\xb7\xa5\xb5uA\xa9T\xdaG\xe0\x8dD\
\x00B\x22\x9c\x84\xd8\x93\xc81&g!\xf3Z\x9a^\
n\xd6\xdc9\xa8\xed\xdd\x13\x9aQ\x9c2.\xab+\x04\
\x14\xa8G\x85\xea`\xf4\xb7\xe8\xf57\xb1o\xf7\x1e\xc4\
4\xccAC\x87\xe2\xa43NC\x99K0\xe5\x1b\xc4\
\x94r\xa9\x5c\x80,\xbb\xc1\xa8\x88\x97\xec\x01l#)\
\xde/\xbb\xae\xfe\xfb\x9f\xc9|)\xbe\xfb!\xfa\xef\xdf\
\xe8zj\xd9KB\xec<&\xf8v\x91E\xc4\xebH\
[\xc9\xca\x22W\xca\xc3a\x14\xa2\x1d\x03Y\x0a:\x8e\
\xc7H\x87\x8aD\xc31\xa1B\xd8Q\xc0S\x8f<\x8a\
\xe7\x1f\x7f\x02\x1d\xdc\x1cI\xb3\xe9\x11\x03\xfa\xe3\xdc\xd3\
N\xc5\xc9\xc7\xcdF\x85\xef&\xdff\xf0\xa9x\x9a\xfd\
\x01\x027\xe4\x98}\x80\xd7I\xc1w\x92\x8fR\xa0\xfe\
\xf1T\x11\xe0(#V\x93\xda0\x0e\xe0\xba\xe4#\x95\
l\xaa5\xb5\xb5c\xd9\xaaUx\x90\xf9\xc8\x07\x1f}\
\x14O2'\xb9\xea\xbd\xf5H1\xbd0\x99\x1b\x15\xe7\
^xa\xb2\x9c\xfe\xea7\xbe\x81\xf9\x17_\x82\xe3O\
:\x11\xc3G\x8eB\x8a9a\x18\xcd\xbch\x80\xf6\xce\
Nl'`/fN\xf4\xf9\xe7_\xc0\xbd\xf7\xde\x87\
\x1b%\x12\xfe\xd9\xcf\xf1\x93\x9f\xfc\x0c7\xdcpc\xf2\
\xf7}\x9fbJ\xe2\xd5\x85\xafa\x0d#\xed\x8d\x9b\xb7\
`\xf7\x9e\xbdh\xe4\x0a\xa6\xa3#\x07\xf9\xa6@\xa9\x14\
\x10\x9c\x0f\x11\xa3\xb7\xf2!\x12\xc0\xee~VdZ\xa5\
A\xfe\xf7\x84\x9d\xbb\xb0e\xcb\x0e\xbc\xf7\xde&\xbc\xf5\
\xd6\x12<\xf1\xc4Sx\xec\xb1'q\xf3-\xb7\xe1\xfb\
?\xf8\x11\xa3\xd8\x9f\xe1\xc7?&\xfd\xe4\x06\xdcy\xf7\
=x\xf2\xa9\xa7\x19\xe5\xbe\x85\xcd[\xb6r\xd5\xd4\xcc\
\xbcg\x01Jk\xb8\x9e\x07(\x85LE\x05\x86\x8f\x18\
\x85\xe3\xe7\x9e\x84+\xae\xbc\x1a_g\xba\xe5\xaak\xae\
\xc1\x09'\x9f\x82\xfe\x83\x06a\xf7\xfe\xfdx\xf9\xf5W\
q\xf7\x03\x0f\xe0\xa1'\x9e\xc4\xaau\xebp\xa0\xf9 \
\x94\xe7BQ\xa6\x8a2\xb5J\xc1a{\xae\xef%\xf3\
\x1b\x10\x5c\xa0\x0c\x00\x0d\xbc\x1f\xed\xf2TQSH\xe0\
\xfcy\xbe\x83\x90\xb9z\xce\x10/\x03\xf4\xaa\xae\xc2I\
\xb3g\xe3\xecSN\xc5\xf0~\x03\xe1p\xb5\x90on\
\xc5\xa3\xf7\xde\x8f\x87HA\xa1\x08.\x93!\xab\x05\xe9\
\x8f\x8bA\xc4\x86s\xad\x15:\xe9\x8c\x1d\xd7!v\x87\
\x10;\x01\x14\xf0>\xe17\x1e\xc2J\x17)\xea\xa3\xfa\
\x8d\xf5~\x9b\x07\x96\xaf'\xf4\xa1\xca]m\x83\x0e%\
\x05\xa5\x14\x22\xda0\xc8o\xcc\x07\x22\x96TU\x16\xd3\
\x18\xe5\xf6\xe4&\xb9\xf1}\xec\xd9\xbe\x0d\x8b\xdex\x13\
9\xa6\xad\x1c\xa9\x10s|JC\xd1^z\x0f\x1c\x80\
i\xb4\x85L\xcf:\xe4e\xa3Q\x1b\x18\xc31S\xff\
cb\x09(S\xb2\xc0q\x88\xc2G\x9dA\xa9\xb8\xbd\
\xb3\xa3c\xc9\xdam\xf5\x07\x15\xb1\x09\x9f\xd2\xa1?\xa5\
~\xde\xef\xe6\xe4\xcbO.\xe4\x8b\xf9\x95\xed\xedm\x8b\
\xb5Q\xad\x81$\xc9\xb9I`D0\xccI*\x0a=\
d\x0eWSX\x9a\x00\x14\xc4\x01\x06\x8c\x1c\x86\xa9\xc7\
\xcfB\xc1\xa5\xd8\xb8\x81\x10*\x85\x98\x0a\xe7R\xe0\xb5\
N\x06;V\xaf\xc7\x86wW\xa3\x94#pU\xa4q\
\xc4\x8c\xa30j\xda\x04\xb43\xe7\xd9^\xea \x8eh\
\xf8l?\xcd\xf6,\x05\x1fw\x93\x8aa\x09z\xa2\x08\
<c\x0d\x95\x10\xa0\x80\x8fP7\x8c\xc9\xdb\xe4\x01\x1f\
&\xb9giH!\xb410\xa4\x90\xeb\xednPS\
\xe0\xbb4\xe0\x22\xa3\x95\x02\xa3\x8c\xb2\x89P\xd2\x01:\
\xe2<\xf2\xaa\x80\xc0\x0bQ\xd0E\x94\xdd\x00\x01\x13T\
\x85\xb8\x94\xe4\xb0\x03i@\x1b\x04\x8c\x02\xb3^\x0a\x5c\
?\xc1\xe6\xcaX\xbe\xf0-<\x7f\xdf#\xe8\xdcU\x8f\
Z8\x18^\xd3\x03g\xce\x9a\x8d\x13\xe4\x17J\xe4\x1b\
\x1b\x88`\xa3\x12\xf9\x88\xe0p\x19*\xfd\x0b?\x86|\
\xf9\x9e\xc7\xf6J\x08\xc5ai\x07\x8a\xcbzK^\x8d\
\xd6\xe0\xc0\xdfWx\xf9\xceh\xa0\x5c\xa8T\x15\xf2\xa1\
\x83\x03-\x9dX\xcd\x1c\xe7\xf3L\x13\xdc\xfb\xf0c\xb8\
\xf7\x91\xc7\xf0\x16#\xd5\x16F\xe6\xd5}zc\xca\xb1\
3p\xf1\xd5W\xe2\xaa/\x7f\x11\xd7~\xe3\xcb\xf8\xc2\
W\xbf\x88\xd3\xce<\x0dc\x0e\x1f\x83\x1e\xbd\xea\xe01\
\xed\x11\x93\xaf\x2279\xdb;\xda\xb0o\xff>\xac]\
\xbb\x0e\xaf3g\xfa\x14\x01\xf1~.\xe1o\xbf\xe5v\
\xfc\xfc\xe77\xe1\xdf\xfe\xebG\xf8\xd7\xff\xfc1\xcb\x9f\
\xe0?\x7f\xf8s\xfc\xf8\x17\xb7\xe1\x17\xb7\xde\x8d\x1bo\
\xbb\x077\xder7n\xbe\xed^\xdcz\xc7\xfd\x09\xdd\
t\xeb=\xb8\xe1\xe6\xbbp\xa3\xd0Mw\xe2g?\xbd\
\x09?\xf9\xd1\xcf\xf1\x83\xef\xfd\x04\xff\xf1\x1f?\xc0\x7f\
\xfd\xc7\x0f\x09\xb07\xe0fF\xb27\xdfr\x17\x1e}\
\xecY\xbc\xf0\xfc+x\xf5\xb5\xb7\xb0\xee\xbd-L\x03\
\xecGCc+A\xbd\xc4\xf1\x07\x9c\xa9\x90\xce\xa8\x0c\
\x8f\x8e\xab\xb2\xb2\x02C\x86\x0e\xc2l\x1a\xf1U\x9f\xbf\
\x0a_\xfe\xfa\xd7\xf0\xa5\xaf}\x15g\x9d{.\x0e\x9f\
4\x09\xd9\xdaZl\xe1\xa6\xd8c\xcf\xbd\x80;\x1fy\
\x1c\x8f\xbc\xf0\x12\x96\xd2!5Q&%m\x10\x13 \
\x02\xca\xb5Hc/r\xee#\xd15\x0aY)\x0b\x8f\
\xbb\xf0TEXFj\x8aQ\xa9\xd1\x9c\x17\x9e\x17\xb9\
\x07\xa1\x0c(/\x07\xc6\xa5\xc4b\xeaE\xa1\x0dYW\
ah\xcf\x9e8\xf5\x98cp\xe1\x89'ct\xcf~\
\xa8Ui\xe4\xf7\xb7\xe3\xa9{\x1e\xc1\x1b\x1cS\x81\xc1\
Gg[\x1bb\x03\x14T\x80\xb8\xda\xc5\xd0\xc9c0\
`\xdc\x08\xeaW\xc4\x14R\x81\x9b\xb9\x9a\xce9\x0b\x03\
\x97\xe3\xa4^\x12\xb4\xac(?\x14\x90\x10\x92C\xf1\x5c\
H\xf3\x19\xd9%H)\x80\xb6\x86\x18]\xe7\xf8\xdd\x0f\
6E\x0d\xe0\x98\xd8H\x0c\xcb\x9f\x96m\x22iO\xf1\
\xa1\x90\xe7\xfaP\xe2\xac)\xaf\xbc-\xa1\x93\xf6;\x96\
v<\xe9\xd8\xa9\xd0\x14X's\xb9\x9b\xd7o\xc2\xde\
\x9d{\x10\xd1.\x5c\xcaM\xc1@\xf3=\x90&\x1e=\
\x0d\xc3\xc7\x8d\x87qRP\x14\x84\xcb\x15J\x99\xce\x99\
=%}\xb3\x1b\xf6\x0c\x8e]\xc5\x88uC>Wx\
\xadX\xee\xdc8\x8f+p|\x8a\x87\xfe\x14\xfbJ\xba\
RJ\xc5\x0d\xad\xad{\xea\x0f\xec\x7f\xbd\xbd\xady\x9f\
cTD\x82\xd1\x0a\x86s\xabD,\xca&\xd3\x1e1\
2\xd5F\xc3\xaf\xab\xc3\xf8\xe9S\xd1\x7f\xf4H\xb4\xd2\
pK\x04f\xcf\xcf\xc0P\x11|*N\xdcQ\xc4\xa2\
\x05\xaf\xa1~\xd7\x1eFC\x05\x0c9|,&\x1f;\
\x0d%*n\xb6G\x05b\xe6;\x15\x95\xdf(\x05\x8a\
\x1c1\xdb\xb5\xecG&\x01\xec\x89\xba\xc4:\xf2\xa4\x8b\
\xd0}H\x05\xb6\xafX\x0an=\xc1\xb6\x00\x00\x10\x00\
IDATG\x96\xf7\x13\x92fx.\x1fyW\xee\
E\xe4\xa9\xc8H\xab\xbd\xa33\x01\xaft6\x03pL\
d\x11\x1c\x1c \x86V\x99BE\xcf*\x0c<l\x08\
&\x1ds\x14\xa6\x9e8\x03S\x8e?\x1a\xe3gN\xc2\
\xa01CQ\xdd\xaf\x07*{U\xc3\xafL\x93\xe3\x08\
\x81\x8d \x1b\x82!\xf3\xd1u5\xb5\xc8q'=\xcf\
\xe8o\xc3\xb2\x95x\xe2\xce{\x91\xdb}\x00\xd5\xf00\
\xaa\xdf \x02\xef\x1c\x9cs\xd2I\x18\xc2|oV\x22\
|FH\x9d\x04\xb8lE\x06\xb2D-1\x0a\xb2\xcc\
yVWV\xc1\xa5L\xcb\xa5\x12\xd9S\x88\xa38)\
\x15y\xb5\xe8\x1a\x7f\xc0{\x01\xc1 `\xdb!W\x13\
\x11\x958\x1f*4S\xce;\xf67\xe0UF\xadw\
pY~\xe3\xed\xb7\xe3\xfe\xc7\x1f\xc3\xdb\xabV\xa2\xa9\
\xb3\x0d5}z\xe1\xd8\x13\xe6\xe0\x84\xd3N\xc2\xb5_\
\xfd\x12\xfe\xeao\xfe/\xfe\xec\xcf\xbf\x8d\xeb\xbe\xfae\
\x9c7\xef\x02L\x98<\x09\xb5\x9cK\x9fK?\xe38\
\xb0\xec/(Gh\xef\xe8@=\xdb\xdd\xbe}\x17$\
\xb7\xbab\xf5{X\xfc\xce\x0a, 8>\xfe\xf4s\
x\xe0\xa1\xc7\xf1\xf0\xa3O\xe1\xc1G\x9e\xc4\xfd\x0f=\
\x86\x07\x1e~\xbc\xab\xe4}9\x7f\x98\xf7\x1f{\xfci\
<\xfb\xec\x8bx\x95@\xbed\xc92\xbc\xcb\x9d\xed5\
k\xd6C\xfe\xbaW}\xfdA\xec\xe7N~\xa1\x10@\
\x19\x0fJy0,\x1d\x87%\x8d\xd5K\xa7PYU\
\x81!\xc3\x06a\xe613p\xc9e\x97\xe0\x9b\xdf\xfa\
\x13\xfc\xd9w\xbe\x83o\xfc\xe97q6\xd3\x07\x13\xa7\
\x1c\x89\xba\xbe}\xd0JP]\xb8h\x11n\xbd\xfbn\
\xdc|\xe7\xddx\xfa\xe5\x97\xb1\x86\x11\xf2\xbe\xe6V\x14\
\xa9'\xf2\x9f\x89\x16X\x86tj\x96\xe9\x9aH+D\
\xca\x22\xe4\x5c\xc6\x88@\x89S\xde\x16\x9a\xa3\x17\xe3\x8b\
\x19<\x08\x09\xe0d\xd2>\x9fG\x8cn\x8b\x00\xebf\
8\x8f\x15\xbe\x83\x91\x03\xfb\xe3\xb2\xf3\xce\xc3\xbcSO\
G\x9d\xf1\xe1v\x16Q\xbfq;\x1e\xa0\x13Z\xf9\xd6\
r\xa6\x9fr\x88\x09.uu\xb5\x08\xb8\xb1\x9a\xedS\
\x83I\xc7M\xc3yW]\x82\xd3.>\x0f\xa3'\x1d\
\x81*\xe68\x951t\xc8l\x9a:\x8d\x84\x14\xc8\x06\
\x89%o\xbf\xff\xb1\x16\xca\x22!p,\x88\x15\x01[\
\xf1Z8\xc6\xefu\xb09X\xfeK\x22Xi\x81\xed\
\xb2\xc5\xae\xbey^\xa2\xed@)D\xec;@\x8c\x02\
\x81\xb7\xe7\xa0\xde8\xe6\xe4\xe3\xd0c\xcc\x08h\xad\xb1\
w\xfbN,~c1y\xd1H\xfbY\x84\x0c\x1aJ\
\x94_!\x880x\xe4(\x1c9m\x06*\xe4O\xc3\
j\x17.7\xa2\xb52|\xcfa\xaf\x0a\xda\x18(H\
\x8f\x1aZ9A\xae3\xbf\xa3\xa9\xa9\xed\x9dm\xf5\xed\
\x9fj\x94\x0b\x1e\x9a\xf4\xa9\x7fJ\xa5R\xbe\xa9\xa1i\
e[k\xcb\x22\x0d\xdb\xa68\xc3q\x5c\x86G\xc1\xc8\
2\xc0P\xf8\x9ca\x04\xdc\x0c3\x5c\x12i\xdf\xc30\
\x0au\xf6\x89s\xe10_\x19\x92\xe32s\xbe2\x91\
\x01'K1\x1f\xb9m\xf3V\xbc\xfa\xcaB\xe6q\x8a\
\xcc{\xa50\x93\xb9\x9d\xe93\xa7#T1\x22\x8e\xb2\
\xccI\x94e\xfb!\xb1\xb3y\x05X\x95\x94\xeaP\xc9\
j\x10b\xf3\x87>\xeaP\xc9B:C\xd7uw\xfd\
\xa4\xe4#\xf9\xf8)\x0f\x9a\x06VQ]\x098\x0a\xad\
\x9d\xed4\x808Isd\x09\xb4SfM\xc7e\xd7\
\x5c\x81\xaf}\xfbO\xf0\x8d\xef\xfc)\xbe\xf4\xedo\xe0\
\xeak?\x8f\x0b/\x9b\x8f\xab\xae\xfb<\xef\xd1\xc8\xff\
\xcfw\xf0\xf9/}\x01\xc7\x9d:\x17\xfdG\x0e\x82J\
;\x08\x8c\xe5R?@\x99F\xeb\x13\x1c\xa2\xd0\xa2~\
_=\xdex\xf95\xdcu\xf3\x1d\xd8\xben\x13\x14#\
\xe0!}\xfa\xe3t\xe6W\xcf\xe5\xd2\xb3'\xa3\xb4\x14\
y\x91_\xa2\x08\x99'+\x17\x8b\xf0\x19\xbd\x81\xb2(\
p\x99\x19Q\xae\x9a\xd7\xb4%\x11\x01U\x1c$\x19\x9b\
\xe6PL\x17)\x8d\x98\xf3\x10Q\x22\x96\xa5e{\xb1\
\x10\xabE\xac\xd1\x92\xeb\xc0\x1a\xe6\xd2_|\xe5\x15\xdc\
\xce%\xfa\xf7\x7f\xfaS\xdc~\xef\xbdxm\xd1b\xb4\
v\xe4QQ]\x87\x11\x87\x8d\xc1\x14n4\x9d}\xfe\
\x05\xf8\xe6\x9f~\x1b\xff\xf0\xcf\xdf\xc5?\xff\xdb\xbf\xe3\
\xff\xfe\xed\xdf\xe1\xda/\x7f\x05g\x9c}\x0e\xa6L\x9f\
\x81Q\xe3\x0e\xc7\xa0\xe1\xc3\xd1\x97\xcb\xc3\x8a\x0a1\xa6\
 Y\x1e\x86\xcc\xcb\x87\x5c\xf5\xe4\xd8WKk3\xa4\
\xec\xe4y{k+\xdaZ[\xd0\xd1\xde\x86\x5cg\x07\
:\x84:\xda\xd1\xde\xde\x9a\xbc'y@\xd1\x9d\x90y\
|qZFk8\x1c\xaf\xc7\xf4M\x96N\xa8\x07\x01\
h\xe8\x88a8\xe6\xd8cp\xf1\xc5\x17\xe1k\xdf\xf8\
:\xfe\xea\xfa\xbf\xc5\xdf\xfe\xd3?\xe1;\x7f\xfd\x7f9\
O\x9fO6c\xc6L\x9c\x88\xaa\xde\xbd\xd1H\xa7\xb0\
\x90\xe3\xfa\xc5\x1d\xb7\xe3\xa7\xb7\xdc\x82;\xee\xbb\x0f/\
,\x5c\x88]\xf5\xf5(q\xa5\x10\xd0\xe8\x15\x0c%e\
\x10\x11\x04\xc4\x91\xc4\x04\x04\xcd{\xcajt\x13,\x85\
GR\x87tI\x19M\x19G(\x96\xf3L\x0b\x14a\
\x8c\xa2\x0dh(\xe61\x03\xe6\x9f-Wn3'\x1d\
\x89\x8b\xcf9\x0f\xd3'NF-\x03\x8dJ:\x8a\xed\
\x1b6\xe11:\xbd\xb5\xdcLjoj\x22\xe0\x96\xe1\
sU\xd3\xc9%uEM\x15\xe6\x9ez\x22\xce\xb9\xec\
\x22\x8c=v:F\x8d\x1f\x87\xe9sf!\xd3\xa3\x06\
\x9dt\xc4\xa1\xe1\x5c'\x0c\x90\x17t\x1f\x1f:'o\
\x92\xe6\x8b\x09~\x11,,\xe7\x1e\x9cw\xb0\xe4\xa7\xfb\
\x85\xdf\xb3\xe4\xd8(\x0f@\xf1\x1fx(R\xd7\xc7\xf3\
\x5c\xf6EW\xc3\x80\xc8\xcf\xf8\x90\xb9\x9a\xce\x15\xd4\x84\
I\x13\x11r^\xdb\x18l,ys\x11\xe4\xb7Q#\
\xca\x5ci\x8d\x80\x81\x94\xc8_\xb9\x0e\xf5h\x1aF\x1c\
q\x04\xe7\xd9\x854n|\x03\xc9\xe08\x941\x87\x04\
\xa3\xc5\xe1\xc4\x88\x03&\xd9\xadm(\x85\xe1\xeb\xed\xad\
\xad\xebN;\xed\xb42>\xe5C\x7f\xca\xfd%\xdd\xcd\
\x9f??jlm\xdd\xd5\xde\xda\xb6\xb8\xad\xa5\xad^\
Y\x1b\x8b\xf8c\x1b\xc35\x0e4g7\xa6\xc4\x5c\xd7\
E\x0c\x8d\x98\x1b\x05\x99\xaa*L\x99q\x0c\x0e\x9f0\
\x11\xd6(\x94)\xf0\x88`\x1bR\xc9\x19d\xc2w<\
,z\xedMlg\x82\xbd\x93y\xbd^}\xfa\xe2\xfc\
\xf3\xceGM\x8f\x1e\xe8`t\x1c\xba\x1a\xa1\xf4.\x93\
n\x15\xe7E'\x1e\x13\xc9\x19\xd8\x0b~\xabC\xb1\xbe\
\xb2]UEx\x9a\xe7r-\x86n\x99G.3U\
\xa2|\x03\x93u\x91\xaaIc\xf6)\xc7\xe1\xbao}\
\x15W}\xed:\xcc\xb9\xe0,\x8c\x9e|8\xaa\xfb\xf4\
@Um%z\x0c\xee\xc7\xe5\xdf(\x0c\x9e8\x0eC\
\x0egy\xd8p\x1c9{\x06.\xbe\xeej\x5cGP\
>\xf7\x92\xf3Q\xdd\xaf\x0eaJ\xd1\xf3\x97\xa1\xa8\x98\
\x9a\xe3\x14\x83.\xe5\xcb\xd8\xb8v#\x9e}\xf4il\
]\xbb\x015^\x0aU\x94\xd7\x1c\x82\xd8W\xaf\xbe\x0a\
\x93\xc7\x8eA\x851\x88\x0a9D\xc5\x1c\x0cG\xaf)\
3\xcb\x08\x0a\x0e\xa0\x0c\xa8\xe41D\xf0V)\x9e+\
\xc4\x1c[LIHi\x09\xba\xe0!\xcf\xe4\x9e\x5c\xcb\
\xfd\xc8*\x94\x082E\xceI\x91\x11x\x1b\x81\xa1\x99\
\xd1\xfd\xfe\xc6&,|\xe3\x0d\xfc\xe7\xf7\x7f\x88\x7fg\
\x8a\xe0?\x7f\xf0c<\xc8\xcd\xbf\xd5\xeb7\xa3\x9eK\
\xdfR\xac\xd0k\xc0 L\x982\x15sO;\x03\x97\
_s-\xbe\xf3\x7f\xff\x06\xff\xf0\xaf\xff\x86\xef\xfe\xc7\
\x7f\xe1\xfa\xef\xfe\x0b\xfe\xe6\x1f\xfe\x01\x7f\xf7\x8f\x7f\x8f\
\xbf\xf8\xcb?\xc7u_\xbe\x16\x97~\xee\x12\x9c{\xfe\
\xd98\xf1\xc4\xb9\x98r\xf4\x91\x18\xc3t\xc5(\xaev\
\x86\x8d\x18\x8a\xa1\xc3\x86`\xc8\xf0\xc1\x186|\x08\x86\
qW{0\xafG\x1e6\x1a\xf2w8&\x1d5\x09\
\x12\xb1\x9et\xf2\xc98\xff\x82\x0bp\xd9\xe5\x97\xe2\xcb\
\x8c\xb6\xff\xec;\xdf\xc6\xf5\xff\xf0\xf7\xf8\xaf\xef\xff'\
\xf9\xfc\x1e\xfe\xf6\xfa\xbf\xc3\x97\xbf\xf65\x5c\xf4\xb9\xcb\
q\x1c\xf3\xb3\xc3\xc6\x1e\x8e\xca\x9e\xbd\x112B\xdd\xd3\
t\x10/3\xa2\xfd\xe9-\xb7\xe2_\x7f\xf0C\xdcp\
\xc7\x1dx\x86\x1b\x99k6mB'W\x02NE%\
\xf2\xd4\xd1\x0en\x1c\x1a\xe5\xc0\xd1.\xb4v(AM\
\xa9\x81\xa5\xe22\xd6&\xa5\xe8\x07\x05\x9c\x9cw=\xd1\
\x04b@\xd3\xa1\x1a\xc7\xc2q-\x88\x1b\x00\xf5\xb4\xcc\
\xd5\x89O\xbd\x1e\xd6\xab\x0f.<\xe5t\x5cq\xfe\x85\
\x98v\xf8$\xf4\xa9\xacE\x81+\x9deo.\xc6\x93\
\x0f>\x8c\xb7_\x7f\x83vQ\x02w\x93\x09\xb8.J\
|\xb7\xb6W\x0f|\xf9\x1b_\xa1|OfZ\xa7\x07\
:\xdb\x0f\xc2\xa9\xce`\xe6)sq\xf2\xb9g\xa0\xe7\
\xa0\xbe( @D\xe7\x0b\xce6\xba\x8f\xe4\xba\xfb\x82\
@K\xc0\xb5\xa4\xe4\x8e\x82\xb0\x0e\xab\x15\xc4\xee8\xfd\
\xc9\xed\xdf\xe7G\x97\xad\xa8d\xec\x1f~\x9f=\x22\xa4\
n\xe6\xa8\xabe\xa6\xe0bX\xce\xe3X\x9c\xc0y\xcf\
p\x03\x90\xb9;\xac}w\x05\x96-^J=V\x08\
\xa8{\x05\xae\xd4\x1c?\x058\x06\xc3F\x8d\xc6Q\x5c\
\x09W1\xe7\x1d\xf0\xbe\xe0\x88\x22\xbfRF\x91M\xde\
\xd1\xec0d\xb0\x11Y[,\x16\xf2\x9b;\x9b\x9bW\
n\xab\xafoU\x12\xf1\xf1\xd9\x1f\xee\xa3~\xa5i\xe1\
\xe5Wn~\x1a7\xb6l\xd9\x92ohiz\xb7#\
\xd7\xf1&\xfbk\xa5\x9c\x113zU\x04^\xf1J!\
\x97\xc2\xa2\xc8\x92\xf4\x97\x08\x0b\xae\x87^\x83\x06c\xc6\
\xacY\xf0\xb8Qc(\xf0\x90uA\xe1R\xbb\x93\xfc\
X\xb1\xbd\x13O<\xf4(BYF\x16\xcb\x182x\
\x08.\x9c\x7f1#]N\x14AFy\x0e\xbbQ\x9c\
t\x9d\x00\xae\xb6]\xa5b\xf9\xeb\x08\xa2\x8c$K\x82\
\x98\xcc\x87\xea\x19\xcb;\xdd\x04\xc0\xf3\x1d\xb4\xe7\xda\x10\
\xca\xf7\xd9|`\xe0\xe8!\xb8\xf4\xda\xab0\xff\x9a\xcb\
q\xd8\x94#\x90\xee\x99E\xacJ\x08\xfd\x18N\x95\x8f\
\xb2\x89\xd0\xd4\xda\x88}{w\xa2a\xffn\xe4K9\
\x04|\xb7\xa8\xca\xd0\x04\xecA\x93\x0e\xc7\x19\x9f\x9b\x87\
o\xff\xfd_a\xf2\xacih\xcc\xb7\xa2\xc4\xc8M\xf2\
\xc2\xd5Uu\xdc\xb9\x1e\x82\xfa\x1d\xfb\xb0a\xf9\x1a\xbc\
\xfc\xf8\xb3X\xf5\xd6R\xa4C\xa0Jk\xcc\x9a4\x09\
W]x>frYY\xc74\x87e\x04d\x18\xe9\
\xfb\xcc\x0d\xa6R&\xe1U9\xa0\xf1Y\xf2dY\x02\
1\xc7g\x95\x06\xd0ETFX\x9es\x88\xb0J\xc1\
\xb2\xdd\x98\xb2f\x96\x81\xf2\x04R\x95U\xa8\xe9\xd9\x0b\
\xa0\x93\xdc\xd7\xd4\x88\xdd\x07\x0e\xa0\x83\x9b]&\x9d\x85\
\xfca\x9dE\xcbW\xe2~\x82\xee\x8d\xb7\xdf\x83\xef\xff\
\xecF|\xefg7\xe0\x96\xbb\xef\xc7\xd3\xf2\xbd\xe3w\
Wb\xfb\xde\xbd(\x10\xb4\xb2\x5c\x12\x0f\x1a5\x12\x13\
\x8e\x9e\x82\xa3\x99\xb3<\x969\xd4K?w\x19\xbe\xc2\
\xfc\xe9u_\xf92\xbe\xf1'\x7f\x82\xeb\x09\xc4\xdf\xfb\
\xc1\xf7\xf1\x83\x1f\xfd\x00\xdf\xff\xe1\x0f\xf0\xbd\x1f~?\
!9\xff\xfe\x8f~\xc8\xf3\x1f\xf0\xd9\x8f\xf0\x83\x1f\xff\
\x84\x80\xfa\x03|\x97\xd1\xf4\xdf\xfe\xfd\xdf\xe3\xcf\xff\xf2\
/\xf05\xbe\xff\xa5\xaf\x7f\x1d\xd7\x5cw-.\x98?\
\x0f\xc7\xce9\x1e\x87O\x9c\x84\x11\xec\xb3\x8e\xf9h\xeb\
h\xe6\xac[\xb0l\xddz<\xfb\xda\xeb\xb8\x99\x1b}\
\x7f\xfd\xcf\xdf\xc5\xb7\xfe\xea\xff\xe2g\xb7\xdd\x8e\xc5+\
Wc\xcb\xde}\xe8dte\xa9s\xedt4\x07\xb8\
\x89\xd3J\xfd\x0a\x09\xce\xcax\x10'()\x02+\x06\
No\x96\xf2R\xf0<\x1fZ\x1bPp\x94\xac\xea\x92\
\xeb\xfb\xfa\xc3k\x11\xac\xe2\x0f\x1d E\xa7ZU\xe1\
\xc1\xe5\xfc\xeab\x01\xa3\xfb\xf7\xc7\xfcSO\xc3%\xa7\
\x9f\x83\xb1\xfd\x87\xa0\xca\x1a\x94\x9aZ\xb0\xe4\xe5W\xf1\
\x08\xf3\xdfk\x97\xaf\x80g\x01K\xa0\xf5\x98\xb6\x8a\xb8\
J\x1c{\xc48|\xe3\xcf\xbe\x89\xa3\x18\x1d\xd6\xf4\xeb\
\x09U\x9dE\xc0\xf6\x15u\xbe\x10\x14\xb8\xc14\x03\x93\
g\x1e\x8d\x0c\x9d=\x9b#?1\xf9\x12\x02X\xed}\
\x02\xdb\x85\x1c\xc2\xa2\x10\xcf\xe5\x96=t\xce\xcb\xdf\xeb\
#\x80k\xa8O\x0e;7\x84AMB\xa2WlN\
\x03e\xee\xe7\xf8\xd9\x14\x03\x0b\x057\xe5\xe0\xc4\x93O\
B\xaf\xc1\x83P\xe0*M\xec{1\x03\xaa\xce\x83\xad\
(1\xb5\xe20\xf0\xb0\xd4\xc7\x80Z\x9b\xaa\xae\xc4\xd4\
cg\xa2\xdf\x98\xb1\xb0\x04`\xc3\xc0\x03\x86\x0d\x92_\
i?\xe6\x0a\xd1p\x80\x01WM\xbc\x15y\xbe\xdf\xc4\
`\xe1\xd5-\xfb\xf6\xbd\xcb\xe0O\xf28d\xe0\x0f\xf9\
\x11\xe9}\xb4}r\xf7\xd1\x1b\x9f\xd6\xd5\xf5\xd7_\x1f\
\x1e8\xd0\xb2\xb3\xa1\xfe\xc0\xdbmmm\xf5\x8eq\x22\
\xcf\xa5\x02S\x90\x94\x11\x97\x06\x11\xcf\xa8X\x9c\x18\x87\
\x0a\xac|\x0f\x9e\xebb\xfc\xd1S\x93\x8d\x8c\x12\x0dV\
\x808V\x06F\xbbp\x186\x98\x18\xd8\xb0j\x1dV\
s\xd9\x85\x08p\x19>\x1c9u\x0a\xf3\x8cs\xd1V\
\xcc3:\xb6\xd4)\xc3F\xf5!\x028\x11\xf8]\x0e\
\xe1\x8do\x13\xb4\x91P\xd7\xbb\xec\x987k{\xd6\x22\
Ce\x1f;\xf9\x08\x5ct\xd5e\xccG\xcd\x86W\x97\
A\xe0[\x14\x08\xa6\xed\x11y\xd0\xacK\xe03\x19\x8f\
K\xd7\x1e\xc9&a]\xbf^\x88\x09\x88\xb1\xaf\x91\xaa\
\xcdB\xf9\x8a\x9b;mh+\xb7\xa3\xb2_\x0f|\xed\
/\xfe\x04\x9f\xff\xea\x17QQWM\x99X\xec\xdf\xb7\
\x1f\x07\x0f\x1cD\xcfl\x0f\x04\xed%\xacxs)\xee\
\xfe\xc5\xcdx\xe7\x95\xd7\x106\xb7 O\x00\x9c4|\
\x18>\x7f\xd1E8y\xd6\x0c\x0c%\xb8\xa4\xa8|%\
.\xcdC\x1a\xb5R1\x94\x0c\x84eL\xb2\xc99E\
\xc2\xc1\x88\x8aX\x1a\x07\x94a\x1d\xc5;\xfc(\xc5s\
\x0ePi\xe6\xdc\xc0e\x1d \xbf\x14\xb1\xbf\xa1\x11!\
\x9f\xf5\xa33\xec\xc3(\xd6\x10l\xda\x09\xbc\xd6\xcb\x00\
~\x05\xf2t\x02{\xc8\xe7\x86\xad;\xf1\xf6\xbb\xab\xf1\
\xe4s/\xe2v.\x8b\x7f~\xeb\xed\xf8w\x02\xe4\xdf\
\x11\x1c\xff\xf1?\xfe\x0b?\xb9\xf9f\xdc\xfb\xd8\xa3\x90\
\xef\xb4\xae^\xbf\x1e\x9bw\xec\xc4\xee\xfa\x03h\xe6\x12\
\x9b\xf1=\xdcl\x05\xd2U\xd5\xa8&\xc8\xf7\xec\xd7\x0f\
}\x06\x0dB\x7f:\xd4\x01C\x86v\x95\xc3\x86%e\
\x0f\xaenj\x09X=X\xa7\x8ai\x01\x9f\xefDt\
\x0a\x1d\xdc8\xdc\xbeg/\xd6l\xd8\x887\x97\xbe\x8d\
g^z\x11w?\xf4 ~\xf8\xb3\x9f&)\x85\xbf\
\xfe\xc7\x7f\xc2\xbf\xfd\xf0\xc7\xf8\xf1M\xb7\xe0\xd9\x85\xaf\
aG}\x03\x8aP$\x8d\xc6\xb6v\x14\x98\xd2\x91|\
\xad\xc9T\xa0\xa2G/8t\xfa%F\xa3\x11\x81C\
ssR\x11\x5c\xadU\x88\xb8\xe4\xe2m\xea\x18\xe5\xc4\
w\xf2\x04\xe6X\x011(;\x8a\xf1\x83\x8f\x02\xc5\xc6\
\x07e\x18\x15pc\xb3\x03\xcd\x0d{QA\x1d8k\
\xee\x09\xf8\xe2E\x97\xe2\xd4cf\xa1\xa7\x9f\x86\xc9\x15\
\xb1\x7f\xe3\x16<x\xcb\x1dx\xe8\xce{\xd0\xb2\xff\x00\
\xb2\xae\x87L\xdac\x7f\x01|\x96\xd3fN\xc7\x97\xb8\
\x819l\xfaQ\xd8\xdb\xb8\x1f\x1d\x85<r\x8c\x98\xb3\
5\x150\x5cu\x89N\xd6\xf5\xe9\x89c\xe6\x1c\x8b\xb1\
\xe3\xc7\xc2#\x10\xb3\xf3C\xec\xc4\x87\xca\xaeB)\xe1\
\x8d\x04\x95\xdc\xb0\xfc\xc9\xa1\xd1\x9c\xe8\x9c92^\xfe\
^\x1f\xc5\xf6\x948\x1d\xbe\xadH]\x1f\x8b\x98\xba\x17\
R<&\xe5\x22\xa2.jW\xe3\xd8\xd9\xc7b\xd2\xb4\
\xa3i\xd3@\x8a\xe3{\xe4\x81\x07\xb1~\xd5Z\x98H\
!\xe5g\x00\xea\xa12\x0e\xda\x8b%\x0c\xe7\x8an\x12\
\xf3\xf0\xf2]^\x0a\x93\xb6\xe3@\xc4\xdd\xb5\x81\x16\x11\
\x03\x0c,\xa3h\xc39r]?lko\xdf\xb9k\
\xfb\xf6\x95\x07\x0f\x1el\x06`I\x9f\xfa\x87\xc3\xfd\xd4\
\xfb|\xbfC\x89v;\x9aZ\xdenmny\x95\x1b\
=\xcd1\xa3[\xc3\xc9\x01\xc9\x18N\x82\xb5\xd0,K\
L\xc3@\x93U\x0a\xba\xf7\xc0\x81\x98\xc3ec\xcf\xfe\
\xfd\xa0\xa8|\xdau!J\xc1\xc9P6\xb00\xbcx\
\xfa\xd1\xc7\xb1\xf5\xbd\x8dP\xca\x85\x9b\xf2q\xf2\x19\xa7\
a\xd0\xc8\xe1\x04\x81rR\x97\x0f\xd0%m\xb6IE\
\xd0\xb1FB\xbc\xa9I\xe8>T\xd7\xac\xc4\x87\xae5\
\xdb\xe6\xad\xe4\xea\xc3\xd5\xf8:<n\x82\xc8o\xceM\
cz\xe0s\xd7^\x8d\xb1\x8cn\xa3\x94F\xe0F\x90\
\xa86\xf2\x144=xd,\x1d@\x07\x1aZ\x9b\xd0\
\xdc\xd6\x8cvn@\xb5\xe5;P\x8c\x03F&\x11:\
\xcay\x1c\xcc\xb5\xa2\xa0\x03d\x99Z0\xd5i\xb4\xc7\
\x05\x9cv\xfe9\x98}\xd2\x5cT\xd4Tc\xd0\xd0a\
0T\xa2\x8ch\xc8\xbc%\x00\x00\x10\x00IDAT\
\x97B\x8a\xb9\x82\xb45h\xdd\xd3\x80{o\xbc\x05\xaf\
=\xf3<\xd0\x91C\xdb\x9e}\x18\xda\xb3'.:\xe3\
\x0c|\xf1\xd2K1\x81K\xef\x8cV\xa8$\x9f\xb4C\
\x94\x98r\x00\xa5\xa0\xf0\xe1C\xae(\x93C\xb7\x040\
\x22(\x1a\x86f\xcd\xae\xda\x962p=\x1fY\x02Z\
\x86dRY\x1ay\x19\x92^h)\x14\xe0g\xab\x90\
c\xfa! _\xb1\xf1\x11\x1b\x0f\xcaKC\xa52\x5c\
\x05\xb8h\xe4jd\xfb\xfezl\xe4\xa6\xc8\xaa\xf76\
`\xd1\xb2\xe5\x04\xc1\x05\xb8\xf5\xee\xfb y\xe1\xff\xf8\
\xd1O\xf0\xf7\xff\xf2o\xf8\xbb\x7f\xfe\x17|\xf7\xbf\xbe\
\x8f\x7f\xff\xc1\x8f\xf0/\xdf\xfb\x01\xbe\xfb\x9f\xdf\xc7O\
n\xb8\x99\x9bW\xf7\xe0\xf6{\x1f\xc0\x1d\xf7?\x84\xdb\
\xeey yO\xde\xbd\xf5\xde\xfbq+\xa3\xd4\x1bo\
\xbf\x93 ~\x0b\xa3\xeb\x1b\x98\x16\xf81\xae\xff\xd7\x7f\
\xc3_\xfe\xc3?\x12\xe4\x7f\x8a\xff\xfc\xe9/\xf0\x1f?\
\xfe\x19\xbe\xf7\xf3\x1bp\xf3\xdd\x0f\xe0\xf9\xd7\xde\xc2\xfa\
m\xbb\xb0\x9b\xe9\xa8}M\xcd(\xd3Z\xad\x93B'\
w\xc6\xf3\xe5\x08\x0e\x0d\xbc\xb2\xb6'\xb2\xd5=`\xb5\
\x83\x1c\xa3\xae\x22uT;\x1e4e@u\xe3\xbe\x03\
\x85\xc5g\xda\x88\xb1;\x10y%\xf7-\x92\x8d\x1e\x8a\
\x0b\xddDQ\xca\x87Q\xa5\x85\xe6s\x85\x18\x8e\x8aP\
\x99q1\x86\xe9\x91\xb3N<\x11\x9f;\xf7<\xcc\x9a\
|$z\xd3q\x19\xae\xd86/[\x85\x87o\xbf\x1b\
o\xbd\xf4\x0a\xe8\x89\x11Q\xc61\xf3\xdc\xe2(\xabz\
Uc\xc6\xf1\xc7\xe2\xaa\xaf|\x1e}G\x0fG\x99\xba\
T\xdb\xb7W\xe2\xc0]\x82X\x89\xd1];\xf3\xdf\x8a\
}\xc5t\x08\x83\x98\x9a\x992c*2\xcck\xcb\xfb\
V\xc5\xe4\x8d\x0f\xd1M\x1c\x0b?Ji\xe2\x9a\x82R\
*y\x12\xf1gL^\xe3\xa4d\x85\xdf\xe7\xc3.d\
\xcc\xddv&\xda$\x80+:&e\x91\x91n;\xf7\
\x1b\x86\xd2N\xe72\xca\xcdVU\xc1\xb2\xff];w\
\xe2\x95\x97\x17 \xc8\x97h\xdb\x1ai?\x05e\x0c\xe7\
\x0a\xe8;xp\x12P\xf5\xa3\xd3\x8d\x09\xac\x8asP\
f>\x5c)\xc5wc\x84\xb4)\x9e\x82#\xe1\xcc\xc6\
Q\x1c\x96\xf7\xc5\xe5\xe2\x0b\x85\xf6\xf6\xa5\x8cr\x0b\xf8\
_:\xf4\xffR\xbfI\xb7\xd7_\x7f}\xb8\xaf\xbd}\
w{k\xdb\xd2R\xa9\xb8\x8b@R\x8ed\x19\xc7(\
\xd6\xf7\xa8\xd8Z\x8c]A\xf27 \xc80\xd4\x85\xf1\
\x5c\x8c\x9a<\x11Gq\xa3L\xb1\x8e\xa5\xa0K\xcc\xb1\
\xc9\xee\xa7\xefqB\xa8\xf1;\xb7\xec\xc0K\xcf\xbf\x84\
\x0eF}\xd9\xda:\xf4\xe9\xdb\x17\xb3\xe6\x1e\x0f/\x9b\
\x86\x00$g\x00\xca(F\x0aT'k!\xff83\
\x09O\x1f\xf9AEy\xff\x9a\xf5X\x91\xd58\xa1r\
\xae\xf9>\x151Q\x5cjS\xc8\xd4\xc0)\xe7\x9c\x8e\
\x93\xce<\x8d\xb9\xcb\xde(\xab\x10\x05[B\x91e\x89\
\x86UD\x80BT\xe2\xcf\x90\xd1\x89\x8fJ.\x8b<\
\xd7\xe3\xd24\xa6\xf7\xf6\xe1piTfz%b\xca\
\xc4\xcb\xf2\xdaw\x08\xca\x07\xf9~\x09\x9aK\xcf\x88Q\
\xd0\xc9g\x9f\x96\xe4\xae\x0e\xb64\xc1\xe5\xbb\xb0\x0a\x0e\
92\xb2\xac\x0db\xb4\xd77\xe1\x11\x1a\xe8\xe3\x5c\xc6\
\xb7\xed\xab\x87\xc3H\xabO\xb6\x12s\xa6\x1e\x8d+\xe7\
\xcd\xc7\x09\x8c\x08j\x05t\xc9\x7f\xd6s\xe10\xfa\xd5\
B\xa2\xb04J-m)\x0d\xf0yB\x1c\xbc\xea&\
\xc5q\xf3\xdc\x92\xca\x04\x9e\x22\x95[\xbe\xf8\x1fP\xf6\
\x0e\x01\xa8\xaa\xb6\x07\xb2\x15\xd5`\x80\x07k<\x8e\xd3\
 \xd2.\xc1Vd\xee\xa2@\xfe\x0a\xcc\xbf\x1b\xa6\x1f\
<\xf2d]\x1f\x01\xfb\x0a\x95A\xc8y\x0e)\xcf\x02\
-poc3v54a\xc7\xfeF\xbc\xb7u\x07\
\x16\xbf\xbb\x0a\xaf-~')\x9f~y!\x1ez\xfa\
Y<\xf2\xf4\xf3x\xf8\xe9g\xf0\xe0S\xcf\xe0\x81'\
\x9f\xc2\x03OH\xf9\x0c\x1ey\xe69\xc8W\xb8\x9ez\
\xe9U\xbc\xfc\xd6b,Y\xb9\x0a\xab6n\xc5\x06\x02\
\xeb\x8a\xf5\x9b\xb0\x95\x8e\xa8\x8d`\x1a\x13L\x91J\xa3\
\xac\x1d\x14\xa8\x10\xf2M\x0d\xe5\xd0AX\x8d\xa28\x8c\
HA\xae-y\xeb\xe8\xa4m\xb2L\xf1\x1d\xc3:\x01\
\xf5+\xa4\xbc\x1d\x8eQ(\xe2\xf8\xcb\xd4\xd9\x90r\xb1\
\x1c\x87\xa2\x9e\x1a\xd7\xc0\xa1|=\x02\x1fE*O\x90\
\xc8\x932V\x94\xad\xa6\xde(\xa6\x12\xe4\x0f\x8fW\xa5\
=\x1c9n\x0c\xaed\xea\xe32\x02\xee\x88\xfe}\x11\
\xb5v W\xdf\x8079\xc6\xfbo\xbd\x0d\xab\x97\xbe\
\x83\xce\x16:\x05\xaeR\x1c\xf6\xa1\xa9\xbb\x95\x5c\xf5\x9c\
9\xef\x5c\x5cp\xe5\xc5\xa8\x19\xd4\x97\xa9\xa72\xc7c\
\x91\xa7\x8ei\xea\x92\x16\xd9r\x93\xb9\x86\xd19\x18\xb4\
\xc8\x86\xf3\x06\xe6E\x970\xef\x9e\xcb\xb5\xc3\x18\xcd\xd5\
d\x08\xa5\x15\xec\xa1\x7fJ)\xc4\x12\xaa\x93c\xf9\xc8\
\x5c\x0b}p\x1eC\xce\x7f_\x8ah\xd7\xec!y=\
\xa2\xde\x81<\xc4\xb4\x9dH\xc7\x88\x19\x8c\x0cfn\xfe\
\xe4\xd3NA?nrZ\xe6f\xdb\xb8\xday\xe0\xde\
\xfbQ\xec\xcc\xa3\x82\xce]\xc3\xa0\x8d\x9b\x9a\x86\xfa\x06\
\xcf\xc3\xe4\x19\xd31~\xea48\x9cK8\x0e\xc0q\
\x97\xa8\x971e\xec\xba.,K\xcb~\xd8\xa7UJ\
\x17\xca\xa5\xd2\xc6\xfd\x0d\xf5+\xd7\xef\xde\xdd\x960\xf1\
\xbf\xf4C\x7f\xbc~\xd5\xc7{\x9do{\x9e\x97\xcb\xb7\
\xb6/\x0f\x83hyP*w\x1a\xa5\xac\xd1\x1a\x92\xd3\
\xe5c.eCx\xe9\x0c\x22K\xd1\xf1\x86\xa50k\
\xb8\x8c\x9cz\xdc\x1c\xf4\xe7\x12:'@\xa5X\x9f\xca\
\x12R\xf9]e \xb4\xf4\xadEX\xb6\xe4\x1d\xeeM\
\x94QUU\x83\xa3\xa6\x1c\x9d\xfc\xbfT.\xc1L\x11\
\xc0<*{\x99\xbb\xb91B0\xf4\xe0\x04ET\xb8\
\x98\xa5\xed\x8aB\xa8\x80\x0a\x0arX\xb6-\xce \x22\
\xd8(\xa5\x12\xde\x14\x15\xc6Ra#GA\xf9.F\
\x1f1\x16'\x9fu\x1as\xb9\xc3`=\xf2\x93(\x12\
\xdf\xe6s\x90\x1c.\xe9\xfct\x8a\xba\xe1\x12h-\xa2\
rH\x8a\x102\xaa*\x17\xca`\x88\x04G\x1bx\x1c\
_L\xe3\x14\xef\xef\x13 C\x1a(\x5cM\x80\x0a\xd1\
\xa3o/\x82\xfa)\x187q<\xc1\x8d\x9c3:\x08\
\xc8\x93\xe5\xb8\x15\x8d?c<x\xb1\xc6k\xcf\xbf\x8c\
\xc7\x18\x05\xae\xe1\xc6C\xb1\xb1\x15>\xc1n\xe2\xc8Q\
\xb8\xec\x9cs\x19\xf9\x9e\x85qC\x87\x22E\x03\xf0\xd8\
\x8f#\x80+mPY\x1dX\xa4\x8c\x81\xb4EA\xc0\
\xf0\xda\xe58\x8d\xc2\xa1\x83|\xf3\x9e\xa5\xbc\x95q \
\x14SFe\x02U\x81i\x85\x12\xc7\x14RV\x02\xbc\
|\x08\xa9G\xd6\x10\xb1\xbe\xf6<\x08Y\x8e1\xe2\x1c\
)\xc7\x85\xcby\x05\xc7[\x22\x1f\x81Rp\xb8lW\
\xe9\x0aX?\x8b\xd8#X\x93,\xc1.\xa23-\xf0\
\x1d\x01\xcb\xd8M\xa3\x0c\x87 \xe3\x10\xac=\xc4N\x1a\
\x11\xc10t<\x84I\x99\xea\xba\xd6\x1e\x02R\xe4\xa6\
\xa0\xd2\x95\xf0*ka\xb2\xd5\xb0l3\xe4\xfd\xe4\x99\
\x93\xe2u\x0a\xa0\x030\xac'\xce\xc3\x18\x07\x9e\x185\
4\xca\x1c\x93\xcbv\xcb\xdc\xb8\x098Fe5\x1c\xe5\
P?4\xac\x0c2\x06,\xc7\x1f\xf1'\xd5\x93\xe3\xa4\
|t\x0cV#YjV\x08\xc75\xac\x14C1\xa7\
.\xf2\x04\xe7L\x11\x04\xb3\xae\x8ba\xfd\xfb\xe1\xac\xb9\
sq\xcd\xc5\x97\xe2\x18\xe6\x99\xe5O2\x82\xba\xd0\xcc\
\xf4\xd1\xc2\xe7_\xc0\xb3\x8f>\x81\x1d\x9b\xb7\xb2\xaf\x00\
)\x82\xb8\x00\x886\x16\x83\x08Ng\xcf?\x0fs\xcf\
=\x1d\xaa\xd2GQGL_E(\x12\xc8\xb5\x80\x0f\
\xe7@\x80\xca\x97\x19\xe4\x18\x82\xce\x22\x81{\x19\x9e|\
\xe8\x11lZ\xbf\x81\x18\x5c\x86\xf1\x0c\x22rh\x84?\
M\xf5#\x7f\xe0\x110\x8aN\xf4\x8fm\x08hqZ\
\xa0\x94\x82\xa6M\x0a\xe1c\x1c\xc5<\x1d\x18\xdf\x0f\xd9\
W\xc49w|\x17\x91\xb2\xe4\x22BeM%&3\
\x158n\xfc\x11\xf0\x8dAH\xfd|\x87\xcef\xcd\x8a\
\x95\x1c\x7f\xc4\xd9\xd0\xc81\xca7\xd4\x85N:\x93~\
\xd4\xe1)\xb3g\xa3\x8ey_\xeb\x18(\xca\x87M#\
\xe5\xfb\x88)\x87\x98`\xeb\xd2\xd6E\x8fm\x14\x056\
(\xef\x8b\x83`Q\xc3\xee\xfd+\xae\xbe\xfa\xea\xa2\xd4\
\xfd\xdf\x22\x8a\xfb\xe3tm?\xce\xcb\xc9\xbb\x0c\xf3\xa3\
|[\xdb\xee\xb6\x83\x8dK-\xe2\xed\x9cX\xda\x9f\x82\
\xa3\xc8\x9aU\xd0,\x0d'\x81\xa7\x889\xf9\xd4\x05D\
\x00FN\x9a\x88\xa3\xb9\xe9RY\xd7\x03\x0e\xc1\xacD\
\xe0\xf0\xb8\xf4\x00+\xaa\x90zN#Y\xf8\xc2\x8b\xd8\
\xbej\x0d|\xd7E?\xe6\xfaf\xcf=\x0e\xfd\x87\x0c\
@\x91\x1b\x0f\xb2\xb9\xe0p\xb9\xefpb4\x15\xafD\
ec\xb3\xfc\xc8\x98\xba\xa9\xebR\x81\xfc\x90\x87\x98\x06\
Sb\xb4a\x08\x82!'5[[\x01\xeb*\xf4\x1d\
\xda\x1f\x17\x5cv\x11\xfa\x0c\xee\x87RP@)*\x0b\
\x1b\x08\xb9\xbc\x89\x08j\x02\xd6\xf4\x1a\xa0\xb9\x024V\
K\x10L\x13,\xaa\x08\x00>S\x03\x0e\xf9U\xe5\x18\
i\xe3\xc3\xa3Q\xa7\x08\x1e1#\xb2\x88\xc6i-\x95\
\x92J\xeaee\xd9[\xc0\x08\xee\xe0\x9fu\xfe\xd9\xa8\
\xe9U\x8b2\xfb\x01\x95\xd6\xe5\xf8\x14\xeb\x19\xf2\x99\xd2\
.b.KW/Y\x81\xdb~z#\x97\xa5\x0b\xd0\
V\xdf\x08\xc5\xdc\xe0\xd0\x9e}q\xd6\x9c\x13p\xc9\x19\
g\xe3\xf8)S1\xb0\xa6\x06\x954\xa6,E\x9dq\
\x08\x09\xdc\x98)s\x07\xd93\x0a\x1ee\xa2\xb5\x05\x15\
\x161\xc7`\x19\x81+\x8a\xc3\xa1\xa3\xd1\x9c\x079\xef\
&\x8a\x9cO4\xc7\xacH\x9a\xc2\xe7\x13\xd6\x81\x10\xdb\
\xe7$B\xce-\xe72\x06 \x14Q\xc4\x09AQ4\
]\x14B\xd3\xb9\x18\x84\x1cCH9\x84\xca\xc5G\xc9\
I\x9e\x05\xda!\xa0\xba\xa4\x0f\xca\x90\xf5\x83\x84\x0c\xdb\
\xe8jG\xaeC-\xedi\xb6\xc3w\x93\xf6\xa4\x14\xea\
n\xdb\xa1>\x19\xc4\x1c\x84M\x08<\x07mU\x1d\x22\
\x88\x88yn\x93\x92w\xc91\xcf\xd1EZ\xcbX\x81\
\x12\x9d\x7fH\xb2\x1c\x9de\x8b\xa2+1w\xcb\x15e\
'\xf2LS\x9e>\x9f\xf9\xbc\x1e\xc0\xdc\xff\xdc\xe9\xd3\
p\xd5\x05\xf3p\xce\xf1'a\x08S\x18i\xeaE\xcc\
\xb4\xd0;\x0b^\xc5m?\xf9)\x9ez\xe4142\
7\xef:\x9a\x9b\xf7e\x04\x04\x92Te\x1a\xe3\x8f\x9a\
H]\x9b\x87\xa9\xc7\xcd\x84\xcbh\x17\x19\x1f\xed\xd4\xb9\
\xf6R\x1e&\xe5A\x0eG\x1bxD\xfe\x145.\xd7\
\xdc\x8e7\x99\x9ax\xea\xa1G\xb0\x99\x80\xdb\xc9H1\
\x22\x7f\x8d\xdc\xc4\xad\xe9Y\x83\x90\xba\x05\x19\x03\x80\x90\
6\xe4R\x974\xe7Mq\x94\x9a\xc4a\x82\x83\xe7'\
&Y$B\xc0\xefsXTTfQ\xe0\xde\x8aD\
\xb9)\xae:;\x8a\x9d\x90(\xd7I\xbb\xb4\xcb\x81\x98\
9g6$m(\xf6\xb2i\xed:<\xf3\xc4\xd3\xb0\
%\xba4\xae\x92\xc019\x9e\x87Xk\xa4\xab\xab!\
+\xdd\xc3\x88\x01\xd6u\x00\xc7\x00J'\xacjc`\
XW+@\xd8'\xbf1u7\x17\x86\xf1\xc6\xc6\xc6\
\x03o6\xe6r\xcd\xf8$\x0ei\xff\xf7lG\xff\x9e\
\xef}\xa2\xaf\xb5\x00\x9d\xbb\xf7\xee\x5ct\xb0\xa9\xe9\xe5\
r\xa9\xb4\x8f\xe3\x89\x08\xbe\x9clvCC\x10\xa5\xe0\
t\xc3R\xb0p\x1c(\x0a?UY\x81IT\x5c\xf9\
.\xa5\xc3\x1d\xfa\x98\xf7C\x02C\x81\xde\xd03.'\
+\xc4\x8eM[\xb0l\xf1\xdb\xdc\xa4hB&\x9b\xc5\
a\x5c\xc6\x1d9\xe3hT\xf5\xacA\x91\xcb\xb0\x98s\
%\x11e\x91J\x9bxE\x02\xd8\xa1NY\x10\x1a\xa4\
o\x88\x88\xc8\x91\xb5p\x1d\xc3\xee5\x0c\x0d\x88\xae\x13\
m\x85v\xb8\x8c4\xce\xbe\xe8|\x0c\x1a5\x9c\x91\x96\
\x22\xa0\x87PT\x04\xa9c\xe9\xcd\x15\x9b\xf1\xb5\x8b\x94\
\xf6h\x02\x0e<\x96Y\x93\x86\x1b*\xa8B\x04\xb7\xc4\
1\xe6#\xa8\xa2E\x94\x0b\x11t\x94`bM\xf0u\
\x19\xb1\xbbt\x18\x1e\x8c\xe3PY\x0b4\x90\x00\xc2\xf3\
\xe8\xc3Ga\xfa\xeci\xf0+\x18\xa994\x16\x844\
\xcc\x00\x01\xa3f\xf9*Y\xd6\xcd\x22\xebd\xd0\xd9\xd4\
\x8e\x17\x1e\x7f\x86\x9b0wb\x03s\x83As\x07\xb2\
\x11p\xf4a\xe3p\xcd\xbc\x8bp\xf1\xe9g`<\xf3\
\xc35\x22O\x8e=\xe3(8:f\xbe\xb7\x13\x96\xab\
\x80\x88\x8eHH\x00\xc4\x12,\x14,\x9f\xeb\x84X\x9d\
\xfa\x8cC\xd4%#E-W\x00\xf5_A\xb1\x82R\
<\x07\xc0\x82?\x14\x94RII\xebeK\xe8\x22\xcb\
\xd2j\xde\x92\xd6\x854!\xc1 T\x1fP\xc4\xf3\x98\
$\xe5o$Fu1\xe7*\x86\x22\xb4i\x92b;\
\xdd\xc4k\xeaN\xcc\xfec\x96\x11I\xce\xa3C\xd7\xf2\
\x9e0c\xadJ\xf8\x90s\x9e\xe0\xc3\xc4\xe1\xf0\x9a\xad\
S\xc7\x94\xb5\x8cv\xe5-\xcb^9$\xbe`\xe8\xa0\
|\xcf\x81G\x1d\x09\x99K\x0d\xe9\xc0RF!,t\
\x12\x00#\xf8t\xd2\xb5\x04\xc8c\x8f\x9a\x8c+/\xbc\
\x00\x97\x9eu\x16\x8e\x1d?\x11\x83*j\xe0\xe6\xcb\xd8\
\xcd=\x08I\x0b=x\xd7\xbd\xd8\xc4\xf3<\x01\xb8\x1c\
\x948\x0e\x8b\xc8\x00\x95u58r\xe6T\x9c{\xe9\
<L\xe4\x86\x99[\x93A\xae\xd8A}+C\xc06\
E\x1bp]\x0f\x88\x01U\xb6p\x03\x85=\x1b\xb6\xe2\
\x95'\x9e\xc5\xc2\xe7_\xc4\xbe\x9d\xbb\x19\xb93\x18 \
\xaf _n\xc6C}\xd3\x01\x80mwvv\xc0!\
\xd8\x0a\xe0\xda\xd8BS.B\x0a\x9a\xd2\xb4\x00\xc7L\
\xe0\x82\xe5\xb8\xf11\x0eqHe\x06.\x19\xdan'\
\xf7\x14b\x15C\xd2\x0a\xb5}za\xc6\xecc0p\
\xe8`X\x82\xe6\xfe\xbd\xfb\xf0\x0674\x19\x95\x22\xca\
\x07\xd0\xb4\x87\x5c\xa1\x08\xed\xfb0\x5c\x1d\x8d\x9e0\x9e\
Ng\x16\xfc\xaa\xca\xa4\xber\x5c\xca\x09 \xeb\xd0Z\
\xc3\xd2\xee\x12\x87'c\x85-+\xa56\xe7\xda\xdb\x9e\
\xdb\xb7c\xcf*\x06y\xe5\x8f1\x84\x0f^\xa5X>\
\xb8\xf8\xdd\xce\xf4\xefV\xfdw\xad\xad~\xab\x17(\x88\
h\xdb\x9e\xc6\xed\xeb6n|\xaa\xa5\xb9\xe5\xdd0\x8c\
JZ\x915NvDOL\xa1%\xed(\xaa\x80\xe2\
\xa4h\xc7@\xee\xcb\xe6\xd81'\x9f\x80\x8a\x9eu \
:\xa1,\xc2f\xcd\x0c'&`>S1\xff\xb6\x92\
\x1b5o\xbf\xb9\x089\xeeB\xcbw\xfe&M\x9d\x84\
\xc3'\x8fC\xaa*\x05\x97\x1b\x18\xb9R\x07\x5cF\xbc\
\x96Fc\x098\xec\x02\x89rQ\xa8\x89\x8e\xb1\xd4\xc9\
\xcd\x18\xaek l\xd1\xfe\xa1}C\x90\x05\xc6L\x1a\
\xcf\xdc\xd2TD\x8cx\xcb\x8cF\xe0jX\xad\x92\x14\
\x82\xbc\xe7\x1b\xc6\xb7\x11\x15\xa2\x18\x02\xa5\x98\xe0\x1a\xa1\
\xd8\xd8\x86]\xefm\xc5\xbbo\xbc\x83\xd7\x9f{\x05/\
=\xf6,^~\xf4\x19,za!\x1av\xed\x07\x0a\
!\x81\xd70\xe7j`\xac\x86\xfc\xe5\xb0\x22#\xecl\
e\x06a9\xcf\xbe5\x8e\x9e3\x03\xfd\x86\xf5C\xe4\
\xb0=:\x10\xe3\xbbt,\x154\x13\x17*rP\xea\
\x08\xd8\x9fE\xf3\xdeF,\x7f\xe3m<q\xdfCX\
\xc4\xb4C\xeb\xae}H3\x8a\x1e\xca\xe8\xea\xd4\x19\xc7\
\xe0\xca\x0b.\xc09'\x9e\x80Q\x03\xfb#\xe3\x1a:\
\x85\x18\x1c\x1a\x19\x8e`\x14\x90f\xbb\xd9T*\x01\x13\
Q\xe6\x90i\x88\x98\x11\x91\xa2B\xf3\xb1H\xa6\x8b(\
'%\x14\x83\xd71\x94\x22\xd1\x14TB\x16*\xa9o\
\xc9\x1f\xa0\x95\xfa\x08)\xa5\xa0\x12\xc1j\x80%\xb1\x0f\
B]\x88\x0e@\x01\x16\x1f\xa2_\xbe\xe6\xb3\xe4\x93L\
Xr\x96\xfcH\xfaL\xeeY6a\x91\xb4\xc7\x02\xc9\
!'$y\xce\xf6\xc8\x10\xd0\xd5\xbd\xb0\xf0\x11\x92\x9e\
\xa5\xad\xae2f[B\x96\xd5\xe5\xfd\x88N\x08p\x8d\
F\xc09*tv\xc2%\xb7iF\xa8\xaaT@5\
eW\xe3{\x988jd\x02\xb4W\x9d\x7f.\xe6\x1c\
9\x19\xc3\xa9\xb3>W$-\xdb\xf7b1u\xe0\x9e\
\x9f\xdf\x06\xf93\x9em\x07\x9a\x113M\x13S\x97\x15\
\xdb,\xd1\x06z\x0d\xe8\x8b\xd9\xa7\xcc\xc59\x17_\x80\
Ac\x86!\xf2\x15#~\x0b\xd7\xf7a<\x17\x9a@\
#\x88Sd\xfe9\xede`\x09\xe2\xdb\xd6m\xc4\xab\
\xcf/\xc0K\xcc\x7f\xef\xde\xbe\x8b{pE\xc8\xf2\xbc\
\x8a+\xc3>Lk\x80\x93\xeb1\xc5V\x0a\xcbp\x19\
!k\xc7@\x96\xf4\x8eC\xfd\xe1\xc84G\xa9(\xa7\
\xf7I\xe4D^d\x8ey\xfbw\xfe\xc8|\x0a9\x9e\
\x83\x80+M\xcd\x14\x5cL{\xcbTe1a\xf2\x04\
\x8c\x9f4\x01\x1e\x1dG\xcb\xc1&\xbc\xf9\xfa\x1bX\xbd\
b\x15T\xa4\x18|8\x09\xe8\xc6dDdQ\xd5\xab\
'fs\xa3m\xf0\x981t\xcc\x0a\x01\xf9\x8a\x95\x02\
\x87\xe6\x84t\x00\x00\x10\x00IDAT\xc5E\x8e5\
\x94\xd2\x88\x98\x9a\x10\xf9\x19E\xf7h\xe3\xe6\x8e\xd6\xb6\
\xe5\xdb6\xaf_8\xa3\xbd\xbd\xedwf\xfc\x0f\xf0\x82\
\xfe\x03\xb4\xf9\xa1&\xed\x87\xce\xff\xfbS\xc9\xb346\
\xb6\xbc\xb7\x7f\x7f\xc3\xa2B\xbe\xb0\x97\xb5#\xca\x12\x09\
\xb1\x19~\x00\x0a>\xa2\x90#\xf0`\xf4\xe7d28\
b\xca\x14\x1c}\xecL\xa4\xab\xaaP\xe4\xf2\x0eT@\
\x118\xe8\xf6\x5cmp\x90\x1b\x12\x8b\x16\xbe\x8a\x8d\xab\
\xd7\xc08\x1a\xfd\x98^\x98y\xc2,\x0c\x195\x04\x91\
\x2201G\xc6YM@\x5c\xda\xb7\xddZ\xc5~@\
\xe3a\x97\x00\x99p\xd8\x9f\xe2\xb5%\xb0\x0a8\xe7h\
P}\x07\xf5\xc7\xa9\xe7\x9e\x09\xd9(\xb3>'\x9b\x91\
\xa2v\x1dNz\x08\xe1\xc1%:k\xae\xa1\xd3\xc6C\
ZyP\xf4\xda\xcd\xbb\xea\xb1x\xc1\x1b\xb8\xf7\xc6;\
p\x0f\xe9\xa9\xfb\x1e\xc3\x93\xc9\xef\xcfs\x93\xe8\xf6\xfb\
p\xf7\x0d\xb71'\xbb\x00\xed\x0d\xcdp\xe8\xe1M\xac\
`\xb4\x811\x06\x01\xa3\x04'\xed\xc0\xa1\xb3\xe89\xa0\
'\xc6M9\x02\xb1g\x93h\xa7\xcc\xa5l\x9e\xb9\xae\
\x98 \x9d\xf6+\xe0*\x1f\xbeJ%m\xa0\x18a\xbb\
\xfc\x22\xc5\xc3\x8f\xe1\x09n\xb2\xadY\xf46J\xdc\xb1\
\xaf\x84\xc2\xc4\x91#q!#\xde+\xb8\x913\x97\x1b\
m\xfd{\xf5\x80A\x94\x00I\xcc\xfeJ\x1cg@\x8a\
)[E\xa3s\xc9\x87\xa35\xf1\xcb\x1e\x22@\xdb.\
\x12\xd1i\x80\xf7\xa3\x0f\x88m)\x01^\xbe\xdb-O\
\xad4\xba\x80WC%\xe7r-\xa4@;\xe13K\
b;\x0a\xd0\x94yBl\x5c\xf1\x5cxP\xd6BI\
\x9br\xcd2y\x9e\x941\xeb\xc7|\xc6\xfe\x93~\xa3\
\xe4Z\xb3o\xc5k)9Ktd\xbc\xcf\xc8\xd3\x90\
\xf4\xa1\xf7X\x91\x9d)@+t\x93\xe2\xb9\x90\xe8\x84\
e]\xb0.\xd8gB\x87\xf8\xd1\xbc6\xe4\xc77\x9a\
+}\x0f\xbe\xbcCY\x11\x17QWQ\x81\xd1\x83\x06\
\xe0\xbcSOat{!N\x986\x15\xa3\x07\x0c@\
\x1dA\xb8\xdc\xd8\x88\xd5\xaf/\xc2\xb3\xf7=\x8a\xa7\xee\
}\x18\x1b\x96\xad\x86\x1f;\xd0\x9c\xef\x8e\xb6N\xa4\xa9\
\xdb!\x80\xde\x03\xfb\xe1\x8c\x0b\x08\xd4\xa7\x9d\x84\xde\xc3\
\x07\x22\xca8(\xa8\x10E\x01K\x02\xae8\xc0Bg\
\x0ei\xe6\xa5+\xbc\x14\x0cU\xfa\xbd\x15k\x92\x15\xce\
\xb2\xb7\xdeF\xdb\xc1VX\xa6\xb3\x5c\xcf\xc7\xb8\x09\x13\
p\xe6\xb9\xe7\xe0\xf8SND\x7f\xf2\xa5]\x87\x1b\x87\
\xc5d\xd9\x1f\x11\xa8\x82 ``\xe1\x82CJ\x88C\
\xe4<\x82\xf2\xa4H \xa4\x92s\x9e\xfe^\x1f\xaa&\
\xb4\x04'Q\x111\xc7\xe0\xa4\x5c\x8c\x1c3\x0a\xc7\xcd\
\x9d\x83^}{\xa3\xcc1\xad\xe2f\xdf\xb2%K\xd1\
\xd9\x96\x83e\xca-\xa5\xfd\xae\x00\xc6q!\xab\xd9i\
\xb3\x8e\xc5\x11S\x8e\x82N\xf90t:\x22\xa3\x90\xf2\
\xb7\xe4L\xd3N\x95p\xc6U\x99\xd1\xd4-\xcb\xed\xb8\
RqScC\xc3K\x1d\xd8\xb7C\xcd\x9f\x1f\xc9\xe3\
\xffm\xd2\x1f\x83\x81d|\x1f\xe3\xfd_yu\xf3\xe6\
\xcd\x1dM\x8d\x8d\xaf\xb545\xbd[.\x15s\x9a\x82\
T\xeaP7\x14\xac\xbc\x10\xb3\xb4\x14\xa8H/\xa0r\
W\xd4\xd6\xe0\xc4\xd3O\xc7\x11GN\xe2$x\x04\xcf\
\x18\x92bH\xc0\x01\x1a.!d?\xa3\xbb\xc5\xaf\xbe\
\x81}{vC\xd3\x1a\x0e\x9b8\x0eS\xb8T\xab\xa8\
\xa9@\x86\xd1cG\xbe\x03\x8e\xcb\xde\xba\xb5\x0c\x89\xce\
\xf1g\xd7G80Z\x11\xf8\x14\xb4Q\xb0\xac'9\
\xe1\x91cFc\x14\xfb\xe5\xa2\x1f\xf2\x8b\x0b%\x02\x9f\
\xe5s\x90gCr\xb4\x81e>\xaa\xc0\xdd\xe8\x80;\
\xb0\xf5;\xf7\xe2\xb9\xc7\x9f\xc6#\xf7<\x88\x0d+\xd6\
\xa2\x83QM\xdb\xfefD\x9de\x94Z\xf3\xe8`\x04\
\xbci\xf5z\xbc\xf4\xd4sx\xf5\xb9\x17\xd1\xd6p\x10\
\xbe\xf1\x11s3\xc4w]\xe4r9\xa6\x18\xca\x1c\xa7\
\x82q,\x0e\x9ft8j\xfb\xd4\xc1\xafH\xc3\xcd\xa4\
\x18\xa9\xc4\x08\xd9_\x1c\xf29<d\xb9!%\x8a\xab\
\xa9\x99N\xa4\xd1~\xe0 \x96\xbd\xb1\x08\x8f\xdcu\x0f\
^x\xecq\xec\xdd\xbc\x05\x8a\xcb\xb6j*\xf0\xe8a\
Cp\xde\x99g\xe0\xf2\x8b/\xc2\xeccg\xa0\xb6\xba\
\x0a>\x1d\x0d5\x1e\x86\x02H\xd1\xc0]G\xd3\x99\x84\
\xb0\x1c\xa7\x06\xc0\xdb]F\xc99\xa1T \xe0\xab\xe4\
\x9c\x00\xa5>D\x10\xd0\xfb\x15\xe2\xfb\xac\xabI\x80\xe5\
\xbb\x8am\xd1tx-\xf74\xebk\x9eK\xbb\x1f&\
\xcd\xba]\xd71\xfbg}\xc4|\xd7r\xa6Yr^\
\x0c\xaf\x1d\x92\x94\xdd$\xd7\x9a\xf7t\x02\xbc\x11\xeb\x93\
\xe4<\xa1\x90\xedDl5f\x8d\x0f\xc8\xf2\xea#\xc4\
\xc8\xdd&d\x85\xf1\xf7\xc9w]xJ#\xe0&\x91\
\xe1ff\xdau\xb8b\xf00z\xc8\x10\x9c\x7f\xc6\x19\
\xb8\xec\xfc\xf3q\xfa\xf1s0a\xe4\x08\xf4\xe4\xdeC\
\xd0\xd2\x8c-\xef\xbe\x8bg\xee\x7f\x10O\xdcs?\xde\
Y\xf8&:\xa9\x07>\x93Oenxi\x86\x83\xd5\
U\xd5\xc9\x5c\x0e\x1f=\x1a\xf3>w)fq5W\
\xd9\xab\x16e\x13qec\x11\x99\x18\xc2K,9\x7f\
\xce\xb7\xe1;\x15\xdc\x80lf\xee~\xc1\x93\xcf\xe0\xe1\
\xbb\x1f\xc0\x86\xd5\xeb\x90\xa3\xdee\xbc\x14*+\xab\x18\
IN\xc2Y\x8c\xb2g2oz\xccq\xb3p\xce\xf9\
\xe7\xc0pe\xe3\x90_\xd9\xcf\x88\x18*\xba\x9e\x8b\x88\
\xab\x18\xcb\x80E\x08\x94?x(JHS\x9f\x85x\
\xf9{~,\x82\xb0\x04\x97@+\xc1\x83\xf1\x1c\x0c\x1c\
2\x08sO>\x11\x83F\x0c\x83\xf2=\xac[\xb3\x1a\
\xaf/\x5c\x88\x83\x07\x9ba\x19\xacd\xfc\x0c$\xa7\xab\
\xe8\x88\x94q0\x9e+\x84\x93\xcf<\x1d\xd9\x9aj\x14\
\x98z\x91\x95\xad\xd2\x06\x9c\x11\xf2\xd4\xf5S.4O\
\x8d\xe6\x8c\x87\xe1\x81\xa6\x86\xc6w\xb7o\xdf\xb5\xfc\xf8\
\xe3\xffw7\xcf\xc8\xe0\xfb\x1f\xb1\x9d\xf7/~\xc7\x13\
\x0e\xedw|\xe3\x7f\xa8~\xfd\xf5\xd7\x87\xad\xb9\xdc\xe6\
\xa6\xa6\x83\xaf\x94\x0a\xc5-\x0a\xd4/N\xb8L\xbe\xa5\
R\x80\x86@\xcbDD\x83\x0c)]\xe3\xbaP\x8e\x83\
\xbeC\x86\xe2\x84SO\xc5@\xe6'\xbdL\x05\xab\xab\
\x04|d\xc79\xe6\x86\x9a\x07\x83\x8dk\xde\xc3\xeb\x0b\
\x16\xa2\xbd\xa5\x05\x9e1\x981\xeb\x18\xe6\x91\x8eEh\
\x00\xbf2\x8b\x80\x06H\xdd=\xc4!\x87&\x0a\xc7~\
\x0e\xdd@\xc0H b\x9f%\x02}L>\xfaq9\
>\xf1\xa8I\x88\xb8\x99\xe5\xa4\x1c\xf2a\x10\xd3\xe8a\
4\xefE\xcc\x9f\x05\xe4\x1eH\xb9i\xa4S\x95\xd8\xbe\
a;\x9ex\xe01,z\xf95\x82k+\xdc\xd80\
\xd7\xe7\xa0\x82\xbb\xe6\x15n\x06\xa5\xf6\x02R4<\xcd\
\x14\xc4\xee\x8d;\x92\xb4\xc3\x9a\xa5+P\xce\x15 \xbb\
\xbe\x99t\x1a\xb5t0\xc5b\x11\x85R\x11.\x97\x86\
=\x19\x1d\x0c\x19>\x14\x01=\xbb\xf0\xe7x\x1e\x9d\x87\
\x8b\x80\xc6\xa8(7I\xb1\xa4\xa4}\x89\x9a\xb8+\x0e\
nJ\x18\x1a\xe9\x9e\xcd\xdb\xf0\x12\xc1\xff\xde\x9bo\xc7\
k\xcf\xbc\x80\x83;\xf7\xa0\x96\xf5\x86\xf6\xea\x8d\xa9G\
\x1c\x81\x8b\xce:\x07\x9f\x9bw!fO\x9b\x8e\xbe=\
z@\x13dcF\xbbR2P\x81\xc3q*\xca\xab\
\x1b\x145\xe5\x22\x8a\xdeM\xe0\xb5\xa5\xec,b\xceE\
\xccK\x91\x9c\x94\xa4\xeeg\xf2\x9c2\xb6$u\xc8\xc8\
\xa5\x946\x14\xeb\xbc\xdf\xb6<?D\x9a\xeft=\x8b\
\x09\x9c u\x95`?d\x89\xd7r\xaf\x8b\x0cX&\
d)\x09\xcbg\x96W\x16J\xc5\x09\xc9;\xdd$\xf3\
F\x16\xc8+\xef\xd8n\x22\xf7\xec/&\xf1\x8c\xef\x02\
\xd2wB\xbc\xa7\xc9\x93f\xbf\x96\xa9\x1d\xe6\x03\xe0\x93\
\xf1Z:\xbf)\xe3\x0f\xc7\xe7/\xb9\x08_\xbe\xf2J\
\x9c}\xc2I\x98<z\x0c\xea\xbcT\xf25\xb0\xbd\x1b\
\xb6`\x01\xe5~?\xe5\xfe\x06S=\xfb\xb7\xee\x84e\
*\xc9\xb3\x0e\x0c\x81ESO\xcbL\x8b\xb9\x8c\xe0\xa6\
\xcc\x98\x81\xeb\xbe\xf6UL:\xfa(\x88~\xfa\xd5\x95\
\x08\xe8\xc8\x8a\xdc\x7f\x889\x06m\x0c\xb8\x22\x84\xa7]\
\xa4\xb5\x8f\xf6\xfa\x83X\xf8\xecKx\xf2\xc1G\x93?\
\x0c\x13\x96\x03(\xad\xe0s\xc9>e\xe64\x9c5\xff\
\x02\x8c\x9fv$*z\xd5\xa0\x8a\x8e\xfa\xe8\xe3\x8e\xc5\
i\xe7\x9d\x0d\x8f<\x8b\xfe(\xa3\xe0\xd2\x96\xc4\xce,\
\xc7G)P\x1e\x14\x06x(!\x05\xad\x94\x98\xdfG\
\x08\xc9\xa1\xf8\xf3\xc3\xc4\xcb\x8f|,\xac\xb2\xa8\xac\xad\
Dk\x8e\xba\xcf\xdcv\x0dWT\xc7\x9d4\x17GL\
\x9e\x08M\xd95\xee\xdd\x87\xe5\x8b\x96`\xe7\xd6\xed\xc8\
\xb5wP\xe7K\xe4\xc7c\xf4\x1bA\xb9>\xd2\xb5=\
p\xce\xfc\x8b\xd0g\xf0Ph?\x05\x97i\x9b\x90z\
\x1f\x11\x17\xb4\xd2\x09\xaf\x96s\xc2\xa8\x80\xe71\xa0T\
\xa1X*nhjlx\xaev\xff\xfe\xfd\xf8\x0c\x1d\
\xfa3\xc4K\xc2\xca{\xef\xbd\xd7q`\xff\xfe\x05;\
\xb7\xedx\x89\x0a\xb0\x9f\xf3\xc1\xa5\xaeJHf\x9b\xf3\
\x0eY\xa6(CAkN4=\x9ar<.S\x8e\
\xc0\xc9g\x9e\x0b\xeb\xa7\xe1TTC\xd1K\x96\xe9-\
\x95r _\xcfje\xd4\xf8\xce\x9boc\xe5;\xab\
P.\x06\xa8\x1d0\x10SO8\x1e\x03F\x8d@\xec\
;(\xeb\x181;\xab\xc8\xa6\xa8o\x01\x95\x99}\xb2\
3\x1b3\x12b_\xb9R\x89\xcbx\xc0:.J\x04\
\xf2!C\x86b\xd0\xe0A\x8cB\x0bp\x1d\x0d:\x5c\
x\xcc\x7fF\x04g1`E\xbe,\x0d\xc9X\x83\xce\
\xfa\x16,[\xb8\x08\x9bW\xacG\xb9\xad\x84\x0c\x8d\xc4\
\xe5}M\xfe2\x9eO\x9b\x0dATG\x86Q\xad[\
V\xa8R\x19\x94\x9b\xf2X\xbbh\x05\x9a\x99\x1e\x89\x09\
\xf4\xae\xd2\x88\x09\xa6\xd9L\x15\x0c\xc7\xabY\xb7\xb2\xb2\
\x16#F\x8c\x81\x9f\xca\x8a\xaeA\xb3O\x9f<8.\
\x81?\x0e\x102jq]\x17\xc2C\xd6K#\xe3\xa4\
\xe1\xd3\xc0\xb3\xf0a\xdb\xcb\xd8\xbdv\x0b^|\xe0q\
<}\xc7\xfd\xd8\xbad\x05\xec\x81V\xf4()\x8c\xad\
\xeb\x8d\x93\xa6\x1c\x8d\xab\xce?\x0fW\xd3Xg2\xdf\
\xd6\xab\x22\x03\x0f!4\xf3qQX$/%(^\
\x83\xf2\xb1\x1c\xb3\xc3I\xa1\x14\xe8pb\x883\x14Y\
F\x04f\x0e\x13p\x00h\xd0\xf0\x80\x98\xff\xc4\x00\xc9\
,\x14\xf9\x95\xd2*\x05\x01\x12\xd6\x02-\x06Jl\xc6\
\xa2\xab\x94\xf3n\xb2\x0a\x8a\xc4'\x00{\xff(i\x18\
\xe5Bsm\xc33\xb6cH\x1a\x96w\xacR,I\
4\xca\x98g\x9c\x16X\xc3g\xddd\x154\xe5\xe2\x9a\
\x14s\xd7)\xb2\xe4\xc0\xb2}\xcb\xf7\x8c\xe3@\x0e\x97\
s\x1c\xd3\xc1Ry\x98\xb2)#\xc8\xb5\xa3\xd4\xd1B\
\x87\x94G\x8fj\x173\x8e>\x02\xd7^>\x1f\xdf\xbc\
\xe6\x0a\x9cI\x87~\x18\x1dX?\x82m*\x17 \xb7\
\xbb\x09\xaf<\xfc,\xee\xf8\xd1\xcdX\xf0\xc4K\xd8\xbd\
q7\xca\xed\x01\xdf%\x0f\xdcwp\xb5\x07\x9fuc\
\xab\x08\x82YL\x9a6\x0d\x97\x7f\xf1\x0b\x18r\xd8(\
\x94\x94\x85J{\xc8\x97r\x88\x99\xda\x02e\xeay\xc2\
\x9f\x85\xe7\xfa\xd4S\x0f\xfb\xb6\xed\xc2#\x9c\xc3\x97\x1f\
y\x06\x07\xb6\xef\xa1\x03p\xa9N\x11*{\xd6b\xda\
\x09\xc7\xe2\xd4K\xce\xc3\xe0\xf1#\xa13\x0a\x81\x17\xa1\
\xc3\xa1nT\xfb\xbc\x7f>\xa6p\x03K\xbe\x81cU\
\x04E\x1bp=\x85L\xd6\x87\xe7\xbbP\x14\xa1\xe6\xb8\
\x15\xedL\xe4Pb>_Q\x86\xda\x82:\xa5)Y\
E\x19+\x88\x9e\x13\xfb`\x95f\xbf1\x83\x82\x00\x12\
\x00(\xceo\x89\x01\x82B\x0c\xed(\x14\xc8{\x98f\
\xbb\x95iL\xa6#8\xe6\xf8\xe3\x90\xcd\xa6Qh\xeb\
\xc0\x12n\x9c\xadY\xb2\x0c\xe5\x96Nx\xa1F\x96\xf6\
\xcb\xf8\x00e\xda\x9b\xae\xae\xc1\x9cs\xce\xc3\x88IG\
&\xf6-_C\xf48W\xbe\xf1`\xb4\x06,\xa0\x84\
\x15\xf2\x06\xf2\xea\xb8.\xd8\xe5\x9e\xfd\xdbw-l\xab\
o]9\xe5\xba\xeb\x02|\x86\x0er\xfc\x19\xe2\x86\xac\
\x5c\x7f\xfd\xf5qg\x10\xec\xd8\xb9k\xd7};\xb6l\
[a\x8c\x13\x87\x9c\xec<7(\x0c(YJ8\xa6\
\xc7\x97\x08D\x12\xff\x96\xc0\x05\xe3 \xdb\xbb\x0f&N\
\x9d\x86c\x8e?\x11\x8d\xac\x0bzC/\x9dE\x89y\
N\x15+\x18R\xe3\xbe\x03x\xed\xa5W\xb1u\xf3v\
\x94\xb8\xdc\x1f<t(.\xb9\xfa\x0a\xf4d\xde,\xf6\
\x0cd\xd9v\xa0\xf1\x002\x994\xa3\xe9\xb0\xab7\x1b\
#\x97\xef\x84\xe6DZ\xedPm4B\x0b\xf4\xee\xd3\
\x07\xb5uup\x8cBx(\xf7\x19\xf2i\xc4\xd9N\
&\xde\xb80\xac\x1f2\x9f\xba\xfa\x9dUX\xf5\xf6J\
\xe4[s4\x08\x1f)\x02\xa0\xd1\x06e\x8eKR\x06\
Zk8\xac\xab\xa4aj\x9abDZn+`\xd7\
\xa6\x1d8\xb8\xbf\x11i\x02s\xb9P\x82\xech\xc7\xdc\
\x043\xa0\xb2y\x15p\x94\x87\x0a\x82\xb0k|*>\
\x99\xe2\xa7\xcc\x9d\xf32\x97^\x19\x1a\x8e\xe3\x1b(\x1a\
m\x99;\xe9e\xde/\x15K(1\xe2\x8d\xcbq\xb2\
l\x93\x0d\xbb|S\x1b\x96\xbc\xf8*n\xfb\xc1O\xf1\
\xc8-wa\xe7\xca5H\xe5CR\x19Cjjq\
\xd6\xec9\xf8\xb3k\xbf\x80\xaf\x7f\xe1*\x9cv\xdcl\
\x1c6d zT\xa4\xd87!\xb5\x5c\x008v\xda\
\x13\x87l9\x06\x8d\x14\x8dU\xe4a\x5c\x07\x8eG\xe5\
W\xe0\x8c\x01\x8ac\xb4<\x0bi\x9d2o!\x1dI\
@\xb0&'\x00\x0dE\x19\xaa\xa2\x22\xe1\xd0A\x00\x82\
\x10\x14o(\xd8\xf7K^\xf2>?lX\xe3\xfd\x92\
'\xf4\x854zK\x02\x22\xcewLG \x14\xc5\xac\
*\xcdP\xe6`\x84\xa8H\xd2\xa7\xf4\x1d2Z\x8a\xc9\
SL\x07\xc5\xd5\x15J\xc5\x22\x01\xd8\xc2s(;k\
Q,t\x22\x9b\xf2\xd8`\x19\x8a2\xccp\xb0\x19\x03\
T{\x06c(\x8b3O\x9c\x8bo}\xe9\x0b\xf8\xd3\
/]\x83\xa9\x87\x8fA:(\xa3w:\x8d^\x04\x8d\
\xa6-\xdb\xf1\xea\xa3O\xe1\xe7\xff\xf2\x9fx\xf6\x81G\
Q\xcfM\xb3\xf6\x86V\x82u\x09*\xd2\xcc\x01W \
\xc5\xd4\x8e\xa5\x0e)\xf6'\x7f\x99\xaeO\xbf~\xb8\xe4\
s\x97!E''\x1bGY\xee\xec74\xd4C\xb3\
N\x05\xefy\x94iL\x9e=\xbe\xd7\xc1\xd4P\x99\xfa\
\x9dc\xfes)\xd3F\xf9\xf6N\xf4\xef\xd3\x0f\xed\x1d\
\xed\xa8\xe8Q\x833\xe7\x9d\x873/>\x0fu\x03z\
!W\xceqU\x17\x83\xee\x02E:\xcb\xa2\x8aP\xe0\
\xdc]y\xdd\x17p\xc4\xc4\xf1(\x14r\xb0\x04u)\
e\xfer\xc5\x1c\x02:\xd4<W8ml/_\xc8\
\xa3\xb2\xb2\x12Fi\xcaG\xe6\x803B\xb9j\xca\x98\
W|Ws\x85\x15C)\x03\x97<v\xd0\x06\xc5\xb9\
\xca\xe6o\xc4v\xcbtX\xed\xa5N\xf8L\xe7\x8d\x9a\
0\x0e\xa73\xca\xae\xac\xae\xa4\x0f+b\xed\xaa5x\
c\xc1\xabh\xda\xb5\x0f)\xb8\xa8dZ\xcc\x18\x17E\
\xeaGH=\x1a\xcd\x14\xde\xf4\x13\xe6\x22\xdd\xab7\xe0\
\xd1)\xf2\x19,{\x8d\x01\xc3y\xd7\x0a\xd4/\x958\
%\xb9\xad\xb4.4\xec\xde\xbb\xa6a\xff\xbeg^[\
\xbe\xbc\x19\x9f\xb1\xe3CZ\xfe\xd9\xe1L\xbe\xcdP\x08\
\xc3\xad\xf5\x07\x0e<\x16\x94J\xdb]\xcf\xa3Gd4\
G\xc3p\x94\x82G\x03v(i\x0a\x97\xc6E\xd3\xe1\
\xf2Wq\xa2{1\xf2\x94\xffS\xad\xaeOo0\xad\
\x892\x8d\xc6Kg\xb8D\x09\xa0\x14'\x85\xef\xef\xda\
\xbe\x03\xaf\xbf\xf2*\xf6qIm\x18\x15\x8f\x19;\x0e\
\xa7\x9d~\x1as\xbb\x15\x08d\xc68\xc91\x15\x5c\xb3\
\x0c\x09\xee\x9a`\x90N\xa7`\xb4\x06\xe7\x16\x9a\xed8\
\xc6Ao*\x80\x93\xcd\x00TBy-\xa6\x16h\xd6\
1\xc6@kE%\x04\xa20BC}=V\xadX\
\x89\xdd\xbb\xf7\xf0\xda&\xf7C\x02+\xed\x1c\xda\xf1`\
\x15\x81\x83-+M\xa5\xa5\x92)\xc7A\xcc\xf7cv\
\xd6\xdc\xd2\xcc\xdc\xdc{\x08;\x8ap\x02\x10\xec\xea\xe0\
\x11lK\x07;\xb1\xf2\xb5E\xb8\xef\xb6\xbb\xf0\xe2\xd3\
\xcf\xa1\xfd`\x0b,\xdf\x0d\xa9\xd8\x8a\xbcS\x13\x91'\
 \xe6\x83<J\x8cxc\x03\x18\x02\x87a\x94!Q\
M\xc4\x88&!:\x88\x88\xef\x09\xcf\x07\x1b\x1b\xf0\xec\
\xe3\x8f\xe1\xa7\xdf\xff!\xee\xbe\xf1&\xb4\xee\xde\x8b\x14\
W\x04>\x97\xbbi\x8ec\xea\xd8\xc3\xf1\xa5+>\x87\
/_u\x05dc\xe8h.\xa3\xeb\xaa8~n\x8a\
DBq\x11A\x98G@\x80\xcfsc'\xa6\x03\x11\
\x92UEHG\xc1\x81\xc2r\x9c\xae\xeb\xc1K\xa5\xa1\
YZ\x8e]\xa2;\x01\xc5\x80\x9b=%\xf2\x12C\xe4\
\xa1\xc9\x99F\xf2\x9c\xd7\xc9=\xa9\xcbs\xe1\xa7\x9a\xf1\
\x00\x00\x10\x00IDAT\xb9g\x95\xf9\xc8s\xcbg\
\x91\xd6\x08y7\x80%\xb0P\xf6J\xc1\x1aiCA\
\xfcrD\xe3\x8c\xe9@C\x8e\xa5\xcc\xa5wX\x0ea\
\xe3.Ga\x94\x05l\x80\xb4\xaf\x90\xf64\xe7\xa9\x80\
b\xae\x8db\x0cP\xc7\xd4S\xd3\xde\xddHi\xa0W\
M%\xaa3>\x8e\x1c7\x0e_\xb9\xe6j\xfc\xf5\x9f\
\xfd)\xbep\xd1\xc5\x98~\xd8\x11\xe8\xebWa@\xb6\
\x16}R\xd5\xd8\xff\xde\x16<\xc9|\xed]7\xdc\x8c\
\x87\x98?_\xb7b\x05:\xb9q^\xca\xe7\xb80\x08\
 \xa9\x22\xcfs\x09*E\xecoi@>,\x90\xe7\
\x10i:\xb3\x03\x8d\xf5x\xe1\xb9g\xc1)b\x9f\x06\
\x9a\xc1A\x9a\xb2\x0a\xc8o\x91\xb9\xfd2u8\xa0\xbe\
\x17\xb9\xf2\xd2\x8eF\x9a\xbb\xff#\xc7\x8d\xc6\xd4c\xa7\
\x01t\xb2\xfb\x9a\x1b\xd0\x7f\xe4P\x5cy\xed\xe71c\
\xce,T\xf7\xaa\x03X/E\x1d\xcef\xb3H\xa2T\
\xea\x9fO\xd0\xef\xd5\xab\x1f\xd2\xc6\xc1\xb5\xd7|\x11\xa3\
F\x8f\x866\x06\xc6si\x07!\xb2\x9c\xdb\x14\x1d\xb7\
G'\x9aa4ZSS\x85\xe6\xe6F\xca\x92\x9a\xae\
\x90\x1c\x96\xf6\x05\x92\xe2\xbc*\xa5\x10\xd3\x19\x08ic\
\xd8\x96\x06\xa8\xc7\x11\xe7D6y\x15\xf3\xc7\x95UU\
\xe8\xdd\xaf\x0f\xae\xfb\xe2\x17\x91\xa5\x0e\x14\x98F\xd8\xbd\
m\x07\xde\x5c\xf8:\xea\xf7\xec\x83G0\x0d\xe8D\xda\
;:\xe1zi\x84J\xa3\xef\x90A8w\xde\x05\x18\
2j$\x14\xe7\x18\xecCJ\xe9[\xa6\xcd\x90\x13!\
p.\x0d\xc7\xa2\x94\x8al\x14\xef\xd9_\xbf\xef\xf1\xe6\
\x1d{\xb7I\x10\xc7*\x9f\xa9\x0f%\xf3\x99\xe2\xe7}\
f\xe6\xcf\x9f\xdfy\xb0\xa1a\xc1\xb2w\xdey\xaa\xd0\
\xd1\xd9\xac\xf8$\xa6QZ\x920\xad\x95\x82+B\xa6\
B\x95\x09\x8e1\xbd\xb6\xa2\xc2\x0cf\xba\xe0\x0b_\xfd\
*\x02>\xd7\xbe\x07\x10\xc4\xfcT\x06%\x1a\x9a\x81\x83\
2\x01L\xfe\x16\xed\x12F\x06\x1d\xfb\x1bP\xce\x17!\
\x1bq\xe7\x9cw.\x14\x81\xd6R9:\x19\xd1\x14\xb8\
\x93Zb4&\x91\x19\xa1\x12e*yD\x85\xf7\xb8\
\xdc\xf1\x0f9\x01\xcd\x89\x0e\xc8\x8f\xa1Q\x18\xe3Bi\
\x05\xda69UP\x8avL\xe3\xd8\xb3k\x17\xf6\xef\
\xdd\x0f\xa3]\xa4\xfc4\x22\x1a=\x93M\x08\xa8<\x0e\
\xf9\x05\x15I\xceY\x011\xb5H\xee\x19\xf2\x91\xca\xa4\
\xa9\xcf\x16\x07\xf6\xecG\xd0\x19\xc2 \x85\xfaM;\xf1\
\xc8Mw\xe0\xfb\xdf\xfd\x0f\xdc\xf2\xe3_@~\xf3l\
\xd3\xdau\x04\x0a\x17Y\xd6\x8f\xd8f\x89|\x07\x08!\
\xc4\xe1\x22\xd4!\x0aq\x01\x1da'rQ\x9e\xcb\xd5\
\x101\x97\x90\xa1\x03:\xa5\x10\x11\xff\x85Q\x00\x97\x86\
\x92e\x84\xb6o\xd7n<p\xe7\xdd\xf8\xc7\xef\xfc\x05\
n\xf9\xde\xf7\xb0\x8d\xbb\xc9=\x8c\x87>\xe9,z1\
\xca8j\xf4a\xf8\xdcy\xe7\xe1[\xd7]\x8bo^\
\xfbE\x9cw\xc6)\x185\xa4?|A\x09\x82\xaeQ\
!zr\x13.E\xc0S\x04R\x10Q\x15\xe5\xa4\x01\
F\x8fN\xd7\xf8\xf3\xe4\x83\xe0\x1cQvb\x902\xfe\
X\x81\xa2\xd0\xb08D\x14\xa0\x85\xc8\xf3\x10\xf1<N\
\xeei\xca\x89\x8d\xb1^\xac>\x5c\xf2\x9c}\x8a\x1c\x15\
K\xe5\x18H\x09\xce\x89R\x0aE\xe6\xc2\xcb\x5cYt\
\xf3\xe1;\x0e\x1c\xb6\x09\xce\x87c,\xb2i\x8d8\xe8\
DPl#\xd8E\xa8\xf6\x1d\x98\xa0\xc8\x5c\xe9>\x1c\
6\xb8?&Q\xaf.\xe2&\xce?\xfc\xc5_\xe0\xaf\
\xbf\xf5M\x9c=w.F\xd0\xf1\xf6\xd0\x1e\xaa\xb91\
\x105\xb4a\xdb\xf2\xb5x\xea\xae\x07\xf0\xb3\x7f\xff\x1e\
$o\xbb\xec\xcd\xc5\xd4\xaf\x1c\xd2\xa2\x87\xd4\x9d\x14\xe7\
\xbbG\xcf\x1at\xe6\xdbp\xe0\xe0\x01\xa8\xb4\xc1\x94\xe3\
\xa6\xe1\x8cyg12e\x14\xe9\x19F\x9c\x05<t\
\xff\x03x\xeb\xb5\x85\x04H\x0bP\x86\xb55=\xb8\xdc\
N\x91[\x05(\x03\xd1\xb7H\xc5\xf0\xb3\x1e:\x8b\x1d\
HU\xfa8\xfb\xe2\x0b0\xe3\x84\xd9\x988s\x0a\xbe\
\xfc\xedoa\xfa\xa9' \xc5\x1cj\x91\xd1\xaav\x1d\
6\x131j/\xb2\x9d\x0c\xea*{\xa0\xcac\x10\xd3\
\xdc\x0eM\x00\xde(\xff\xe3ES#B:%\xe5\x19\
DD\xe6\xfa\x83Ml;G\xa7]\xe6\xfd\x00-\xed\
\xad\xf0\xa8\x1f\x8a\xf2\x04\x0f\x01\xbdn\xd2\x9c5q\x5c\
)\xae\x06\xc16\xe4o \xa7\xb8\xb1[d\xd4_ \
\xf9\xd5Yt\x96\xf2\xd0l\xfb\xab\xb4M\x8f\x80\x9b\xea\
\xd1\x13mM-x\xfd\xe5W\xb1j\xd9r(F<\
i\xae\x0e\xca\x5c\xaeh\xdaS\x91QI\x8azt\xce\
E\xf31\x96\xe9\x16E\xbb\x93\x0dr\xd1\x17(\x05\x05\
\x0d\x97sl\xb4\xa6m\x96y\xa58\x7f\x81\xcd\xb5\xb5\
o[\xbf~\xfdS{w\xed}\xe9\xac\xeb\xae\xcb\xe3\
3x\xe8\xcf O\xef\xb3t\xf6\xfc\xf9\xbbv\xec\xd9\
vCcc\xd3\xbb\x80\x0a]m\xa0\x94\xe6\x8a6@\
Lc\x899\xc1\xda\x18\x18*38\x01\xa0WFu\
\x05fp\xb7\xf7\xbc\x8b\xe7#6T\x07CE&\x10\
\xa53\x15P\x11\x97\x8dDE\xcd\xc8k\xf1\xab\xafc\
\xc9\x9bo!\xe6d*N\xdc\x09\xa7\x9c\x94\xfcA\x99\
\x98\xc6\xa6R.#\x8f\x18\x15\xb55T4\x9f\x06[\
\x82G\xc55\x00\x88\x8b\x10\xafj\xd97\xe4\xa0\x02\xb0\
\xc9\xe4\xaa\xcch\xa4LO\x0dz\x7f\x03\x05C^[\
\x9b[\xd0\xda\xd2\xca+\x0d\xa3]hCcw<\x80\
/E\x04\xa4\x02\xc1\x5c\x91O!\xcb\xb6\x22\xbe[\xa2\
\xa2\xca\xb27\xa0\x02v\xd00^y\xe29\xdc\xf6_\
?\xc2\x0f\xfe\xf9\xdf\xf1\xecCO`\xdb\x9a\x0d\xd8\xbb\
y'\x0d\xc6\xa2o\x8f^\xb0\x94EQ~)\x84|\
;\x8cfCc\x11\xb81\xaa\xfb\xd5b\xd0\xa8A8\
\xec\xa8q\x980c\x12\xc6L9\x02\xfd\x0f\x1b\x8cl\
\xefj0\xc4A\x91\x80\x5c\xd64F\xca\xa73\x97C\
\x91;\xf0\x15tP#\x06\x0e\x81\xc3t\xc6\xa2g_\
\xc4\x8f\xfe\xe1\xbb\xb8\xf9\xdf\xbf\x8fEO?\x8f\x06\xa6\
eL\xae\x88J\x8efX\xcf:\x9c<c\x1a\xae\xb9\
h\x1e\xfe\xf4\xcb_d\xfa\xe1J\x9cz\xfc1\x18\xd2\
\xb7\x0e)\x0a\xc92\x95\xe1\xd2pj\xb9\x89WI\xd0\
\x89\x98\xdb+tt@\x13h\xd3\x9e\x87l*\x05\x9f\
\x1b\x90\x8eD\xe6\x88)\x8e\x18\xd0\x0a\xff\xdd\xd1\xfd\xf4\
\xd7\xd5\xb1\xf2P\xd3=\xea\xae\xb6bq\xc4$ \x22\
\xb71j\xb9\x94\xad\xa9\xa8\x84G}\xa0\x07FHy\
i:U\xf9M<C@\xcc1\xe2\xf4u\x80j\x86\
\xb4Y\x13\xa3wU\x1a\xb3\xa7Lft\x7f\x19\xfe\xcf\
\xd7\xbe\x8e?\xb9\xfa\xf3\xb8\xe8\xd4\xd30~\xd0`\xa4\
8\xc7N.\x8f,Q?d\x0er\xd3[\xcb\xf1\xf8\
M\xf7\xe0\x17\xdf\xfd\x1e\x1e\xbf\xf3>\xec\xdd\xb8\x8d+\
\x93\x98\xb9_0Z\x06S@\x1ck\xc6C{\xa1\x15\
\x8d\xad\x8d\xa8\xeb\xd7\x03g\x5cx&\xae\xf9\x93/\xe1\
\x8b\xdf\xfe:N:\xffL\x1c1u\x22\x02\x15!\xe6\
\xca\xa4_\xaf\x9ex\x98\x91\xf2\x92W\xdf\x80\xa6\xae\xe4\
\x9bZ\xe1i\x0f\x1a\x86\xaa\xa5\x983-\xc1\xa1\xce\x87\
\xac[b*\xa9\xc8\xb2\xb2G\x15\xe6_u1>\xff\
\xf5\xeb0\xe8\xb0\xa1\x90\x0d\xab\xb2\x8a\xa1X\xcf\x88\xee\
\x8a\xedP4!\xe7\xcf\xb6\x16\x80\xce\x00a\xd9\xe2\xd6\
\x9f\xde\x80{\xee\xbc\x132\xff\x92R(\xd3a\x97\x9d\
\x18\x13g\x1c\x85\xe9\xc7\x1f\x8bj:\x89\x14#\xf0\x22\
WN\x99l\x0aVd\xac\xd0U\xf2\x5cQ\xf3\x854\
K\xd7(\x9a\xa0\xc3\x87\x16E\xcew\x99z\x15\xf1\x9e\
\xf6=\xa4)\xff\xf9\x17_\x8cQS\xa7 `\xaa\x22\
\xb7{7\xd6\xbe\xbb\x0ao2\xad\xe02\xea\xd6\xb1F\
'7\x933\xe9JT\xd0\xc9\x04\xd4\x85c\xe9\xd8\x8e\
g.\x172g\xccc\xbbl'%\xc0/\xfdsn\
Y\x858\x10\xc2\xe5s\xc3\xf19\x9e\xd7\xd9\xda\xda\xfa\
\xee\xd6-\xdbn=c\xfe\xfc\xfa_\xa7'\x9f\x85{\
\xfa\xb3\xc0\xc4\x7f\xc7\x83\xe3d\xf74\xd6\xd7?\x1a\x16\
\x8a\x1bA\xd8\xd4\x8c\x9a\x5c\xc7\x85C!\x83\x81\x00?\
P\x8e\x03\xebP!]\x12\x01\x8c\xeb7\xee\xd6^\x88\
\x09G\x1f\x8d\x02\xa3\xcd\x12\xc1\x16\xc6a\xd0\xeb!\xe3\
\xa6Q\xcd\x89\xdd\xbfs\x1f^\x22\xa8lY\xbd\x16!\
\x97\xc2\xe9l\x05\xce\xe6\xc6\xd1\x8c\xd9\xc7\xf2\x9d\x00%\
\x1akH*\x12\x003L#d\x09\x1e\x9e\xe3\x10\xf0\
\xcb(3\x12n\xe7\xd2(\x06\xd8,\xefE\x91\x12#\
\x10^x\x0bZk\x1aO\x04K\xd0)\x12\xccBF\
\xd9\x0e\x017\xe4FXD\x8f\xee\xb0\x1djmR\xcf\
\xf3<y\x05A\x10$\xa5\xa5\xf2Z\x02\xaf\xd6\x0a.\
\xebm\x22\xc0>\xff\xf8\xf3xk\xc1[\xd8\xb1~;\
\xa2\x8e\x12\x88\x95\xa8`\xb4\xe0(\x8d\xe6\x83\x07\xc9\x83\
\x86G\xa3V\xbeAM\x9fZ\x1c{\xd2l\xc8_\x9e\
\xfa\xfa_}\x0b\x7f\xf27\xdf\xc1w\xae\xff+\xfc\xc5\
?\xfe5\xfe\xfc\xbb\x7f\x8d\xbf\xf8\xa7\xbf\xc1\xb7y\xfe\
\xcd\xbf\xf9s\xcc\xbf\xfa2L\x98v\x14\x06\x0c\x1f\x84\
\xde\xfd{\xc3O\xa7\x92H\xab\x98\xebDD\xe3\xccr\
s\xa9\xdc\xd2\x81\xb7i\x18\xf7\xfc\xe2&\xdc\xf3\xf3\x1b\
\xf1\xfc\xfd\x0fa\xe3\xdb\xcb\x90\xdf\xd7\x00\xcb\x0d\x90*\
\x0ezt\xdf\xbe8\xf5\xd8c\xf0%\xe6\x22\xff\xeak\
_\xc37\xae\xb9\x06\x17\x9cz*&\x8f\x1d\x8d\xfe5\
\xd5\xa8\xa0\xec\xb3t(\xb5)\x1f\xc44(\xca\xcf\xd2\
(c\x92\xe6\xfc\xb8\x9cH\x06\xdf\x8c<c\x02K\xc8\
\x08\x8f%\xe5 \x86\xfc\xdbQDg(\xf2\x0e\xf8n\
\x94\x90\xe2\x86\x9f\xa5\xd1\xeb(\x82\xaf\x80\xce\xe6&\x14\
\x98\xae1\x04L\x06\xb5\xc8R\xbe\xf2\xb7\x0et\xb1\x84\
Z:\xebIcF\xe2\xa8\xb1\x87\xe1\x94cg\xe2\x8b\
\x17_\x84\xef|\xe9Z|\xed\xf2\xcbq\xc9i\xa7a\
:SP#\xe8\xdc*9w\x86\xf9S\xdd\x9e\xc7\xc1\
\xad\xbb\xf0\xc2}\x0f\xe1g\x7f\xff\xaf\xb8\xe9?\x7f\x92\
\xfc\xe6W\xf3\xeez\xf8\x04bp\xbe\xc1~\x05\xe8+\
\xab*\xb0\x8f9\xd9\x92-\xe30\xe62/\xb8t\x1e\
\xbe\xf5\x7f\xbe\x8d\x8b\xaf\xbe\x14G\x1e7\x03\x95\x03\xe8\
\xa4\xea\xb2\x18?e\x22z\xf4\xee\x01C^s\x1dm\
\xe8hi\xc1KO>\x8d\xf5\x8b\xdff\x8e3M\xa0\
*\xa3\xd0Y\xe0s\x872r \xab>M\xeb\xcdV\
\xa6\xe0\xd2\xd1Ft\xb2=\xfb\xf7AM\xbf:t\x04\
\x05\xc8\x9f\x09-\x11@%\xcdTb\x84\xef(\x83\xb4\
\xe3\xab\x94\xe3#f^\xbfyO=\xee\xfc\xd1O\xf0\
\xc4c\x8f#$\xafy\xceE\xba\xae\x1a\x8cl0\xfd\
\x84\xe3p\xed\xb7\xbf\x89y\xdc\x14\x9cs\xdaI\xc8\xd4\
r\x0e\x09\xeam\xb9\x0e\x94\xb9\x9a\x92\xc0 \xa6\xb6*\
\xa5\xa0(G\xfe\xa4c\x03y\x8aa\xa9\xbb\xe0|*\
\xa3\x19\x81g\x90\xe3\x8a\x86\xa8\x98\xa4\x08N<\xf5\x14\
(\xae8R\xd9,\xde|\xf55<p\xf7\xbd\xc9\xde\
\x82\xaf\xa9\x17N\x0a\x9e\x97\x02\x5c\x0f\x07i[\xe3\x8f\
\x9a\x82\xf3?w9@\xbb\x8b\xd9\x87t\xa0i\xe31\
\xdb\x17~e\xfc\xec\x06F\xb1w\x06/6\x8a\x8aA\
\xb1\xf4\xde\xc1\xa6\xa6\x87\x8aq\xbc\x8d\xec}f?\xfa\
3\xcb\xd9!\xc6\xe63\xcd\xb0{\xd7\xae\xe7\xd6\xad^\
\xfd$s@\x0d\xa0y\xd1\x81\xc3h\x0d\xca\x9b\xb0\x18\
#R6\x89LK\xf4~eD\xb0\x9e\x83L\x8fZ\
\xcc\xbf\xf2r\x0c\x1d5\x0a>#\x9c\x12'F)\xc3\
\xe5c\x88\xa2(/\x8dC\xfe\x97\x89'\x1ey\x0c\xbb\
\xb7nc\xb3\x1a\xf2\x9b:\xa7\x9e{6F\x1e>\x16\
\x0e\x01\xa2\x9d\x9b\x0b\xb2\x91 \xcb\xfe2\xc1\xd7r\x96\
c\xf6\x112Bjhh\xe0\xb2?\x0f\x06i04\
\x03\xcd\x0d\x05e\x15\x1c\xe3\x90\x0c\x150$\xa7\x04\x0f\
2i\x94\x86P\xc4\xc8UAQ\x07i4\x8c\xae\xc0\
w|\xd7O\x9euG\xc8\xe0\xe1\x88\xe7\xe6;.I\
\x9c\x84*\x0bht\x82\xa1\x10*\xd2U\x00\x13\xd6\x1e\
7\xcf\x8a\x8cF\xab\xb8\x04sR\x1ez\x0f\xea\x87\xe3\
N;\x11W~\xf5\x8b\xb8\x82t\xdcY'c\xd8\x84\
\xd1\xe89\xa4\x0ft\x95\x8f<\x8d2$\xe2e\xfb\xd6\
`\xd0\xb8\x91\x18;u\x12#\xac3\xf0\x95\xef\xfc\x09\
>\xff\xd5k1\xf3\xf8\xd9\x18:r(j{\xd5\x12\
\xc4\x0d\xa3\xb3,\x22\xe6\x10c\xc9\xeb\x12\x0esM\xed\
X\xf6\xfab<~\xf7\x83\xb8\xe7g\xb7\xe0\xd1\xdb\xee\
\xc1\xea\xd7\x16\xa3c\x17\x03\x0aF\xe3\x02F\xbd\xc9\xd3\
\x11\x83\x06\xe1\xc4\xa3\xa7\xe2\xf2s\xce\xc6\x9fr\x07\xfe\
;_\xba\x0e_\xb9\xfc2\x5cx\xea\xc9\x981\xf1\x08\
\x8c\x19<\x10\x83\xd8G]\xc6G\x95\xabQ-\xe4i\
d\x94\x85\xcb\x0d\x17\x97\xcba\x87\xe5\xefF\x11\x1c\x82\
\x9a\x89Jl\xa3\x0c\x0f\x01\x5c\x9e\xfb\xccqg\x18=\
V\x11\xd1\x87\xf6\xae\xc3\x90\x9e=\xd0\x97\x1b9\xfd\xab\
\xb2\x18;\xa0?\x8e?\xfa(\x5cz\xd6\x99\xf8\xfc\xbc\
y\xb8\xe2\xbc\xf3\xf1\x95\xcf]\x91\xd0\xc5\xa7\x9d\x89c\
\xc6M\xc0\xe0\xcaZTP\xf6\xa5}\x8d\xd8\xbfv\x03\
v\xbc\xbb6\x19\xf3\xfd\xbf\xb8\x0d?\xfe\xc7\x7f\xc3c\
\xb7\xdd\x8b\xf5\xef\xac@\xdb\x81&\x88\x9c\x14W\x1c.\
u\xac\xaa\xb2\x0a).\xaf;\x8ay\xa4\x99\x07>\xe2\
\xe8\xc9\xb8\xf0\x8a\x8bq\xdd\x9f~\x05g]z>\xe5\
?\x02\xa9\xdeU(\xea\x12\xdaJ\x1dP\x8c$\x87\x8f\
\x1b\x85\xc1C\x07\xa1\xba\xba\x12\x22\xf7J?\x85=\xdb\
v`\xc13\xcfs3\xb5\x01\x5c\x90@\x00\xd3Q.\
|7E\xc7\x028Z!\xa4c\xe9\xcc\xb5#`\x8a\
(W\xce\x13\x14\x03T0\xad\xa0=\x03\xc7\xf7\xa0\xb5\
f\xa0\x10Q\xef\x03D\xc5\x10\xc5\x5c\x19{v\xee\xc5\
\xcf~\xf0c<\xff\xec\x0b\xa8\xab\xeb\x85\xa6\xb6\x16x\
\x94\x8bf\x0e\xf7\x94\x0b\xcf\xc6\x19\x97\xcdC\xcd\x90~\
\xe81\xb07\x8e9\xf9x\x0c\x1f;\x0a\xdaw \xab\
(\xaa\xb8X\x18\xa4\xb4\xd4m\xaa>\xa8\xe8\xb0\xfc\x17\
s\xde\x22\x92r\x15`\x00\xaa7\xfaP\xce3\xe7\xcc\
\xc6)\x94\xb3<\xefl8\x00\xf9kg\x92\xc7\xcd\xd3\
i\xab\xd0r,\x9aAG\x8ct\xb6\x0ae\xab0\xec\
\xb01\x0c\x9a.F\xa6_?\x04\x1c\x9fJ\xa5 q\
S\x18\xc7\x0cfb\x80}i\xa5a\xe9,\x88\xc1P\
\xc6\xd8R>\xb7{\xeb\xfa\x8dO\x1e\xd8\xb7o\xf1\xbc\
y\xf3\x8a\xac\xf4\x99\xfd\xe8\xdf\x9a3\xf5[\xd7\xfc\xc4\
+\x06\xc6\xec.\x95JO2\xa7\xb3\xdc\x86a\xd9\x0a\
`q\x02@\x89\x8b\xe7\x93i\x089\x11\x84[X\xc7\
A \xd1\x13#\xac\x81\xa3\x0f\xc3\x99\xe7\x9f\x8f\xca\x9e\
\x8c \x18\xc5E\x9c(\xa5\x0d\x14\x0d#\x93\xca\x12J\
\x1c\xac^\xbe\x0a\x0f\xdf\xf7\x00\xf6q\xe3\xc8\xb2\xbd!\
#G\xe2\xbc\xf9\x17b4\x81\xd7#0T\xd0h\x22\
z\xf7\x80@\x1bQ\xb1=.\xd5\xa8\xeb8\xb0\xaf\x1e\
\xedL\x1dD\x8c^\x0d\xba\x14[\x94\x80l \xa2\xf1\
\xc5\xe4\xcf\xa3\xd2\xd7\xd4\xd6\xc0'\x80\x87T\x1e\xa3\x14\
RL\x01hJ\xc8\xd0kG\x1cG@07\x04Y\
\xc5\xbe\x95\x05\x5c\x1a\x89f\x193\xf2\x15\xe3kom\
\x83\xa5\xc6UR!+++\x11\xf2\x9d<\xa3\x05\x97\
@+\x1bE\x8aQ\xda\x913\x8e\xc6%W\x7f\x0e\x17\
\xd0\xb0\xc7N\x19\x0fS\xe91b\xb1(\x1b\xeeP\x93\
B\x1f\xbc\xe7'\x14x\x0a9[J\x22!\xb7*\x0b\
\xbf&\x83\xf1\xd3\x8e\xc2EW~\x0e\x97]s\x15f\
1\xca\x91\x88)`\xa4\xe9Wd\xe1\xa52\xc8\xe5\x0a\
\x88J!\xd2\xcaC\xa9%\x87m\xab7\xe0\x95\xc7\x9e\
K\xc0\xf7\x9e\x9f\xdc\x84\xe7\xef}\x0ck^}\x0b\x07\
\xd6oC\x8e\xd1\x9e\xc3\x9cmO:\xbe\x91\xbdzc\
\xf2\xc8\x118q\xfaT|\x8e \xfc\xb5+\xaf\xc0W\
.\xbf\x94 w\x01.9\xeb\x0c\x9c3\xf7x\xcc\xe5\
r\xf3\xa81\xa31\xba__\x0c \xe0\x0c\xee\xdd\x13\
}k+\xd0#\x9bB5\xd3\x0fU4\xf6J\xcf \
\xeb\x80\xa4H\xdd\xa5E\x85\xa3Q\xc9\xf1H\x9d\x1a\xca\
\xa1g\xdaG_F\x96\x83\xebj1\xa2_\x1f\x1c6\
h\x00\xc6\x0f\x1f\x8a#G\x8f\xc4\x8c\xc3\x0fg4>\
\x03W_p\x1e\xfe\xec\x8b\xd7 q\x06\x9f\xbb\x14\x97\
\x9c~*\xce\x9e3\x07'\x1f=\x13c\xfa\x0fF6\
\x04B:\x98\xc2\xbe\x83h\xde\xb2;\xd9\x14[\xc1U\
\xc6\xcb\x8f>\x8d\xbb\x7fz\x0bn\xf9\xc1O\xf1\xfa\xd3\
/\xa1uw\x03b\x02\x98-E\xe0\xb4\xc2\xe5\xbc\xba\
\xe4\xa1\xc8y\xee(\xe5P\xd3\xa7'f\xcc\x9d\x85\x93\
\xcf;\x93\x8e\xed\x1b8}\xac\xd6\x976\x00\x00\x10\x00\
IDAT\xfe\xb9\xa8\x1b\xda\x1f.\xc7f\xb3.r\
(\xa3\x80\x10*\xe5\xa2Hp\xae\xe3\xe6\xef\xf8\x09G\
$+\x8d\x8at\x062\xf7e\x06\x07\xdb6l\xc1S\
\x8f<\x81\xb6F\x02\xa3r\x11\xe5\xcb(s\x15b\x08\
N\x8a:\xa6\x01j\x1f!\x8f\xe7\xaeK\xdd\xe6\x8d\x5c\
\xa1\x13E\xa6\xad\x02\xf2\xa2\xc9\x9c\xab)\xbfL\x16\x85\
\xf6\x1c\x163\x87z\xe3\xcf~\x8e\xd5\xab\xd7\xa0\xaeg\
OHJ\xc1\xa1\x9e\x0f#\xe8\x9fr\xfeY\x09\x9f\xbd\
\x08\xb8\x9d\xe5\x0eD.\xd0{\xc8\x00\xa6B\xce\xc5\x88\
\xb1\xa3\x01\xeal\xc8~b*9{\x84\xa1-(\xad\
\x00\xa3\xa0\x1d\x05\xabb\xd0\xb4\xe0p\xbe\x02:O\x18\
\x8dc\xe4\xfb\xc0g\x9e\x814\x83\x03>\xc5\x86u\x1b\
\xf0\x00S'[6nf~9K\xc05\xb4\x17\xcb\
\xb6|\x14h75}\xfa\xe0\xec\x8b.\xc2a\xd4\xe9\
\x22S\x1a\x0e\xa3b\xd1\xc5X)$\xfd*a\xc3\x81\
a\xdb\xb2\x92\xa4\xcd\x91\x15\x9b/\x95\x8ak\xca\xe5\xe2\
\x02\xb7\xaa\xaaA)\xb1$|f\x0f\xfd[sF \
\xf8\xad\xeb~\xc2\x15\x19\xed\xc6\xad\xa5\xd2\xa6\x03\x8dM\
\x8f\xe5\xf3\x85\x8d\x04\xc7r\x02\xb8\x04CP\x09\xa4;\
b\x16\xa0\x0c\x92\x09\x12E\xd0\x06n:\x8d\x09\xc7\xcc\
\xc4Ig\x9d\x0d\x8f;\xa7\x05\xd6-q\x1c\xda\xf1\xf8\
\xba\x82\xef\xf8I\x04\xb1\xe2\xed\xe5x\xee\xa9g\xd0p\
\xe0\x00b\x05\x0c\x1f=\x02'0/\xdcw@?\x88\
\xb7\xd6Tf1\xaa\x08\x16\xae\xe7\xc11\x0ev\xed\xd8\
\x99\xfc\x0f\x0e\x8ev\x98\x0b-\xb2\x9d\x18&\xf9\x07F\
\x16\x01\xe4\xd0T\xd2>\x03\xfa\xa2\xaeW\x0fP\xbb`\
\x08\x10\x16q\xf2\x154\x8f`\x12S1\x95\x02A5\
bF$\x05\x97\x8a\xe4\x91oI\xa1\x98\x180\x16H\
\xb9\x1e$\xa2\xb5\xac(\x0e&W,0\x92a\x94\xc4\
\x88\xbb\x82\x11\xe31'\xcd\xc1\x19\xf3\xcf\xc7\xe1S'\
\xc3\xaf\xce t\x81\x82\x0e\x10y@\xecj\x14\xb8\xcc\
\xee\x08\x8b(3\xe2#\xd4rC\xad\x88\xf6 \x8f\x22\
\xa3\xc1@\xc7(#B\xc8g1\xdf\x1bq\xf8h\x9c\
u\xf1\x85\xb8\x90\xc08\x8eQ \xe8\xa8\x02\xc5v8\
F\xed\xf8\xe4\xcf\x87\xfc\xab0Y\xb8e\x8d\xe2\x81\x0e\
\xecX\xb1\x09\x0b\x1ez\x1a\x0f\xfe\xe2N<~\xcb\xbd\
x\xfa\xce\x07\xb0r\xe1k\xd8\xbcl\x19\x97\xe0[\x10\
rC&\xc5\xa5k\x9dc0\xa4\xaa\x1aG\xd1\xa9\x9d\
2}\x1a\xe6\x9fr\x0a\xae<\xf7\x1c|\xfe\x82\xf3q\
-7K\xbe|\xe9\xa5\xf8\xf2e\x97\xe2\xf2\xf3\xcf\xc1\
\xbc\xd3O\xc3\xd9'\xcc\xc1\x19\x8c\x90\xbah\x16N\x9b\
=+Y\xfa\x9f|\xcc\x0c\x9c4s:\x89\xe51\xd3\
q\xea\xaccq\xfaq\xb3p&#\xf5\xf3N<\x01\
\x17\x9fv*\xdb=\x1b\xd7\xcc\xbb\x10\xd72Mp\x1d\
\xe9\xda\xf9\xf3\xf1\x05^\x7f\x8e\xd1\xd6Y\xac?c\xcc\
X\x8c\xeb\xdf\x1f\x83\x08\x04=\x8c\x81K\x10\xeb`4\
\xdb\xbc\xa3\x1e\xbb\xd6n\xc1\x9a7\xde\xc1\xab\x8f?\x8f\
\x07o\xba\x0b\xf7\xfd\xfcV<x\xf3]X\xfc\xd2k\
\xd8\xb1n\x13l.@\xd6p\xaeb\x8d\xb4\x93\x86\x9f\
\xf2\x11:\x16%\x84PL\xf1\x0c\x1a3\x02\xc7\x9f~\
\x0a.\xb8\xf2\xd2$}s\xf2\xf9g\xa2\xef\xc8!\xb0\
L\x01\x14\xb5E'\x1d^\x81\x93[\x22\x85\x94\xbf\xa2\
\x5c\x0c)\xa4\x8cfL\x9f\x81\xc1\x83\x06\xa1\xcc\x14\x88\
\xe8\x92\xe8g\x89\xc0\xbbr\xe9\x0a\xe6>_C{c\
+|\xed#\x05\x17&R\xe0\x82\x1al\x02\xaeva\
\xb9\x923Z\xc3\xe5f\x96G0\xf4\xe8\xf4\xc46D\
\x7f@0k\xdc\xb3\x0fo\xbc\xbc\x10O=\xfa\x04v\
\xee\xdc\x09\xcd\xe7\xb9\xa0\x08'\x9bN\x00\xf5\xccy\xe7\
\xe2\x84\xb3N\x81S\xe9\xa3\xa4BX\xa6\xaa\xb8?\xc8\
\x8d\xb4\x00\x03\x86\x0d\xc6I\x9c\x93\xfe\x83\x07\xd1\x1e\x14\
\xc4\xcb\x88>Z\xda\x83\x22\xe0\x1a\xcf \xf9^6\x99\
\x912\xa4\x8e\xd72\xd0\x991k&\xe6\x9c8\x17=\
z\xf5$\xe0\xb7c\xfd\xca5x\xf4\xe1G\xb0s\xfb\
NdS\x15\x80\xe4r\xb5K\x0d\xd4(2\xb0\xc8\xd4\
\xd6`.\xd39\x13fL\x83\xeb{\xa8\xa2S\x08h\
\xb3\xb1Ul\xd1B\x01\x1cR\x9c\x94VlG\xcb\x1d\
\x9b/\xe4s\xeb[[Z\x9e\xd9\xdf\xd6\xb6y\xce\x9c\
9\x11\xab}\xa6?\xfa3\xcd\xdd\x07\xcc\xd9\xf6\xf6\xf6\
\xb6\xa6\xc6\x03\x0bwm\xdf\xf6P1\x9f\xdb\xc7\xf9&\
f\x85\x04O$\x93\xa0\x94L\x80\x821\x0e\x14\x0d\xc9\
\x82\x07\xc1\xb2\xb2W/L\xa71N\x9f;\x07\x0e\xa3\
\xa0\xc8u`\xa9\x981\x1f\xfb\x8e\x0b\xea\x17\x8a\xcc\xd1\
\xbd\xf3\xe6\x12\xe6x\x9f\x07\x04\xf4\x94\xc2\xf8\xc9\x93p\
\xda9g\xa2\x9aQSl\x00\xe5\xb1]\x82XG>\
\x07M#\xc9\xb3\x5c\xb9\xfc]\xc4\xe5\x88mX\xa8 \
\x86\xc7\x98C\xb3\xe1,\xf3P\xbe\xef\xa3\xc4\xdceo\
F\x5c\xc3F\x0fCu\xcf\x1a\xe4\x09~\x9d\x8c\x82\xac\
\xabP\xe4\x06\x88\xfc*1\x8c\xe2\xc6H\x01\x8e\xeb@\
+\x8d\x80\x06\x173\x9a5\x1c\x95D2>A>`\
4\x1c1z\xf72i\x04T\xbf\x22\x0d\xbc\x92\x80;\
\xf7\x8c\x93p*\xa3\x93~\xa3\x86 N\x19\x844d\
\xc5\x12\x04\xf7\xb2\x0d Q\x97!h\xfb\xe4'\xa6\xc0\
J\x8c\xd6\xd9,\xfbr!\xceE\xa2\x11\x19[dl\
\x17\xf8\x1a\xa0\xba\x7foL\x9cy4\xce\xbb\xfcb\xcc\
<i.tE\x1a1\xe5HHA\x99cu\x8d\x07\
\xc3\x97\xbc\xd8\x81\x1bh\x98\xa2\x85[\x04\x82\x83yl\
}w\x1d\x16>\xf1\x1c\xee\xbf\xf9V\xdc{\xe3Mx\
\xe0\x96[\xf1\x0cw\xe2\x97\xbc\xf426SV\xf5\x9b\
6#\xb7o?\xe2\xe6V8\x9dyTSV\xfd\xb8\
\xc19\xbaO?L\xe5\xaa\xe4\xb8I\x931\x97\xb9\xbc\
\xb3\xe6\xcc\xc1E\xa7\x9f\x8e\xcb\xce>\x9bt\x16\xa3\xe4\
sp\xf5\x85\x17\x1c\xa2\x0b\x19)\x0b\xcdK\xae\xaf\xe4\
J\xe6\x0a\x82\xf7\xe5g\x9f\x8bK\xcf8\x13\xe7\xcf=\
\x01\xa7L\x9b\x81\xd9\x13&\xe2\xe8Q\xa31\xb6\xff@\
\x0c\xe9Q\x87\xfe\x15\x15\xa8\xd5\x0e\x1c\x02l\xd0\xdc\x8c\
\x8e={\xb0\x7f\xfdFlxg\x19\x96\xbd\xf2\x1a^\
|\xe4)<Dp\x95\xd4\xc1\xa3w\xdc\x8f\xe7\x1f~\
\x12\xcb__\x82\xedk7!\xdf\xdc\x01\x89\xf2e\xdc\
\x9a`kcK\x1c\x8bA,@\xc4\x08\xaf\xb2O\x0f\
\x1c1\xfdHF\xb5g\x10h/\xc5\xbc\xab/\xc5\x14\
\xe6k\xb3\x9c\xa3\xc8\xd7(\x12VJ*B\xcc\xba2\
\x7f\xa5(\x80\xe2|Wd+Q\xec\xe8\x84b{i\
/\x8d\x9a\x1e\xbdp\xec\xccY\x90\xf6}\xcf\x87f\x07\
A1d~\xb7\x1do\xbe\xf2:\xde[\xb9\x96)\xad\
\x22\x5c\xf2\xe0\xc1\x81G\xc02\xd6@\xf3\x9fk\x1c8\
\xd4]\xc3\x09\x8e\xb9\xec\x966S\xa2\x83\x85\x22vl\
\xdb\x86\xa7\x9fx2\xa1\x03\xf5\xf5\xec\xdb@\x1c\xae\xe2\
Jb\xe6\xf1\xb3p\xd1\x15\x97\xe2\xf0#'\xc0\xa1\xd3\
(S\xb7\x048\x1d\xae\x1a\x8a\xc2\xa7\xe7B\xbb.\xc6\
O\x9a\x84\xb3\xcf=\x17=z\xf4\x80\xeb:0\xb4\x01\
\xf9\xf5y\x18\x8d27\xf2:\x8a\x9dp\xe8Xb\x07\
0\xbe\x83\x09\x93&\xe0T\x02\xe8@:\x11\x87v\xb6\
s\xdb\x0e<\xf6\xd0#\xd8\xbei;S\x1c%\x8eY\
\x93S\xf2\x11\x01\xa1v\x90\xedY\x87\xa9\xc7\x1d\x87\xa9\
\x04\xe9\x0cA\x1a\x86@\x0e\x1e\x9a\xf5\x94\x82\xe1\x18\xb5\
20<\xb7\x5c\x85\x85\x81\xd8\xbe\x8d\x83ry_\xfd\
\xee]\x8f\x1f\xd8\xb9s\xa1`\x84R\xca\xe23~\xe8\
\xcf8\x7f\x09{\x8a?\x19\xedF\xd9\x1d;\xf6D\xc5\
\xe2\xf3\x85B\xf15\x8b\xb8EQ-e\x00\x8aa\xae\
\xd4\x01D\xde\x8a\xf9\x1f\x852\xbd\xbb\xe5\x84I\xd2\xbf\
\x07\xf3J\xb3O;\x05Gr\xb3\x07\x99\x14:\xb9\xec\
*p\xb3#d\x9dJ.\x9fY\x19\xc5\xd6v\xbcE\
\xc5~\xf5\xd1\xc7\x91\xf2S\xa8%XO\x9er$N\
8\xf5$\xd4\xf4\xaeC'\xf3e!b\x94\x09~\x12\
q\x1a\xad\xf1\xde\xaa5\xd8\xb4r5*\xfc,\xd2\x04\
\xa3\xac\x9b\x82\xa2\xc7\x8e\xd8\xae\xf4\x1b\x1b\x85j\x1a\xde\
\x91\x04\xb1!\x87\x0dA\xe4\xdaCQQ\x19&m\x90\
\xa9\xa9@\x8e \xac]\x8d2\x01Q\x96\x84\x8a\xed\xba\
TRM\x00\xf6\x08\xb8\x9d\x9d\x9d\xa8\xe6\xb2\xbbX*\
@r\xcb>A\xd0\xe5\xd2{2\xdb<\xee\xd4\x13\xd1\
c@oX\x17\x5c\x9a\x15\x90\x97\x086d\xbd$\x0a\
\x00A2\xa0bk\x1a\xa3\x838\x8c\xa9\xe8\x16)\xc7\
C\xcaq\xe1\xb0}\xa3Ej1,\xf5T\x0cE\xc0\
:V!\x02'F\x9f\x11\x83p\xce\xe5\xf3q\xfa\x85\
\xe7\xd2 j\x11\xb0N\xa4\x14\x02\x8e\xcd3.\xab:\
\xc9&H\x5c\x08a\x18\x0e\xdbR\x0c\xf9\x95\xd6\xb4\xf2\
\xd0\xbc\xb7\x1e;\x09h\xcb^\x7f\x13/0\xb2z\xe4\
\x8e\xbb\x09\xc4\xb7\x93n\xc3#\xb7\xdf\x8dg\x1fx\x04\
\x8b\x9e{\x89\x9bD\xcb\xb0\xf7\xbd\x8dh\xde\xbe\x9b`\
\xdc\x80P\x22\xb9|\x09\x95\x94aO\xca\xa0\x97\xeb\xa3\
'\xfb\xaa#\xc9u\x1f/\x85>~\x1a}S\x1f\x90\
\xd4\xa9c\xdd\x1e\xcaA\x057\xba|.\xbf\x9d\x8e\x02\
47\xbc\xe2\x83m\xc8\xefoD\xcb\x8e=\xd8\xf2\xee\
j\xac|c\x11^\x7f\xf6y\xf6\xff(\x1e\xbd\xf3\x1e\
\xdcG\xe7p\xf7/nbyG\xf2\xad\x90%\xaf\xbc\
\x81M\xab\xd6\xa3\x819\xcfb[\x1e\x19\xed!%\xf3\
\xeag\xd0N\xfd\x90\x8dF\x91Al4\xac\xe7 U\
S\x89I3\xa7\xe0\xb4yg\xe3\x92/\x5c\x8e3.\
:\x07\xa3&\x8d\x85_\x9b\x81|-/r\x15\x0a\x8c\
&\x8b\xcc-\x8b\x93s\x08^\x9e\xebA\x00\x923\x00\
\xd7\x1aT\xb2\xed\x14#f[\x8e\xd1F~\x0d\xc7a\
\xb4\xd3\xf5\x07_b\xc0\xa3\x0c\xca\xb9\x12Z\x0e\x1c\xc4\
+O\xbf\x80\xcd+\xd6\xc1\x09@\xd9\xc7\xd45\xcd\x13\
\xcd\xb9t\x12\x0aJ|\x10[\xf8\x94\x07\xa7\x0bA9\
\xa4C/\xe1\x9d\xa5\xcb\xf0\xe6\x1bo\xa2\xa5\xa5\x95\xce\
\xbe\x8cNnnU\xf4\xacM\xfeX\xd3\x05\x97]\x84\
acF\xc2I\xfb\xd4\xaf\x18\x11_TF!\xa2\x0e\
i\xad`i[\x86\xf2\xf7\xfc4\xed\x22\x8d4mC\
Q\xabB\x02r\xb6\xb2\x122\xb6\x1c\xd3\x00\x9a\xce\xbe\
H\xf0MUf0e\xc6T\x1cO\xf0\xecO\xbb\xd3\
\x16\xd8\xbf{w\xb2\x92\x5c\xbff\x1d\x9dL\x11\xb5\x95\
=\xa8\x9b\x11\xa8\x92\x88\xb4A\xa05\xc6\x1cy$\x8e\
\xe1*\xa5\xe7\x90\xc1\x88\x1c\xca\xd71\x10\xfbU\x00,\
\xa3]\x8e\x14b\xe7\xbc\xe4\xb5%\x07\x8a\x0ag\x9bK\
\xc5\xc2\x92\x8e\xce\xce\x97w\xb6\xb5\xed\x9d?\x7f~$\
\xcf?\xeb$c\xf9\xac\xf3\x08{\x88\xc3\xa3\xae\xbb.\
,\x15\x0a\x9b\x0f65?\xd1\xd9\xd6\xb9\x94s\xd5i\
\x94\x82\x81\x86\xa6V;<\x93s\xf0\x90\xafb\x81\xde\
\x124\x0e\xc5Hm\xc8a\xa31\xe7\xcc\xd30h\xcc\
h\x94\xd8\xa2I\xa5\x102:u\x95A\x95\x97\x01Q\
\x0b\xa5\xd6N<\xf9\xf0cX\xf2\xfa\x1b\xc8wt\xa0\
\xaa\xba\x1a\xc7\x1e7\x1b\xc7\x9d0\x07\xd9\xda*\xe4\x18\
\x9d\xa6\xa9T\x11#\x892w\xbd\x0f\x1eh\xc0\xa2W\
\xdf@A\x8c\x85\x1b\x02\x8a\xdeW\xc9\xb4S\xf1\xc9\x12\
\x14\xfb\x96%\xda\xe0\xb1#1\xe7\xac\x931y\xd6\x14\
F\x92=\x10\xa75Z\x83Nn\xa2tR\xc1,\x22\
\x03*o\x09\xa2\xbc!\xd3\x06\xe0\x98\x82C\xe0\xee\x13\
x]\xb6Sf\xdf!\xa3W\xd0\x90\xc7M:\x82\xcb\
\xb0\x13\x09\x86\xd5(\xeb\x88\x80\x18B{\x06\x86d\xf9\
\xbe\xa6>z\xae\x83\x1a\xf2o\xb9yWh\xe9\x84\xc7\
<I\x85\x93\x22@\xc6\xd0\x1c\xb7\xcfq\xfbd\xd2\xe1\
}\xcb\xa5i\xc4\xf7B\xc4\x08\x95\x85f\xc4\xe2V\xf9\
\x88<\xe0\xa4\xf3\xcf\xc0q'\x1d\x8fZFs\x86|\
\x04L\xe9D4\x02qX\x86m\x88\x83\xf0\x19\x95\x19\
\xb6\x152\x12\x8e\xd9\x9fG\xe0\xf0\xb5\x97\x80JD\x10\
m\xda{\x00[\xd6m\xc4\xea\xa5\xcb\xb1h\xc1kx\
\xf9\x89g\xf1\xe4\xbd\x0f\xe1\xfe[\xee\xc4]?\xbb\x19\
\xf7\xfc\xfcf<\xc8\xf3'\xef~\x00\xcf\xde\xff\x08^\
x\xe0Q,d\x0eu\xd1\xb3/a\xf9\x827\xb0\x9a\
\x1bvk\xdeX\x8aM\x5cfoY\xb6\x0a\x9b\x97\xae\
\xc4\x86%\xef\xe2\xbd7\xdf\xc1jn\xee\xadx\xe5-\
,{\xf9u,y\xe1U\xc8\xd7\xeb\x9e\xba\xf7a\x82\
\xfb\xbdl\xf3.\xdcw\xe3\xed\xb8\xf7\x06F\xde7\xdd\
\x86\xfb\xd8\xc7#w\xdf\x8f\xe7\x1f{\x12\xaf\xbf\xb4\x10\
k\xd9\xde\xde\xad;\xd1\xde\xd4\x8c\x88\x11\xa1\x13\x83 \
\xebP\x97(\x07\xe6\xcd\xc1\xb1\x96\xb9Z\x919\xb1t\
\x8c\xb9\xa0\x00\xb72\x8d\xfe\xa3\x86b\xe6)s\xb8\xbb\
\x7f9\xd3\x08\x97`\xf6\xa9\xc7c\xf0\x98aH\xd5f\
\xa1\x08>\xb1K\xa0p\x14\xc4\x91\x89\xa34FCQ\
'b\x82\xa0C=\xcd(\x0f\x1e\xf1\x91\x13\xceRa\
\xcf\xa6\x1dx\xe5\xf9\x97\xf1 \x1d\xc1\x0b\xdc\xdc\x02\xc1\
\xd8!8\x97\x08\xa2\x9aru\x08\xc2\x8a\x0eEx\x95\
?\x84\xb4o\xdb.h\xce\x9bq\x08\x94\x11\xd8\x99\x86\
\xa1\xcc\x03nzZ:,G\xbb\xbc\xa9\xe1Pw\x8c\
1\x184d\x08\xaajjP\x22PJ\xfa\xad\xf7\xa0\
\xfe\xcc\x9b\x9e\x8f\x93\xcf9\x1du}{Bql\x86\
z\xe5\x13x\xd3)\x1fVt\xaf\x5c\x86\xb1@\x98/\
\x22\x22\x1f\xcb\x97,\xc5\xc2\x17\x17 \xd7\xde\x09\x01b\
\xf9\xcesL;\x926\x9d\xac\x0f\xc3@@t}\xdc\
\xe4\x09\xc9\x1f\xb1\x19>f\x14\x5c\xee;\xec\xdd\xbd\x0b\
\xcf>\xf94\x96.Z\x02W\xb90\xdd\xff\xc8#\xd5\
\x10\x02\xba\xc3\x0f\x1f\x87cO=\x19C\x0f\x1fC\x9d\
3\x88\x08\xb8\xe2\xe4s\xdc\xc8\xd6\x00\x5cM\xe8\xa5\xcd\
Y:|Myh\xad\xadq\x9d\xf6b>\xbf\xec`\
S\xd3\xd3\xcd\xc5\xe2\xc6\xf9\xf3\xe7\x07\xac\xfaG\xf1\xd1\
\x7f\x14\x5c\x1eb\x92\xa2\xb7O\xbf\xf5V\x07\x97HK\
\xf6\xed\xdd\xf3d\xae\xad\xe3\xbd(\x08\x8b\x96.S\xc0\
E\xd1+\x13o8\xb9\x0e\xb41\x08\x08&\xdau\x11\
\xca\xfbT\x801GN\xc2\x09L\x19\x0c\x1c5\x021\
\x11\xdb\xf5<\x04\x04O\xcd\xc9Lq2}Rgs\
\x1b\x9ex\xe41\xac]\xb12\xc9\x1f\xd5\xf6\xed\x8di\
s\x8f\xc3\x9c\x93N@Em5\x8a\x8c\x92\x03F\xa5\
Fq\xfa\xa9\xf0\xebV\xac\xc2\xdb\xaf\xbe\x0eM\xd0\xe5\
:\x0bF)8\x8eC\xf8\x02\xfb\x0f\x99\x13\x0b\xa12\
\x06\xe3\x8e\x1e\xcf%\xfb<\x5cv\xed\xe58\xed\x823\
1~\xda\x91\x186n$\xfa\x0c\x19\x80^\x83\xfaa\
\xd0\xc8\xe1\xa8\xedS\x07\xe5\xf1]\xa3\x92\xf7\x8bL5\
8F\xa3\xcc\x8d\x96\x8a\x8a4\xe4\xff\xb6\xaac\x9dc\
\xb8$\x1c0l\x10$\x9d\x10\xea\x18e\xee\x18\xc7\x8a\
\x88!o\x11(@\x05\x15\x10)\xb4v\xc0\x84@\x85\
\x97\x85OC\x0e\xdb\x0b(5w\x22n\xcfC1\x22\
\xf4\xf8\x8a\xaf\x0d\x1c\x8e\xc5h\x0d\xa5\x15d\xa9Xb\
\xc4R\x88\x8a\x88M\x08\x93\xd28\x89\xfc\x1e\xc9\x9c\xb1\
D\xc1\x0e\x81=d\x14d\x1c\x03*>\x8a\x04\xa5\x12\
e\xe2\xa7R\xf0\x98\x03\x06\x14\x04|\xc5?\xe8X\xc3\
\x81\x0b\x01`_\x80\x06\x1e\xa3\xe1\x88\xcb\xf5\x1cw\xfc\
[\x18Q\xd6c\xc7{[\xb1j\xd1\xbbx\xf3\x05\x02\
\xe6\x93/\xe0\xa5G\x9e\xc6s\xf7?\x86'\xeez\x10\
\x8f\xddq\x1f\x1e\xbd\xfd^<|\xeb\xddx\xe0\xa6\xdb\
q\xdf\x0dw\xe0\xfe\x1bo'\xdd\xc9\xeb;H]\xa5\
\xe4^\x1fdj\xe0\xa1\xdb\xee\xc5\xe3w?\xcc\xe8\xfa\
\x19\xbc\xfe\xfcB,}m\x09V.YN\xb0_\x89\
\xad\xeb6c\xdf\xb6=I^\xb4\x9c+#.r\xb9\
_\xb6pb\x03\x97\xce#\x0eB\xca\xb9\x08\x03 \xe5\
{P\xca\x82\xb7!7\xf2A\x0eN\xd6\xc3\xe1GO\
\xc4Y\x97\x9c\x87K\xbft\x15\xce\xb9\xea\x12L\xa0\x13\
\xed1\xb87R\xd5i\x94l\x09E\xcaL\xe6#\xa0\
\x03+\x85%\xa6 B\xc4\xd4-_;\xc9J\xc8#\
\xe0\xba\x84\x06\xa7\x18#j+`\xf7\xfa\xadx\xe9\xf1\
\xe7\xf0\xd0\xed\xf7\xe0\xf1\xfb\x1f\xc6r:\xa5\x03\xf5\x0d\
\x8c\x02C\xbek\xa1\xf9^\x18D\x88IIXH\xa7\
\xb6q\xd5{X\xf8\xdc\xcbhd\xe4\xab\x8d\xc7\xdb\x94\
7\xf5\x5c\x19\x87\xf5\x0d\xf9\xd6|7B\x89\x1bi\x9d\
\xed\xedHsN\xc6O\x9e\x88\xd9\x8c<\xb3\xb55\x18\
\xc7\xf3\xcb>\x7f%fr\x93\xaf\x07u)\xa0uh\
\x87\xefp\x0e\xf3\x9d\x1d\xf0\xa8o\xae6\x90\x15\x91!\
\x80\x83}\xbe\x0d=\x9e,\x00\x00\x10\x00IDAT\
\xb5\xe0U<x\xd7}\xd8\xc4M\xb0r\xb1\x9c\x80n\
\x86)+\xf9F\x8f\xa4\x22\x0a\x1c+\x5c\x83\x19\xdc4\
;\xfd\xdc\xb31x\xe4p\xf2\xa1\xd0\xd4\xd0\x80g\x9e\
x\x02\xaf\xbf\xb2\x10\xd5\x99J(\x8e\xbd\xa6\xa2\x06\x1d\
m\x9d\x004\x94\xe3\xa2\xdf\xd0\xa18\x99i\xa4#\xa6\
\x1d\x0dP\xc7CO\xc3\xba\x0e\xb9\x8a\x01\xce\x81\xa3\x14\
8 (\xfe\xd3\x00\x7f\x026\x8a\x0b\x9d\xed\x1d\x1b\xf6\
\xef\xdf\xff\x0c\xf3\xd3\x8b\xe6\xcc\x99\xd3\x0e\xde&\xfdQ\
|d\x1c\x7f\x14\x8cv3y\xfd\xf5\xd7\xc7\xf5\xed\xed\
\x0d\x8dM\xcd/6\x1e8\xf0\x02\x97P\xfb\x8dq\x22\
\x9f\x13H\xfc\x01\x91\x12\x9a\x13\x95\xe6\x12\xb4Ho\x9d\
\xe3\xb2\xbcL0\x0a\xe8\x95\x9dl\x06G\xce>\x16\xe7\
^z1zr\xb7\xb8DP\xcbxiT\xa6*`\
h\x10\x11\x15*\xe3\xa5P\xbfw/\x16,X\x80U\
\xabV\xa2X\xc8\xa3g\x8fZ\xcce^x\x167k\
2\x95\x15\x88\xa9\x0c\x12E\x1a\xa5\xd1\xd2x\x10\xaf-\
x\x05[\xd6o\x80\x00\xbfC\xf0\x8a\x08|I4\xc0\
\xc8\x22\x22S\xca7\x88\x09^\xbd\x87\xf6\xc3\xf4\xb9\xc7\
b\xce\xe9'\xe22.G\xbf~\xfd_\xe3\xcb\xdf\xfa\
:\xbe\xf2\xado\xe0\x8cs\xceB\xbfA\x03\x09z4\
\x98(\x80(q\x8a9\xdc2\x8d\x07\x8c\x92*\x99\x93\
\x8c\x99\xcb:v\xf61\x18\xc3\x88\xa0\xc8\xb6}*)\
\x8cB\xc4\xfb\x96Dk\x80\xc7\xfe\xd3t4\xaeU\xc8\
\xbai(.\xfb7\xac\x5c\x87\xbb\x09V?\xfa\xd7\xff\
\xc2\x1d?\xbf\x09\x8f\xdd\xf3 \x960\xe2l\xde\xd7\x80\
Rg\x0e!\x1d\x8f%PkM\xd5\xd6\x94\xb4\x01\x97\
\xc5\x9d\xa8\xa8I#\x9d\xd1\xe8Q\x93\xc11\xb3\xa6c\
8s\xd31\xcd\x81A\x15\xc4\xd8\xba)\xd2\x96\x80S\
\xe2;E\x18\xcf\xa5\xa1W\xd08\x1c\x94\xd9\xb7P\x1c\
jh\xb8PL\xf8\xb9&\x0d\xdf\xa4(o\x07Nd\
\xe0\xca\xbd\xc8\x81\xcbM\x15\x87i\x8a\xb05O\xc7\xd0\
\x81\xdc\x81\x16\xb4\xedi\xc4\xc1\x9d\xfb\xd1\xb8}oB\
{6l\xc3\xae\xf7\xb6@\xca\xfd\x9bw\xe2\xc0\xb6\xbd\
\x90\xbfO\xdc\xba\xb7\x01\x1d\x0d\xad\x08\xda\x8b(\xb7\x15\
\x99**\xa2\xc42\xcc\x07\x89\xa1\xbb\xd6#\x88\xa4\x91\
rI\xec\xdfS\xec\x1f\x86\xfchh\x0e\xc6gZH\
\xf2\xf0\x1e\x1d\x1e\xa8'.\x1dJ-\x01\xaa\x077\x83\
\xcaQ\x09\x9a\xd1k\x0d#\xfd\xf3/\xbd\x10\xd3O8\
\x96\x1bc\x83Q=\xa8\x17\x82\x8cB\xe0X\x94\xe2\x12\
\xe8]\xa0\xe9\x90\x18\x82\xb2\x85\x18.A\xa8\xa2\xa2\x12\
i\xae\x02\x14C:E\xf0\xf2B\x85rK.\x89\xb0\
\x1f\xba\xe3\x1e\xdcCG\xf2\xc4}\x8f`\xc5\xdb\xcbp\
`\xcf\x01\xc4\xa5\x88\x80\x02\x18\xe3\xc0\xa7\xfe\xfa\x5c\xd2\
\x07L\x83)(\xde\xb7|\x1e \xe6\xcaa\xd9\xa2\xb7\
\xf1\xf2\x8b/c\x17\xf3\xe3\x114\x84\x18o\xc0\xf0=\
\xa1\x98 \xecQ\x07$8p\x18X\xa4+\xb2\x98\xc6\
\x0d\xe5\xcb\xae\xbe\x12\x9f\xbb\xe6J\x1c6~,\xd2\xd9\
\x14JA\x19l\x1ae\xa6@\x8c\xd1\xf0\xb9\xf1\x1c\xe4\
\xf2t\xd4\x04<F\xe5\xad\x0d\xcdx\xfe\xc9g\xf0\xc4\
C\x8f&\xe9\x8d\xf6\x83\xad2<\xf2\x12#E'\xeb\
\xfa.@\xfd\x939\x97\xff\xb7O~\xc1h\xc0\xc8\xa1\
tB\x95\xd8\xb3w\x0f\x9e}\xfai\xbc\xbbl94\
\xf9)\xc8\xff\x84Q(\xa3\x92\xe0\xeb9\x9e\xc4\x05\x18\
2l\x04Nb\xdew\xf2\xcc\x99H\xf7\xa8AY\x01\
\x11\xf9\x08T\x84\x98R\xccp\xfc\xe2\xfcD?\x05x\
\xb51dW\x85\xe5R\xb0\x8f\x9b\xde/755\xbd\
\xd0\xd8\xd9\xb9_)E\x86\xf1Gs\xe8?\x1aN?\
\xc4(\x97\x12Q\xc7{\xef\xed\xed\xcc\x15^d\xa4\xbb\
8,\x14\xdb\xb4\xe5\xc1e\x91\x80^1_\x80\xd1\x1a\
)\xdf\x87\xe3\xf8\xf0\x997\x8b\x08BV\x1b\x08\x90M\
<\xeaH\x9c\xc9\x8d\x99\x9e\xcc9\xe5\xb9iU$\xe0\
8T\x84\xb4\x9bFH\xc5\x88h\xac\x1bW\xbf\x07\xf9\
\x7f\xaavn\xd9\x06\xe2&jj\xaaq\xc6\x99gb\
\xce\xdc\xe3\xe1\xf8>B\x82\x5c\x81K~\xd7\xf7\xb0s\
\xc7\x0e<t\xcf\x03h#\x00\x1b\x1a\x16h<i\xd6\
\xd1\xc6A\x89Qq\x9e\x91\x80\xf5u\x92\xcfE\xca\xc1\
\x80Q\x83\xd1\x7f\xf8 \x0c\x18\xd8\x07#i\x00\xa2\xa8\
\xb1\xab\xd0\x9e\xebH\x00\xd4\xa1\xc1P\xe7 \xb9,\x9f\
\xcb=CE,pw\xbbw\xff\xbe4\x9e\x19\xa8\xae\
\xab\x86v\x14:\x18\x99\x94\xd9v\xcc\xc8\xca\xf2\x05\xc9\
%\xc7\x5c\x86\x1aF\xb5>A\xae\xdc\x92\xe7R\xfey\
\xdc\xf0\xbd\x1fc\xc1\x13/`\xe3\xf2\xb5X\xfa\xca\xa2\
$\x12\xbc\xfb\xc6;p\xf3On\xc0\xba\xe5\xab\x10\x88\
\xbc\xa8\xce\xf2K\x1c%F\xae\x96f\xec\x124d\xe0\
\xf9R\x9e\xc1N\x11\xc3&\x8c\xc1\xf4Y3P\xc94\
K\xc8\xfe\xa4\xcf\x92\x8c\x9f+\x08\x8f<v2\xaf\xe7\
T\xfa8\xf2\x98\xa9\xb8\xf0\xf2Kp\xd2\xd9g\xf0|\
\x1aF\x8d\x1f\x87\x81#\x86B\xf2\xe2\x0e\x97\xaf\x96F\
*yC\x91_L\x19*\xa5\xa1\xb4\x82R,9\xc7\
Z)\xb8\xda\xc0#\xf0\x19\xd6UtpZ\x81\xf7\x1c\
8\xca\x10\xa85S$\x80)\x03\x9a+\x1cN\x04-\
5\x82e4X.\x94\x18Y\xc60l\xcbq\x1c\x18\
\xb6\x03(\xca\xd4\x22\x88c\x8e#B\x99}Z\xb6\xed\
\xa63HWU\xa2\x82\xe0Z\xd3\xab\x0e#\xb9\xea\x98\
\xcb4\xc1\xe9\x17\x9c\x81\x0b\xaf\xb8\x08_\xfe\xb3\xaf\xe1\
\xd2k.\xc7\xb0q\xa3`\x1d\xe0`[3\xf67\xee\
G\x8f\xdeu\xc8\xd4d\xb9)Z@\xd7\x9c\xc6\x08i\
\xf3eF\x8aE\xe6J-\x1d\xae\xab5y\xb3(1\
]e\x18M+F\xb6m\xf5\xcdx\xe7\x8d\xb7q\xe7\
\x0d\xb7\xe1\xb6\x9f\xde\x8c\xd7^X\x88\xad\xeb\xb7 \xdf\
\xde\x01M\xdd\xe40\xc9\xa9\xa2\x93/\xa0\xb2\xb2\x12y\
n\xd4vP\x1f<\x82\xa6\x02\xa0\xe9x\x1d\xab9\xab\
\x0er\x5c\xc1\xbc\xc6\xf4\xc8{+\xd7\xd2y)\xa4L\
\x0a\x11\x81\x9d\xd3\x02\x87c\x8e\x89\xc0)F\xb8\xb5\x0c\
\x16\xf2\x5c%\x19\x82cM\xcfZ\xcc:\xfd\x14\x0c\x18\
9\x0c.\xf7\x13\x0c\x03\x81\x80\x0e%&\xbf\x15LC\
\x81\xb2,3\x0f\xee\x9b4\x14W\x01\xf2\x1b\x8f\xf7\xdf\
v7\x9e}\xf4I4\xed;\x80r\xae\x00O;\x94\
o\x00\xad\x00\xeekS\x9e!\x1c\xf27u\xc6t\x5c\
0\x7f>F\x8d\x1d\x07\xc5v\xf6l\xdd\x8e\x97\x9f{\
\x01\xaf\xbe\xb8\x80\xf6TD\xc0\xe0&\xe5z\xc8VT\
\xa1\xa9\xb5\x15\xd9\xeaZ\xa4\xaa\xaap\xe4\xcc\x19\x98}\
\xca\xc9\xa8\xec\xd5\x03\x11\x1be\xdc\xc3\xb6\x0d\x02\xdad\
HR\x8a\xf2`\xbf.\x01\x1e\xb4m\xc4q\x5c\xca\xe7\
Z\xca\xe5\xc2\xd2\xe6\xc6\xc6\xe7\x9clv\x87`\x01\xfe\
\xc8\x0e\xfdG\xc6\xef\xfb\xec\x9e\xfe\x8do\x94\x9a:;\
\xd72\xcd\xf0Hd\xa3e\xd4\xf3\x82\xc3\x89\x0b\xa8d\
i?\x05m\x91(@\x8a`j\x94\xa1\x11\xfbp\x0c\
\x0d\x97\x80VK\xf0:\xf1\x82s0\xfd\xf4\x93\xd1b\
\x00\x87;\xa7\xedT\xeaN.\xb9\xeb*\xeb\xe0\x87\x06\
>\x83\x97}\x8c\xac\x9e\xbe\xefAl^\xbb\x0e\xa9T\
\x06}\x07\xf4\xc7I\xcc\x0b\xcf>\xf9\x04\xc8\xd7~\x02\
.\x85\xca\xe2\x93\xd9\xf9{\xabV\xe3\xd1\xbb\xefC\xc4\
H&\xcd\xc8J\x15\x22F\x0c4\xf8\x10\x08l\x88\x02\
\xa3\xa1\x12\x02\xc8f\x9a\xf5\x0c:\xb9\xb9\x22\x1b_:\
\xe3\xa1#\xdf\x8e\xb5\x1b\xd6\xd1\xa8\x0f@\x09\xe3T0\
Ec0J!\x8a8\x10\xe3\xa1H\xb0\x98<}j\
\x92\x8ah+t\xc2!\x88{4\x1c\x87\x00\xe2\x10 \
\xb514ZMpr\x11\xe7\xd8i>\xc2\x0b\x8f<\
\x83\x97\x9f|\x09\x07\xb77\x009\x0b\xddi\x91\x0d=\
\xf8\x05\x8d\xa0)\x8f5o\xbd\xcb\x08\xf8N\xbc\xb5\xe0\
M\x14\x98r\xf0\x8cK\xe3\x0d)+/i'\xd7\x9e\
C\xc0(E\xfb\x0e\xfbs0\xe2\xf0\xc3\xd0\xa3\x7f/\
\xc4Z\x11\xe2\x154\x0d\xdcq\xf8\x0ee\xa0R\x1a\xc8\
\x02\xb3\xce\x9a\x83\x13/>\x03\xe7}\xe9R\x5c\xf9\xed\
/\xe1\x8b\xff\xe7k\xb8\xee\xff|\x03_\xfc\x8b\xaf\xe2\
\xf3\x7fz-.\xba\xf6R\x9cz\xe1i8j\xf6Q\
\x18<n\x08\xea\x06\xd6 \xd3\xc3\x87N\xc7\x08L\x11\
\x9d\xa56t\x04\xed\xe8\x88s(\x12Y\x03?B\xd9\
\x8d \xb2+0\xeaw\xb4\x0bM\xeb\x94\xfc`\x9a\xd1\
`@\xb0\x934K\xa0\x03\xc4*\x80v-\x22\x13\xa0\
\xcc7\xca\xbcgS\x0a\x99^\x95\xa8\x1b\xdc\x17C\x8f\
\x18\x85\xc9\xc7M\xc7I\x17\x9e\x81K\xbet\x15\xbe\xf2\
\x97\xdf\xc27\xff\xf6\xcf\xf1\x8d\xbf\xfd3|\xe9/\xbf\
\x8a\x8b\xbfz\x05\xce\xfe\xfc\x858\xf6\xc2\x931z\xe6\
D\x1c>s2j\x07\xf6\xe5\xfc\xc5(0\x02|g\
\xc9\xdb\xe8 h\x18\x0b\xc4t\xd4\xc4@D\x1cv\x91\
\xf3%2\x11y\xb8\x84E\xcd\x88\xdd\x8b]\xea\x90B\
\xe3\xb6}X\xb6p\x09n\xfc\xcf\x9f\xe3\x8e\x9f\xde\x86\
\x15\x94y\xe3\x9e\x83\x041\xceQ\x0cF\x99\x01|:\
\xae:\x02O\xaf~=QUW\x85\x88\xe9\x1d\xed(\
\xb8\x9e\x03(\x0b\xa354g\x17\xd4\xd1\x98\x91\xaf\xc3\
M\xb7\xa0\xa9\x0d\xcf1\x05\xb3k\xf5z\xb8l*`\
$\x99Mg\xc0e7\x5c\xeaB\xc4(6&_\xd2\
Nh\xcb\xb0N\x0c\xa0\x087\x05(\x9e;\xbeE\x86\
)\x13\xa3\x15\xca\x9d\x05\xf8N\x06\x19\xa7\x02\xf25\xc0\
\x9d\xab\xb7\xe2\x99{\x9e\xc0\xaa\xd7\xdfA\xc0\x95\x87!\
\xa0W\xd2\xb1::F:e\x10q\xb36\x9d\xf5\x11\
\x90\xcf\xa3\xb8\xa1{\xc1E\xf3\xd1\xb7o_\xae*\x22\
\xe4\x1aZ\xb8Y\xf9\x12\x9d\xfb\x9b(s3\xd2\xa3<\
\x04p\xc5\xe95\xd36\xb3\xacw\x80\x8e\xfc\x98\xb3N\
\xc5\x19\x97_\x844\xc7\xac\xa8_\xa0\xae\xbb\xd4s\xa3\
4\xb2&\xcd\xb4\x8f\x8cY\xc3Og\x11r\xde\x15\xf5\
\x9fQH>,\x16\x96\xef\xd9\xbe\xfd\xb1\xb6ry\xdd\
\x94)S\x02\xfc\x11\x1e\xfa\x8f\x90\xe7\xf7Y>\xe9\xa4\
\x93\xda\xd6o\xdb\xf6\xda\xda5k\xeein\xa8_e\
\x11\x97}\x1ab\xc8\xc9\xedlk\x83\xa5\xc7\xe7\x0f\x08\
\xf9\xae\x0b- \xc1\xd28\x9aJhp\xe2\xb9g\xe1\
\xc2\xab\xae\xc4\xae\xa6&\x18.\x05\xf3\x04\xb8\x02S\x0c\
i'\x85\x80;\xe0\x0cS\xb1\xf6\x9d\x15x\xe8\x8e\xbb\
\x98\x17\x5c\x8aB\x18\xa2\xcf\xc0\x818\xed\x9c\xb3 \xdf\
\x1c\x08\x0c\x9b\xa6\xc2H:!\xe5\xa7\xf0\xee\x92e\xb8\
\xeb\x86\x9b\x11\x1cl\x83\xe2\xd2\xda\xd0\x22+\x18e+\
\x82\x84\xc7\x88@\x22\xd8\x86\xc6FpY\x84JFY\
\xf2\xeb\xc5m--hjn\xc2\xcaU+\x98\x87+\
\x92\xc7CS\xc2\xc8L\x22\x04\xd7\xf3 F]\xd7\xaf\
7\xc6M\x9e\x00\x97)\x07\x87}\x1a\xcf\x15=\xa5#\
\xd142\x07\x05n\x04\xa9\x04\x05\x14\xb4\xf2\xb8\xc1\xb7\
\x18K\xdf$H4\xb5\xdb\x9aL5<.\xe5c:\
\x027r\xe1\x11\x10\x9c\xd0a\xe9\xa0\xed@3\xeb-\
a\xd4\xb5\x19P\x06Y*y\x89m1\xd8\x85\xeb\xf8\
0\xae\x83\x90\x0a\x1f\x13\x04\xaaz\xd7b\xe0\xb0\xa14\
\x5c\x0f%\xca\x22\x16\x10 \xf8\x0808\x9eA\xba*\
\x8d\x9a~\xb505>\xfc\x1e\x19T\xf4\xabA\xafa\
}1h\xecP\x1cv\xd4\xe1\x988\xf3\xc8d\xd3\xe9\
\xfc\xcb\xe7\xe3+\x7f\xf1\x0d\xfc\xed\xbf\xff=\xfe\xfe\xbf\
\xfe\x19\x7f\xf5O\x7f\x8d\xaf|\xe7\xeb\xf8\xfcW\xbe\x80\
\x8b\xaf\xba\x14'\x9ey\x12\xc6\xb0~\xf5\xc0\x1e@\x85\
\x83\xc0\xb3\x90e<\x5c\x85\x80\xbc(\xad\xa0\x1dC\x87\
\x10\xb1\xcf\x0aXO\xc1\xadt1h\xd4 \x1c1\xe5\
p\x1cw\xf2q8\xff\xd2\x0bp\xd5W\xae\xc6\x97\xfe\
\xec\xab\xff?\xf6\xde\x03\xd0\xaa\xe2Z\x1f\xffff\x97\
s\xce\xadt\x01\xa9*bG\x01\x01A\xe0\xaa \x02\
\x8a\xa0t\x14\xb1wc\xd4\xd4\x97\xc4\x97nb\x12\xd3\
\xad\xa8(bW\xec\xa2\x88\x0d\x01\xe9\x9dK\xb9\xc0\xed\
\xdc^\xce=m\x97\xf9\x7fs0\xe5\xe5\xfd\x93\x97\xfc\
\xd2\xd4\xdc\xcd\x99\xbb\xfb\xec5k\xd6\xfa\xd67k\xf6\
9\xe0\xa6\xaf~\x01_\xf9\xde\x7f\xe1\xf6;\xbf\x82\xab\
o\xbb\x9e\x93_\xb30v\xf2\xd98y\xe4`\xf4;\
\xe9\x18t\xe9\xdb\x0dV\x87\x08t\x8e\x84\xe7\x02\xbey\
^T\xb2\x1d\xb9\xe8pD\xe7\xac\x0e\x02\xb6\xb3\xba\xbc\
\x02{v\x16\xb3\xfdQ\xc4\xd8\xdf\x9a\xedW\xb6\x0d\xcb\
u\xa0\x85\x80\x10\x92\x0c5\x89\x90\xac[\xd2\x96^^\
\xfa\x12~v\xd7Oq\xcf\x8f~\x86\xed\x9b\xb7g_\
\x95j\xa8kB\x86\x13^\x96r!yo\x8f~\xbd\
a\xe6\x0b\xbe\xf7\xe3\x1f\xe0\xbbw}\x17=z\xf5@\
MS=\x22\xb1\x08\x84\xa2\x9d\x0a\xd6\xcb\xf6\x9a\xba%\
\x0e\xffSP0\xe9\x98Dm\x13\x1e\xff\xedB\xec\xdd\
\xbc\x8dl\xb1\x07\xe2d\xc0\xb9\xd1\x5c$\xe3\x09\x80\x81\
AJ@)\xc1\xcd\x90\xdd\x19@\x8b\x00B\x01\x060\
\x1b\x1b\xeb)k\x9c\xae\x11\xb26>'\xa3\x91\xaao\
\xc3\x81\x9d\xfb\xc9\xc4\x1f\xc2\xa6\x8f\xd6\xc1b\xf0\xa0\x94\
\x88Z6\x9a\x9b\x1a`j\xa9\xa7l\xb9\x0c\x0ci\xe1\
\xe3\x8c\xb1\xa3p\xfe\xd4\x0b9\x92\xe9\x8f\x08\xd9k\x0d\
'L\x9f~\xecI\xbc\xcb\x9c\xb3d`\xc8e\xea\xce\
\xbcy\x11oM C{)\xec\xda\x0d%U\x15\xb8\
`\xceLL\x9c~\x11D,\x8a\x90#\x12\x0f\x9ar\
\x80`\xeeC\x99\xd8@]\x9b4_\x0b\xdb\x93d\xfa\
\xcb\x89F)\xb7\xf2\x92\xcd\x8d[\x8b\xf7\x14?]\x5c\
\xb6c\x85\xf1}|F\x17v\xcbgT\xf2O\xc4\x9e\
6mZ}Mc\xe3\xb2\xda\xba\x9aW\x03\xcf\xab\xd6\
\x9e\x17:\x91\x08\xcc\x90I\xb1C\xcde\x01'3R\
\xcc[\x1aK\x0c\xc8\xdc\x02cf\x8e\x8bN\xbd\xfb`\
2;\x7f\xec\x84q \xbdC^\xe7\x8ehI&\x99\
\xa3\x0b\x91\xdf\xa1\x032i\x1f\x82\x86\xbe\x7f\xff\x01\xbc\
\xfe\xfak(\xdb\xb7\x1b\xe9T\x1b\x8e<\xf18L\x9f\
=\x1b#F\x9e\x81\xbc\xc2\xc2\xec\xf5I\xcev\xd7\xd4\
\xd4b\xfb\xb6\x9d\xb8\xf7W\xf7b\xf7\x96]p\x05M\
6\x03\xe4\xc9\x08r\x11\x81\xc3\xdcf\xa1\x9b\x8f<\x02\
\xb1\xc54\x84\x82\x0dW\xd9\x9c\xb4\xdb\x92\xfd\x86\x9bm\
\xbc\x84\x8e\xec\xba.\x0d\x9c\x86(\x00aI\xc4\xc9l\
\x8f\xec\xd3\x1b\xc7\x9dp\x1cB\xf6\x98T\x16<\xcfC\
H`6m\xd2\x5c+\xca)\x85\x00\xd3-8TZ\
\x8e\x15o-\xc7\xc1\xfd\xa5H\xb4\xc6\x85 \x00X\xf4\
6\x8b\xd7\x90F\x81\xe4\x09\x16\x9f\xa5x,\xd5\x96\xc2\
\xb6M[\xb0s\xe7N\xa4\x12\x09(\xa5@\x5c\x83\x09\
X6A\xc1b\xf1Y\xbfyF!\xdb:`\xc0\x00\
\xe4rh\xa8\x08z\xe6\x5c\xd6G\x8c\xd3P\xd6\x08\x9d\
\xc8\x94\x8c\xc9\xa3g\x0b\xf3\xb3\x1cr\xfb\xa1\x07-C\
\xc8\x88\x05\xb7 \x063\xcbo\xe7E r\x1d\xb8\x9d\
r\xd1}@\x1f\x9c:z8\x8a.\x9c\x80\x8b.\xbf\
\x04W}\xf1\x16\xfc\xd7\xf7\xfe\x1b?\xb8\xe7'\xf8\xee\
O\xef\xc2\x97\xbf\xf5u\x5c\xf7\x85\x1bq\xf1\xbc\x998\
\xea\xf8\x01\x08,\xea\x84y\xc8\xdc\xce\x05\xb8\xec\x9a\xcb\
\xf1\xcd\xef\xdc\x89\x1f\xfd\xe2\xa7\xf8\xfa\x0f\xef\xc4\x17\xef\
\xfc*\xae%\x80\xcf\xb8\xea\x92\xec\x04\xe0\xf0sF\xe1\
\xa4\xe1\xa7\xa2s\xefn\xc8\xedV\x80h\xc7\x1c\xd8\xf9\
.\x04'7u\x04\xd0\xae\x80\x22\xe3\x8b\x14\xe4\xc0\x8a\
\xb9\xdc\xa7n%\xe0\x0b\xcd>\x08\x91W\x90\x07\xc6L\
\x98\xa5\xf6P\x1d6p\xb2\xcb'\xab\x94\xd2\xe2HJ\
CR\xb7F\x8f\x9a\x17\x85\xd4\x93M\x00\xb6#\x0e\x8c\
=\xd574\xe0`e)<\xfeK\x93m6\xc5\x9b\
\xb2L\xf6\xc8\xfe\xbd\xd1w\xe0Q\xb8p\xf6t|\xe5\
\xdb\xdf\xc0\xec\xab.#\xe3?\x02\xda\xb1p\xf2\x90\xd3\
\xd0\xa9K\x17x\x1c\xe9@\x0a\x08a\x0a\x05\xe2\xb6\xfe\
}\x91\x90Ph$\x80\xef\xd9\xb5\x1b\xcb^{\x03\xb5\
\xbb\xf7 ?'\x17\x1eYaN4\x0aA\x81\x05\x83\
\x80 \xf1\xd0\xacK3\xf7\x10\xea0\xdb\xaf\xad\x04\xc1\
\xfc\xbc\x0e\x88\xc5\xf2\x91[\xd8\x11\x8amIq\x18\xbf\
\x89\xf9\xd7\xdf\xfc\xf2W\xd8\xcf\x94Z:\x91BH\xa0\
\xb4hk>'\x19M\xca\xc3\x8dDP\xd8\xb3\x1b\x0e\
\xd4Wa\xfc\xd4\xf3q\xed\xad7\xe3\x88\xde=!\x84\
\xa0\xfdV\xe1\xa5\xa5/c\xdd\xda\x0d\xc80E\x17\xe7\
(\xc9\xb6\x5c\x80u+\xc7\x85\xb2#$\x0f\x1e\xce,\
*\xc2\xb4\x19\xb3\xd0\xb5_?X.\xf5-%eb\
?\xd0\x86\x94i\x1f\x01W\xb2>\x01\xa0\x03'\xaec\
\x88\xa9\xb0\xc3\x00\x00\x10\x00IDAT\xb9\xb9\xf0\x13\
\xc9\x90\xac\xbd\xaa\xbe\xa6ny[u\xcd\x1b\xd3\xa6\xcd\
\xaf\xe7\xe9\xcf\xec\x87\xbd\xf9\x99\x95\xfd\xf7\x82\xaf]\xbb\
\xb6\xa6\xb5\xb5\xf9Y\x84\xfa\x0daY\xd5!\x817\xe0\
$\x9a\xe9\xbc\x0c\x87c\xe6B\xdb\xb2\x10\x12\xd0\xb4\xd9\
\x91\x02\x16s^\xe6\x9a\x18\x81d\xfe\xd5\xd7\xe24\x02\
hS*\x09\x8b\x9d\xdc\xcc\x1cg\x0b\xc1\xd7aJ\x01\
4o\x9f\xe0\xbb\x9b\x0c\xe7\xc5\xe7^@iY\x19R\
\xb5u<\x0a\xdcr\xeb\x170\x86\xb3\xc2\x9d\xbat\xce\
:i\x0e\xd9kyy9\xd6\x7f\xbc\x16\x0b\x7fs\x1f\
g\xe1\x9fE\xcb\xc1C\xd0-\x1eYD\x1c2EC\
\x22\xeb\xcc\xb5\xf3\x10p\x06\xddg\x0e\xad\xbe\xb2\x16\xab\
>X\x89\xdcH\x0el\x0e\xaf2\x0c\x0e\x92F\x17\xd2\
\x81\x05\x0d2\xc3\xe1\xb3t$\xfa\x1e\xd5\x07\xf9\xcc+\
{\xdc\x07\xd9K\x92 /y\xdeL\x9a\xa4\x993\x8b\
\x92\xe1+HxI\x8f\xf5\xadB\xf9\x81r\xe4\x19\xf9\
\xd9f3\xe4D\x08D\x9c\x08\xcc\x9a\xfe\x07K9Z\
\xf3\x9c\xa0>\x0c\x8b;\xc4I\x99F\xb6+\xe0\x04\x8a\
\xebF`\xea\xf6x\xa16\x17\x98k\xe8\xb8\x82\xcf\xeb\
rD72\xa5\x18\x84\x140\xd7\x189\x03\xcaj\xd8\
p\x1es\x831\x0eqm\x02\xb5\x922{^\x08\x81\
\x80\xce\xee\x85><\xa6YR\x94?\x11d\x90\x12!\
|[ \x8c\xda\x90yQ ?\x02?\xea #\x02\
\xf8\x86\xeeD-\xe4v)D\xaf\x01\xfd\xb3\xff\xdb\xf2\
\x98\xf1g\x11t\xe7p{(\x0a\xbav\x80\x9b\x17C\
A\x97\x0e\x18<\xe2t\x1c}\xe2@t\xe8\xd9\x059\
]\x0b`\x91e\xfb\x1c:\xa7U\x06I\x91B\x1bR\
H\xb2\xa4D\x9a\x7f\xd3H\xea\x14\x12A\x82\x85G\xc3\
\x142L\xfb$)O\x1b\xc1*Ap\xf1\x09R!\
\x03\x8fd\x1bL\xe9Jvf\xda\xe9(\x8b`\x92\xc6\
^\x82\x5c\xf1\xb6\x1d\xec\xcb\x0c\x5c\xad\x10\x92\xd1QM\
\x10\xfc\xe7\x130\xdch\x04BI\x06\xc5\x14\x8a\xc6\x15\
\xc1f\xfa\xc8\xcaq\x91\xd71\x0f\x1dzt\xc2\xf1\x83\
Ob\xa0?\x1f7|\xe5VLc\x80\xe9\xd0\xab;\
\x04\x01\xdfw\x14T~.F\x8e\x1d\x8d\x1c\xe6\x8c\x93\
\xcc\xe1\xb3\x83\x08E\x9a\xa0d\x0a\xb8\x06BvHH\
#\x0e\x0d\xd8k\x89N\x05\x1d\xb1\xea\xbd\x8f\xf0\xdc\x93\
\xcf E\xa0$\xfdG\x84`\xa6x\x9d\xc9\xaf\x1a\xc2\
\x11\x92h\x08\xcag\x8aO\x02RHV\x0a\x8e\xc2B\
\x96\xd6\xdaf\xd4\xd2\x06_a\xee\xf6\xe1\xfb\x17\x22\xde\
\xd8\x8a\x98\x1b\x85k\xb3/\xa8\x934K\x8a\xc5#\x00\
7'[!r\x5c,\xb8\xe9:L\xb8\xf0\x02(\x06\
\x17\xcbqP\xcc\x80\xfd\xc2\x93Oa\x95\xf9_\xb7[\
\xe3\x10\x04ZI\xc0\xad\xa9m`\xdf\x83\xb9\xdc\x024\
\x92}\x1fw\xf2)\xb8\xe6\xe6[P`\xbe\xe9I9\
\x04\xe5\xa4XP\x96\x05)\x04,\xa9`\xf3\xb9\xa6\xa1\
i\xfa\xa2O\xdfM\xb5%B+\x16\xab\x08\xb4~\xb3\
\xa6\xa5e\xf1\x99\xd3\xa6U\xe33\xbe\xc8\xcf\xb8\xfcY\
\xf1\xef\xbc\xf3\xce0\xee\x89\x83\x1b6oy\xac\xb5\xa9\
\xe9\x1d-D\x9d\xb2,m\x22\xb5\xeb\xd8p\xed\xc3\x9d\
j@FY62\x04\x16\x9f\x86\xe8\x90\x19\x98\x97\xdd\
;\xf5\xeb\x83i\xf3\xe7c\xf0\x99\xa3\x91\x91\x02Na\
>R\xbe\x86\x9f\xb5n\x09\x90\xa1\x06\x9c\x5c\xd8\xbai\
3\x9e[\xf2$\x0e\xee\xdb\x07\x87\xc6&l\x1b\xd3\xa6\
O\xc7\x05\xd3\xa6\x22\x8f\xcc8N\xa0\x8e\x18\xa0\x0b\x80\
\xf2}\x07\xf1\xf2\x93\xcf\xe1\xd9\x87\x17c\xc7\xc7[\x90\
\xa8k\x83\xccHd\xb8N\xd7\xb4 \xaabLa\xa4\
\xb0u\xdd&\x94\xed-%k\x02D\xa8i\x83\x82\xa9\
\x82$\x8dP\xd2`\x03\xa4\xbc\x14\x0a;\x15\xa2\x0fe\
\xf4\xcc \x91\xa0`\x9c\x1a\x5cl>_s_\xf2\xae\
\x90\x80!\xc8\xb6Z\xe94\xc5\xdbw\xc1c~ZA\
!F\x86aI\x1b\x01\x87\xbc\x82\xc0+!a\x8c\x9a\
\x0cH\x98m\x87\xe7#n\x0c\x0d\xf5\x8d\x1c\xfe&A\
M\xc1\xbc\x0f\x09\x02O\x9aF\x1f\x12P-\xea\x10t\
\x0a\x9f\xdbQN\xf2D\x22\x04H:\xa1\x01\xdb\x90\xcf\
\xf7\x0c +\x89\xce\xdd\xba\xc00]M\x90\x15d\x8a\
\x96\xa5\xa8'\x1b\x96c\x01\xb6\x04\x1c\x09m\x0b0\xd3\
\x01\xdf\xd2\xd4u\x88\xb4\x0a\xd1\x06\x0f\x8d\x1cA\xd4\xb7\
5\x031\x0b\x9e\x0d\x98c\xe6\xeb\xcb\x890\x03\x8f \
\x1c\x10\x84C[\xa3\xa6\xb1\x06f\xf8\xdd\x92n\x83)\
\x9a\xd7\x0a\xf3\xfb\x05\xac#e\x05H*\x0f\x09\xcbG\
\x9a\xdb\x81\x03\xe8\x88\x00\x22\x0a2z\xb8\x08\xe6\x9e\xa5\
\xd9\xa7,\xc2\xc8Dy\xa4\xad\xa0L\x1b\xd9\x86\x90\xfd\
o\xda\x1c\xb2/B\x02[!A-\x8fCv%\x14\
\x04m\xa6\xb9\xae!\xdbg~[\x1a1\xe50\xf7(\
 5\x0b\x01\xc3\xe2\xfcA\x82\x01;\xc9|j\x86:\
\xe9w\xecQ8\xf3\x9c\xb1\xe8\xd0\xbd#F\x9e3\x1a\
_\xfa\xc6Wp\xc3\xed\xb7\xe0\xac\xc9\x13\xd0\x91,\xdd\
\xa7\x8ci\xcah\x80?\xc3\x80\x94\xf6\x92\xe8\xdc\xbd\x0b\
\x86\x0e\x1f\xca\xc0\x16a7\x85\x9f\x14M\xb0\xd5\xb4\x07\
d\x0b\xbb\x01\x9ay\xd6\x027\x17i\xa6\xc1\xe2\x8d-\
0o4,\x7f\xe5\x0d\xf8)\x1f!\xd3\x17\x94\x96r\
![\x14\xfb\xce\xb1,\xd8\xec\x0f\x01\xd6\x91\x09\xc1\xc1\
\x07\xe2\x0dq\xd4U\xd5\xe3\xc9\xc7\x9e\xc2\x0bO\xbf\xc0\
\xfb|\x80\xf5z\x894\xcf\x07d\xc21(uX7\
I\x06\xcb#\x8f\xea\x87\xb1\xe7\x8d\xc7\x05\x1cq\xa8\xdc\
\x08\xe2L\xe3\x95\xec+\xc1\xd3\x04\xdc5\x04\x5c?\xed\
\xc1\xa1NB\xda!\xa4\x82\xcb\x94\x1dl\x17\x0d\xcc\x19\
\x8f\x1e7\x1e\x86\xdct;\xfa(\xb6\x09\x90990\
A*E\x9f\x11B\xf0\x98icH\xeb\x0ca)\x01\
\x97\xfd\x11xi\xed\xb8\xee\xa1L\xbc\xed\xe3\xad\x9b\xb7\
,\xacij\xda/\x04\x0d\x0b\x9f\xedE~\xb6\xc5\xff\
\x83\xf4EEE\xa9\xe6\xb6\xb6\x8d%\xfb\xf6=~\xa8\
\xb2\xf2-\x0d4\x11\x14\xe8\xff!\xf1B@\xf0R%\
%|\xce\xaej\xb3g\xb6yL\x92\x99\xc0\xb2\xd0s\
\xc01\x98s\xd5\x15\xcc;\x9e\x01\x905j\x02Z@\
\x13\x90\x04\xe9\x18\x9d\xce\x22\x80\xd1G\xb0~\xd5\xc7X\
\xf6\xcak(\xe7\x10\xbe\xe1P-\xecXN\xf6\xb5\x97\
\x0b/\xba\x08}\xfa\x1f\x0d\xc1\xba\xe2\x1c\xaa\x196\xe1\
q\x98\xf5\xd1\xbb\x1ff\x7fp\xfc\xfe\xbb\x7f\x89\xa5\x8f\
<\x89\xd5o\x7f\x88\xdd\x1b\xb7\xa3d\xfb\x1el^\xbd\
\x1e\xab\xc9Rl2&3\x9c\x134\xd6\x5c\xd6\x17\xd0\
\xb9m\xd7\x81\x113\xc3\xc9\x90Hn\x14\x1d\xbbuf\
^\x8c\xce \x02\x92\x19\x0f\xd2\x96\x08\xc8\xac@\x87w\
\xe8\xeci>K\xb3m\x15\x94\xab\xc90\x0c\x02f\xdc\
|\x8b\x8a\xe7\xf2YgH\x90\xf4\x09\xccR\x1e\xeer\
b%$\x1dCJ\x81\x90\xf5x\x0cD\x8e\xe3\xd21\
-\x06\xa5L\xf6\x5cH\xe0\xd0\x00\x1dOr_\x82\x06\
\x0f\xc7\xb6\x11\xa3\xc3\x08)\x01\xde\xab,\x95\x95#\x80\
F\x01\x03\x8fO\xf9\x02\xde\xe7\x93\xd9\x06:`\x98\x08\
\x19\xbc\x02\xca\xecg\xd7\xa0C)\xdb\x02\x04`\xda\x96\
f\x9a\x84M\x80\xc5\xf6Z\x11\x17is\x8f\x02\x94K\
\xb0\x8e\xba\x10\xb6\x22\x1b\xf5a\xbe\x91\x97f\xaa\xa2-\
\xd9\x06\xf36\x01\x94FCs=\xca\xaa\xcaar\x95\
 x\x86\x96F\xc8\xaa\x03\x82\xb4G9R\x9c\x9d\x8f\
\x13\xcc\x9b\xe2MhI\xb4\x22\x9e\x88#E\x06e\xea\
\xf1\xa9WM9\x05\x15aC\x22\x22\x1d8\xb0`\xb3\
/T(aq-)X\xa7\x0e\x9d\x90\xcb\xe0L\xd4\
c*\x01\x04\xb5\x0c\xf6\xee(FUY%(%\x1f\
k1Xr3\x04\x81\xc2E\xca\xbc\xfdA\xd5\xb8\xec\
\xb3\x14\x03\xc6\xe4i\xe7\xe3\x96;n\xc5t\xe6\xb1\x07\
\x0e:\x1en\x9e\x03_\xb3\x1f\x1d\xc1\xc0\x9e\x02,\x01\
0h\x84\x94\xdf\xf4\xa9K\xb6;\x86lW\xf00\x18\
\xbc@\xf94\x8bY\x9bb6\x05\xe52\xb2\x05\x1c\x81\
\x09\x1f\xe8\x90\xdb\x01-\x0d\xcdx\x93\xa0\xbbn\xd5\x1a\
\xa4\xe3)\xca\xaaY\xb5\x82--X\xecg\xf5\xbb\x22\
$\xc0\xf9\x86\x80\x93\xadM\xe5ux\xf2\x91\xc7\xb1\xe2\
\xf5\xb7\xe0\xc2f\x9b%\xc1<\x80\xadl\x08!\x90\xed\
\x1b\xf6\xaf\xa4|\xc7\x0d:\x05Sf\x5c\x8cI\xd3\xa6\
\xc0#\x00\x1b;\xd8E\x86\xfb\xe4\xe3\x8b\xb1m\xddf\
d\x98\xa6\xb2\x85y\x16\xeb\xa1\xcde\x02\xc0\x8a\xe5 \
\xcd\xe7\x9d:\xe2\x0c\xcc\xbb\xf2\x0a\xf4:\xfe8h\xda\
6\xcd\x1c>\xfb]\xd2W\x14\xed\xc9\xf3=H)a\
\x09\xc9(\xa9\xe1s\x94\xca\xb6\x86\xae\x1bin\xaa=\
\xf4\xc1\x9e\xe2\x9d\x0f\xe8H\xe3\x96\x89\x13'\xa6\xf19\
X\xd8\xca\xcfA+>i\xc2\xb9\xe7\x9e\xdb\xd6x\xf0\
\xe0\xca\xb2\xd2\xd2G\xe3MM\xcb\x95e5\x84a\xc8\
\x8e\x0e\xa0\xb9\xfe\xe42\x18F\xa2\x85B\x9a\x06\xa0-\
\x1b\xda\xa1#\xd0\xc8\x0c\xf0^4o\x1eN\x1f=\x06\
.\xf3\x96\xb0\x1d\x10\x8b\x08\xd4\x1aD\x8f\xec\xecl.\
#\xf9\xfa\x0fWc\xd1o\x1f\xc0\x81\xe2\xbdH\xd6\xd6\
CJ\x0b\xe3'N\xc2\xc5\xcc\xf3v\xe5D[\x8c\xf7\
\xc6\xc9x\xa4\xb2\x11q\xa2H\xb7\xa4\xb0{\xd3N\xbc\
\xf9\xc2\xabx\xea\xe1\xc7\xf1\xdb\x9f\xfc\x12\xbf\xfe\xc1\xdd\
X\xfa\xe4\xf3\xd8\xb7\xad\x98\xe6.\x11\xb3]>#\x84\
\xa0\x90JJ\x1a\xb6\x07A\x80\x92\xb6D\xc8\x83\xd1\xdc\
\x1c(\xc7\x02\x1fF\xc7N\xc1!H\x19c\x0dM\x1b\
\xc8\xca\x1c\xcb\xca\xb2\x93\x03d\x1e\xf5u\x94\x89CO\
ij\x0b\xc1\xf6\x87P\x90\xb0\x94E=h\x18\xb0\x16\
R\xc0,\xc1'\xf7w\xee\xd4\x191:\x89G`v\
\xa9\x0f\x08\x01\xc5:\x8d3\x98k\x8c\x1e\x95\x94\x10\x04\
h\x9b\xc7\xf1\xc9b\xae\x09\xa1!\x94D~\xc7\xc2\xac\
\xac\xc2\x91\xd0\x06L\x14\x9f-\x09\x84\xc2\x5c\xc1k\x84\
`\x9e<\xcd\xbcx\x12B\x03\xb6\x90tt@2X\
H\x8e,\x04\xdba\x9ee\x86\xb2)\x0ei\xd3\x1cb\
\xfbtH\x01\xc0Q\x0a-\xcdMhh\xa8g\xa5\xa1\
\x8e\xb0\xfd\x9a\xa0TW_\x0b\xa1@L\x0c\xb2zI\
y\xe9\xac\xee4\xd1I\xb1\xbd\xae\xe3\x22\xca \xea(\
\x1b\xae\xd9'\xb8\xba\xc2!\xc8XY\x80\xb5\x08\xb0\xd2\
\xd3\xd0\xe6\xeb\xccd\x896AL\x91\xedi\xa6iR\
\xcc}\x1a\xe6g\xb1\x03$\x8f\x9b\x09V\xb3_\xb6\xff\
 \xb6o\xdc\xc2\x14Q\x8aZ\x95\xb0\xd8\xff!\xf5b\
\x9e\x99\x93\x9bKYB\xa4)w\x06>\x0a\xbbtD\
\xdfc\xfa!V\x90\x07\x13\x08<\x1e\x13\xae\x82\xd1\x0f\
\xbb(\xfbn\xb3y5,Cv,-\x1e\xe7\xbag\
\xcf\x1e\x183\xfaLH!\xa0\x00\xaeM\x11\x5c\x1f.\
\xc2\xe8MX\x8c;\x0aF&E\xf9\x1c\xb6\xa9\xb6\xf2\
\x10\x96\xbd\xfa&\xb6m\xa0l\xa9\x0c\x14\xfb\xde\x00\xa1\
\xe4\xf9\x90m\x22\xdaS\xdf\x0aq\xa6\x14\x8a\xd7n\xc7\
\xc3\xbf|\x00k\x96\x7f\x84\x1c\x19\xc9\xfe\xa6\x83O\x86\
\xec\xda.\xa4\x14\xb0\xa8_\xc3n\x9d\xdc\x18N>}\
\x08\xc6O9\x1f\xa7\x9e1\x02\x8a\xfd\xd0\xccQ\xd1F\
\xa6\xd0\x96<\xbc\x08;\xd6oF\x8er\xb2\xa9\x16\xa3\
K\x9fh\x9b\xe6\xb3$GC\x9e\xb2x\xcf\x19\x98{\
\xd5U\xe8\xd6\xb7\x7fV/\x8c\xea\x10\x04\xda\x0c\xf5\xc3\
\xeef}6\x84P\xa0\x09e\xed\x92\x06\xcam\x8e\x9f\
tP\x9fH&>\xdc_R\xb2\xa8\xa2\xa9\xe9\xc3!\
C\xceO\xe0s\xb2\xc8\xcfI;~\xdf\x8c\xa2\x193\
\xe2I\xadWm\xdf\xb5\xf3\xb1\xa6\xba\xfa\x0f\x94\x92M\
\x9a\xceiJ@\xe0\x15\x90P\x96\x0dm\xd8\x02\x8d\x22\
\x14\x12\x9c\xd3\x02hd2\x16C\xef\x81\x030\xfd\xb2\
K1l\xcc\x18\x1es\xe9\x1c\x16\xf1V\x004`\xe3\
\x9c\xa4'\xb0\xe9\xa8\xbb\xb7\xec\xc0s\x8b\x9f\xc2\xbe]\
{\xd0x\xa8\x86\xc0\x06\x9c6l\x18f\xcc\x99\x83\x13\
\x06\x0d\x82am\x19>OZ\x16\xcc3a\x1c\x9b\xc3\
\xbaTK\x02\xf5\xd5u8TV\x8d\xa6\x9aF\x844\
R\xcd\xe3.\x0d\x97V\x09\x8f\x0cU\x08A\xa0\xf7\x8d\
\x1dBZ\x8a\xeb\x10\x16\x0dUH\x81\x80m\x91R\xc2\
\x14\xad5\x84\x100\xc0k)\x1bi\xe6vkkk\
\xd1\xc6\xfc\x99\xa2sD\xc9\xe2y\x0b\xcc\x10\xcea\xfb\
,\xdb\x82Op\x90J\x817B\xb3Y\x86\x95\xda<\
wD\xf7#\xe0rm@\xce\xe2ys\xbf\x01g\x8b\
\xcf\x074\xccb\x8c%C\x86\x92f\xdeY\xd3c\x0c\
\x10\x9b\xfb-\xb6\xd1\xa6|]\xbau\x85\xa9\xd7\x0c\xad\
}*\xcc\xa3\xe6|\x96\xf0\x93\xfb\x0d\xd0\xba\xcaB\x84\
\xb2F-\x17\x11a\x81\xa8\x03\x9b\xba\x89X\x11D\xc8\
.\x1d\xc2L\x84\xba0\xaf\x19E,\x07\xae\xb4\xc1\xab\
\x002\xf5\x0c\x03\x99\x9f\x22;\xf4\x03\x11\x12\x9c\x0c#\
2\xdfzb\x97BQ\x0f.\xaf\xb7x\xb5d=\xf0\
A\xdd\xb2\xd32\x94\x9d\xcc\xceb\xfe\xd2\xf2Uv\xd6\
\xdf\xf2\x00\x99\xd2\xb0\xd2\x00\xc8\xf82\x8dmH\xd64\
\xa1f_\x19\xf6s\x02t\xfb\xc7\x9b\xb0\x86#\x94\x15\
\xaf\xbc\x89w\x08b-\xb5\x8d(\x8c\xe5\xc1\xa6\x5c\xa6\
\xaf\x12\x04\xe3\xdd;w\xa1\x8e\x13\xa7JHH\x96\x90\
\xa9\x08\xd3w\xae\xeb\xc2#\xcbOd\x18Xl\x85\x08\
\x87\xe1&u\x10Z\x02\x01\x15\x90&K\xccd\x8b\xc7\
\x11\x05\x05\xe0}Q\xc7\x85K\x9d\x08\xf6\xad\xe9\x93\x0c\
\x87\xdc\xbd\x8e\xec\x09v3\xfb]!$#\xa7\xc1B\
P\x5c\xa3s\xb36@\x1fe\xeeU3`\x99a}\
T\xb9\xb4K\x81\xb2}\x07\xb0\xe2\xcd\xe5(/)C\
h\x980\xd3J2\x00\x09\x03u\xc1u\xe3\xa1z|\
\xf8\xc6\xbbx\xe6\xa1\xc5\xd8\xc7\xb6\x16\xd89p\xa8\x1b\
\x87\xc0'\xd8\xa7\xd9@\xc7\xe7I\xd7FW\xe6^\x87\
\x8c\x1c\x81\xc9\x17O\xc5\x89CNE4?\x1f\x0dL\
\xaf\xbc\xfb\xda2<\xb5\xf01T\xed=\x80\x1c\xe6w\
\x14ulF\x0a\x92Q\xc4\xb2\x0f\xfb\x8c\xc54\xd4\xd0\
\xd1\xa31c\xc1\x02\xf48\xfah\x98t\x82$\x10\x0b\
\xcb\x02X,\xd7e\xbbB\x086\xd2\xe8O\xd3Wx\
\x00\x81\x1f\x84\x0c\xea\x0d\xad\xcd\xad\xabv\xed\xda\xf1\xb0\
\x1f\x8f\x7f`\xc8\x14>G\x8b\xfc\x1c\xb5\xe5\xf7M)\
**\x8a\xc7++\xdf\xab\xa8([\xdc\xd2\xdc\xbc\x12\
R\xb4\x84:\x84O\xc0\x08\xc8\xec\xd2dQ\xa6\x935\
\x8d\x0c4e\xdft8\x81&T\x12\x81c\xa1s\xaf\
\x9e\x980\xfdb\x9cq\xf6Yp\x0a\xf2\x91\x22\xb8A\
*\xe6\xc7\xe8D*\x02\xe3\xc0\xae\xb6PYR\x8a'\
\x1f}\x02\xab?X\x8d\x96\x968\x22\x1c\x86\x1eo\x86\
a\xb3ga\x08'\xe6\xacX\x84C\xe3\x00\x16\x99\xa3\
E\x87\xcd\x1a%\x81\xc68\x8bM\xe0\x0f\xc8*\x8d\xd3\
Z4x\x8f\xf90\xc5\xb5\x80\x84Yl\x82\x98YK\
\xcag0\xcb\xe3\x90+\xa4\xbc\x86Q\xd9d\xe0\x9e\xb9\
\x972\x0b!(\x1a\xe5\xa6\xa3\xa49\xb45m\xe3!\
X\xb6B\x86\xed4\xdbZh(\xd36^c\xaaS\
\xb6\x85\x04\xc1\x8b\x04\x08\x92\xed-\xec\xd4\x01\xbd\xfa\xf6\
\xa6\xfcQ\x98\xc0\x94\x1d\x22S_!\xf5b\xf4%\x04\
\xa5`E\x9azH\x13\x10Z\x9b\x9b!\xb9/\x84@\
\x90\x05q\x09EG\xea\xd0\xb1#\xb1\x8ez\xa6\xc0\xa1\
\x224(\x09\xcdk\x84\xa0\x8c\xa6P~\x9f\x0c\xacr\
\x7f\x19Jw\x97\xa0\xad\xb6\x09\x1e\x01\x0f\xad\x1eD<\
\x03\xc1\xc9E7Tp\x05\xa1\x93\xa0I\xba\x08\xc3:\
\x1d\x0aj\x11|[\xea\x9ba\xd8\xa7$PI\xd6%\
\xd9\x975UU\x80\x1f\xb0o\x00\xc1\xe8)\x03\x01\x87\
\xc0\x9b-\xec#W\xd8da\x16\x90\x08P_^\x83\
\xca\xbde\xd8\xb3\xa9\x18\x1b?\x5c\x875+Va\xf9\
\xd2ex\xf5\x89\xe7\xf1\xe2#K\xb0\xe4\xbeG\xb2\xbf\
\xd3\xf04\x01\xe5\x99G\x17\xe3\xc5%\xcf\xe0\xbde\xef\
 \xd1\x14G\xd4\xa6n\xc8\x04\xa5Vp\xd8\x97\x15\xa5\
\x95\xd8\xb7\xa7\x04\xa1\xc7\x90B\x96n+\x0b\xc6\x9e\x8c\
\xfe\x0d\xf0\xba\x11\x87a' \xb9\xf4\xa1\x1c\x05\xcd\xb4\
I\x9a\xe9\x11A\x901\x81MI\xca\xc96E)\x9f\
E\x99\x15\x04Z\x1b\x9bQ\xb2w\x1f\xde]\xb1\x02k\
>^\x0d\xa9\x00I\xb0\x16\xd4\xa5\xe6hA\xf0\x1e\xcd\
Z\xc3O\xfaQ\xb3\x7f$\xf5j\x02\x94\x01_\xc3h\
Ay\xccD\xdf2\xa6\x1a*\x0eT\x02\xa1\x05\x8bs\
\x12\xc6f\xab\xf6\x97\xe3\xedW\x96\xe1\xf5\xe7^Bc\
\xf9!D\xa9\x1f3\x94\xb3\xa0\xa8?\x01\xa9$\xdcX\
\x14l :t\xed\x84\xa2\xf3\xce\xc5\xe4\x8b\xa6\xa2\xff\
\xb1\x03\xe0\xe6D\x99R;\xc8T\xc42D\x8b\x89s\
\x00\x00\x10\x00IDAT\xbc\xf5\xe2\xab\xa8;P\x81\
\x08\xeb5\x01\xd3\x0e\x00E\xc0\xf5\xd8\x0fi\xda\x88\xcb\
\x09\xd5!\xa3\xce\xc4d\xcew\xf4\x1a0\x00\x82u\xfa\
\x0c\xde\xec%h6*`\xdf\x19=@\x8a\xec\xa8\xc4\
g\xaa'`P\xd5l\x90\x94\xa29\xde\x1a\xff\xa8\xb2\
\xbajq\xba\xa1\xf9\xdd\xe1\x13'\xb6\xe0s\xb6\xc8\xcf\
Y{~\xdf\x9cq3f4\xb7\xd5\xd7\xbfSV~\
pq}C\xc3\x1a\x82U\x93\x14\x12R\xb2\x08\x09%\
%l\xa5\xc0\xe3\xf0\x08\x1c\x014\x12\x04-A@R\
\x04\xcb^\x03\x8e\xc6\xc4\x99\xd3q\xd6\xc4\x09\xc8\xeb\xd2\
\x09)c(dR\x82\x06\x1a\x92\x99\xe581X\x04\
\x83]\x9b\xb6c\xd9\xabo`\xd5\x07\x1f\xe0Pe\x05\
\x8c\xd1\x1e{\xe2\xf18w\xf2y\x18{\xceY(\xa4\
\xf1\xb61\x8f(\x14U-\x90\x05;\xe3\x94!\x0d\xb4\
\xb5\xb5\x15\x11\x13\xfd\x01\xba\x1c\x8bf\x018\xf4\xe6\x85\
\x87\x8f\xc0\xe63\xcd\x1b\x05-M\xcd\xf4\x05\x9b\x93\x82\
tf\xcak\xae\x90lCHp\xd4\x94]*\xc9v\
\xf8tI\x0d\xf3,\x8f\xc3\xb7,+\xb6\x14,\xc7b\
~.\x0d3\xf4\xd6\x8aW\xd3\x91=N\xdc\x04\xcc{\
*\xd7F\xaf~\xbd\xd1\xff\xb8\x01t\x08\x00J@X\
\x92\xac9\x89\x02:\x8fa\xb5\x82\x87\xc1\xf6\x9b a\
\xe4\xa0S \xa4\xc3\x83\xc7\xf8h\x02\x0a\x90\x93\x97\xcb\
\xe7\xd8P\x04_\xcd\x1bB\xde\x93-\x1a</ \xf9\
\xcf\x12\x0aM\xcc7/{\xe5u,\xfc\xd5\xbdx\xfc\
\x81G\xf0\xd2\x92g9\xe1\xf8<\xde\xe2\xa4\xe3\xda\x15\
+\xb1a\xe5\xc7(a\xca\xa5\xf6`%\x92\xf5-\xd9\
\xff\x099\xd3\x92D\xc8\x89\xab\x96\x9a\x06\x84\x09\x024\
G\x066,\x08>\xbf\x89\xcc+ \xc3\xb7\x84\x9d\x05\
\x0e\x15J\xf6\x8b\xfa\xa4p\x9b\xb3v\x8a\xa5\x86\x80\xfb\
\xca\xb3/c\xd1\xfd\x0fc1Au\xf1C\x8fa\xf1\
\x83\x8b\xf0\x14\xc1v\xd9\xcbo`5\x99m\xf1\xe6m\
(\xd9\xb1\x07\xe5{\xf7\xa3\xba\xb4\x02\xad\xcc\x93J\x02\
j\x8c)\xa2\x16\x02bH\xd6\xe8\x92\x95\x82 SS\
u\x08{w\x16\xa3\xa1\xa6\x0e\x92\x0d\x8d\xd8.\xe5\x01\
|\x06v\xf3\xce\xb6\xd1=hgl>\xcc\xe2\x11T\
\x5c\x06K[\xd9\xb0\x09\xda\x92rF\x18\xc0u2@\
\xf9\xee\xfd\xf8h\xc5\x07\xd9\x1f\xf7^x\xef\xbdx\xfe\
\x85\xe7\xb1u\xc7V\xa4\x83\x0c\xd2\xcc\x0b\x0b[0x\
\xfb0}\xa6\xd8\x97\x16\xfb\xcc\xd4\xf9\xc7E\xf0A\xa6\
(\xca\xe21\xbfj\xde\x197\xb9\xdaZ\xb6;`\xea\
d\xef\xd6b\x98t\xd6\x8a\xd7\xdeB\x92\x81NR\x87\
\x8a\x1deJ\x10P\xa7J\xc30q\x9f6q\x14m\
a\xd2\xd4\x0bPt\xce\xd9\xe8\xd6\xbb\x17\xd8\x5c\xec\xdc\
\xb1\x0b/<\xf7\x02\xdez\xf9u\xa4\xeb[\xe1\x10p\
\x95'\xa8g\xda5\xfd EV\x1d*\x0b9\x1d;\
`\xf8Ycq\xde\x0c\xceq\x9c8\x10\x82yyE\
\x1b\xf7i\xb3>\x019\xc3\xb5\x16\x02R*c\x18\x87\
\x8b\xb1%h\x9arX\xd7J\xc0\xad\xae<\xf4DM\
]\xe3;#\xce=\xb7\x11\x9f\xc3\x85\x1a\xfb\x1c\xb6\xea\
\x93&\x99Nkh\xae~\xbb\xa2\xec\xe0#\xad--\
\xab-K\xc5\xc1\x0eV\xect\xd0a\x03\x02\x9f\x01\x0d\
\x8b\x06 \x08r\x06\xb8H: \x1d\x1b\xb0%\x87E\
G\xe1\x1cF\xfa1\x9c\xb1\x8dt,DF)\xa4\xc8\
\xb22\xe6>\x1a\x9aaV\xf9\xd1\x1cT\x1d,\xc7\xcb\
\xcf\xbf\x88\xec\x7f\xed\xce\x89,\xcd\xbcb\xdf\xfe\xfd\xb2\
\xbf\xa70\xf1\xfcI\xe8\xd9\xe7\xc8\xac\xc3\x84J\xc0\x8a\
\xda0 \x1cP\x8e\x18'\xa4\x02c\x84\x9f\xc8\x9b]\
\xd1y@Y~WB2\xda,\xe82\x8f\xa69\x94\
\xb4\x84\x05AV!\xb40f\x0a\xc9:\xb5\xd0dT\
\xe4\x11\x949\xa7 \x97\xf2K$\xc9\xaa\xa4\xadx\x9c\
@,X\x1b\x1d\x17\x96 \x13\x0d\x90\xa13\x0bG\x22\
\xa4\xa3\xd9f\x92\xe4\xc4\x13\xd0\x91\xb9\xc7\x14\x87\xbdN\
\xcc\x85$\xe8\x1a'\x89\xd2Y\x02\x82\x85\xa0#+\xca\
d\x86\xf3\xd5\x15\x95H%\x12\xacJBSv#\xbf\
R\x12\xdd\xbbwG\x94\xb9SM\xc72M\xc8\x16\xfe\
\xe1.\xc0\xb5\xa4\xbc\x8a\xa0k\x98\xea\xc1\xbd\x07\xb0s\
\xcbv\xac~o%\x96\xd1\x89_\x7f\xf1\x15<\xf3\xf8\
\x93x~\xf13x\xe2\xc1G\xf1\xd8\xbd\x0f\xe3\xe1_\
?\x80\xc7\xee{\x18\xcf,z\x12\xaf=\xbb\x14+\xdf\
x\x87y\xf1\x1d\x088\xb3n\xc1b>\xd8\x82\xd4\x12\
-\x8d\xad\xc8~\xd9@*\xee\x8bO\x8a\xfcd-\xc8\
\xc0X\xa0`\x86\xe0[7m\xcd\xbeg[\xb2{/\
g\xedk\xd1F\x06kR\x05>\x19l&\x99\x86\xa5\
l\x84\xec[#\xb3i\x8b%-\xa6{|\xb6\x5cd\
\x19\xadk\x80\x95\xfdo\xf4\x11\xf0\x9e=;w\xa3\x94\
\xf9]M\xc6\xady\x9f\xa4]\x99\x11L\x86\xa3\x12\xf3\
\xbe\xacc\xdb\x9c\xb8Ke\xf5b\x09\x89,z\xb1\x0f\
\x1da\x03\x04\xc2}\x9bw\xe2-\xe6\xf9\x9f}\xecI\
,}\xeaY|\xb0\xe2=\xecb\xda\xa2\xa1\xb9\x09\xbe\
\xd0\xd0\x11\x0b)\xf8p\xf2\xa3\x182j\x18\x06\x9er\
\x02\xac\x98\x83\xb4\xf6\xe0\xb12\xcdk\xb2\xca\xa5\x82\x05\
\x8b\xd4\xc8\xb6[\xd163\xadIlY\xb3\x1e\xcb\xa9\
\xdb\xb5\xef\xaf\xc6\xcbO\xbf\x88M\xab\xd6!N\xc0\x94\
DQKJ\x189\x0d\x0b\xcf\xeb\x90\x8f\xd6t\x1b\xe0\
J\x8c\x18;\x0a\xd3\xe7\xcc\xc40\xe6\x94\x0b\xbbvA\
[K+6~\xbc\x1eK\x9f}\x01\xab\x18\x18\xe2\x0d\
\xadL[\x84\xd4\xbf\x8d\x08\xd9\x7f\x92\xfd\xe1\xd3\x97\xb2\
\x0c7?\x0fg\x9e;\x1e\x93x\x7f\x8f\xa3\xfbCF\
\xa3\x80e\xd1\x163\xb0\x18p\x14\xb7\x8d\xdd\x9b\xd7\xd6\
\x02\xea\xcc\xa6~\x22\x8eKb\xa18\xc0\xb4\x1a\x92\xad\
\xf1U\x15e\x95\x8b\xea**\xdey\xef\xbd\xf7\x1a\x84\
\xc86\x10\x9f\xb7E~\xde\x1a\xf4\xc7\xed1\x9d\xf6\xce\
;\x1f\xd7\xb7\xd6\xd4\xbfUUQ\xf6XcC\xddJ\
\x1ek!Z\x11\xb8BX\x02p\x08\x18\x8al\x11\x1c\
\xb294\x8c\xec\xfb\x91\x04WAF\xe1\xd3\xbb:\x1e\
\xd9\x1d\xe3/\xbe0\x1b\xb9m\x02o+\x87\x89\x9a\x86\
\xd2\xdc\x1a\x87\xa4;\x9a\xfc\xa3C\xe7o\xaem\xc0\x07\
\xef\xac\xc0\xcbd)\xfbv\xef\x861(\x03dg\x16\
\x8d\xc1\x05\xbc\xbf\xf7\x80~\xf0\x95F\xc0\x92\x22\xe8Y\
\x04\xdf\xbc\xc2<2\xd3\x10\xc6y\xe8b\x5cSz\xca\
\xc4\xbf\xd9\x8f`\xfd!\x87\x8b\x1e\x1d\xbc\xba\xa2\x1a^\
2\x03##s\x00\xc82\xcd\xecU\x80`\x1bL\x1d\
\x9d\x8f\xe8\x8a^\xfd\xfa@\x10l\x9d\x1c\x17P@\xc6\
K! \xab\xf5YL\x83-:\xb2Ys\x94L\xc7\
\x0d1\xe0\xc4\xe30h\xd8`^\xab\x11\xc9\x8b!\x19\
\xa4\x08\xd4\xe4\xfdD\x1e\x8f\x0cR\x0a\xba3u\x03\xee\
776\xe1\xe0\xfe\xfd0\xdfXS<.\x84\xa0\x0e\
@]\x0at\xed\xdc\x85m\xb6\xb2r\x09\x02\xac)\xa6\
Af\x9d-l\x8b\xe4\xf1\x9aC\xb50E\x1b\xf0\xe2\
>cO\xf6\xfe\x96\xe68G\x0a\x87`\x86\xc0\xfb\xb6\
\xed\xc6\xf6u[\xb0\x96i\x9b\xf7\xdeX\x8eW\x9f\x7f\
\x05\xcf\x12\x90\x0d{33\xf3\x8e\xe0s\xc8@\x03\x96\
x\xbc-\x9b\xda\xf1\x19\x00\xf8\x08#\x0c\x0b\xa3\x84\xd0\
|<\x8b$\x12q\xbbC\x87\x0e\xc8/\xcc\x87\xa2\xe3\
\xc7\xdb\xe2Hp\x92Nr\xdb\xe7\xd0\xb6\x95A\xc4\xe3\
5\x81\x14\x08\xa9\xcbX^\x1er\x98\xbf\x0c\xd9>\xe5\
8 \xa6@)\x0b\x8e\xc5m\xe6\xe0-\xb6\xda%@\
\xd7\xb0OJ8\x99\x9a&\xf0h\x82\xa9\x01V\xd7\xb6\
a~7A\x19\x1b\x02\x17\xea\x8d\x1c\x0e\xa6\x0f-\xa1\
\xe0s\x82n\xff\xae}x\x8dmz\x8al{\x19\xd7\
\xdb\xd6nb\xe0\xae@\x0bG3i2\xe5@\x86\x08\
,\xa0K\xef\xee\xd9\xd7\xcb\xe6\x5c}\x19\xe7\x19\xe6`\
\xd4\xb9cQpDGhGRN\x8dP|b;\
\x82\xcf\x01\xdb\xc9\x95\x0c\x05\xb2\xc5\x07\x01\xb6\x19\xeb\xa8\
\xc3\xe7\x1f\x7f\x0a\xdb\xd6n\x06\x92!\x5c\xd8\xf09\x0a\
2\x8c\xd6\xcd\x8d\xc0\x97!\x1a\x93\xcdL\xa9\x1d\x81s\
\xa7N\xc2\x85\xf3fa\x00\xf3\xb7\x91\xa8\x83\x04\x01w\
\x0d\x03\xc1\x0b\x8f/A\xf1\xba\xcdPi\x8d\x88\xe5B\
\xb1$\xcd\x0c3u \xdc\x08\xab\xd5(<\xa2\x1b\xce\
\xb9\xf0\x02L\x98v!z\xf4\xeb\x0b+'J\xf9(\
\x13u\xe8X6\x8c\xfd\x80\xddb\x82\x92\xe41\xb3\xef\
\xd3\xbe4\x0d9\xf4\x83\xfa\x86\xfa\x86\xf7k\x0e\x1dZ\
\xdc\xd8R\xb9\xe2\xadU\xab\xea\xee\xbc\xf3N^\x8d\xcf\
\xd1\x92\xed\xa4l{d\xf6\xef_\xf1\xe7\x0f\xb7\xfc\x99\
\x8b\xff\xcf\x0b\xfe\xcc}\x7f\xf7\xe1\xbf\xfc`\xd3y\xef\
|\xfcq}}U\xcd\xb2\xf2\xd2\x8a\xc5\x0du\xb5k\
\xb5\x1f4\x0bz\xbb\xf1GI\x8fr\xe8P\xe0\xbe\xf9\
\xc2A\x943\xf8\x19\xb2\x8b$'C$Y\xa0E\xe3\
\xeb\xdc\xfbH\x9cMc:o\xe6tt\xe9\xdf\x97\x8c\
\xd7b\xfe3\x17\x9a\x06\x9e\x8c'\xd1\xb5Cg\xe4\xb9\
14q\xa8\xf9\xde\xf2w\xf0\xe4\xe2\xc5\xd8\xb4~-\
\xdd@#\x97\xb3\xd6\xa7\x9cv\x0af\xcf\x9f\x83\xd3\xcf\
\x1c\x0e3#l\x00\x17\xb6@mC=\xa4m\xc1\x00\
f\x160\xf0?\x17\xe2\x00l:\xbay\xf7r\xf7\xce\
=h\xaco\x80\xb0]\x04d\xbf4TD9\xf1g\
YV6\xafj\x91\x9dKK\xe0\xa8\x01\xfd1t\xc4\
P\xdaw\x88\x80\xed\xd0J@\xf0\xb8y\xa72\x91I\
\xc0\xb0\xed\x80\xbd\x1e*\xe0\x18N\x1a\x8e\x9ft.\xba\
\xf7\xea\x0es\x9d\x01geK\xca\x13\xc2\xb2$\x9d\xd3\
'\xd0\xd8Pdi>'\xf8*\xca\xcaPY^\x01\
\xb3m\x18\xaeq \x8b c\xd8p\x0e\xf5F|\x81\
\x10|\x1e\xc1TB@\x11\x9c$\xd7\x12 \xb0\x1e\xf6\
;A\xe01oIHi1 \xf8\x94S\xc2c\x1f\
h\x1e\xb7\x94\x03\x9b\xff4\x87\xdc\x92CW\xc1\x09\x1a\
\x8fi\x05S\xe2d\xa5M\x9c\xd02\xafI9t\xe2\
\x90LI\xf0\x09i\xb2\xca&\x06\x83@\x87\x08\x05\x10\
\x12DBvl\xc0\xa2Y\x0c0\x85<\x16+\xc8A\
A\xc7\x02\xd8\x1c\xee\x9a>1\x01\xb1k\xf7\xae8\xf1\
\xd4\x930\xf2\xac1\x18=\xee\x1cL\xe2\xa8\xe6\x9a[\
n\xc2\xf5_\xbc\x15c\xc6\x8d\x03\x1c\x1b\xe6\x9d\xdb\x90\
m2\x0c\xcd\xe3\xb3\x8c.l\xca*\x02 \xd9\xd2\x86\
\x92\xdd{PSY\x05\xc9c\x92\xd7i\xda\x91 \x5c\
\xe4R\x1f&8\xb9\xec?G\xb2U\xc2\xc2\xa1\x8aC\
x\xf1\x99\x17\xf0\xcb\x9f\xfc\x1c\xaf<\xff\x12\x8a\xb7\xec\
\xca\xbeI`\xb3Cd(`\x82\x5c\x84`5\xe0\xa4\
\x130f\xc28\xcc\x5cp\x09\xa6\xcc\x9f\x85A\xe3\x8a\
\x90\xdb\xb5\x10\x03\x07\x9d\x88\xe3)\xaf\x01]c\xa3\x81\
\xd0l\xb3\xc6\xef\x166?\xbb\xa9(\x87\xc5>K\xd1\
6\x0d35)\x06\xcd\xc9D\x91f\x93`\xc1\xe5\x08\
&\x15\x92+\x13\x0b\x03\x96.\xbd\xbag\x9fu\xde\xec\
\x19\xc8\xebP\x80\x90#\x9eC\xcc\x95/}\xe6i<\
\xff\xc4S\xa8\xdew\x10\x22\x9e\x86\x9d\x0e\xb2\xed\x8c\x15\
\x14\x22\x90\x12q\xa6\xe3b\x1d:\xa2k\xef>\x18=\
\xe1\x5c\x9c7k\x06\xf2{\xf7D\x9c\xa4\x22`\xf0\x0a\
(G\x86\x00olT3(i\xf63\xa8\x1b\x97\xe4\
FA\x82}\xa8u\x186\xc6[ZV\xd5\xd5\xd4<\
\x15\xafoZaH\x92\xf1Y|j\x97\xdfi\xf9o\
\x15\xf0\x0f\xfd$\xff\xda[\xffp\xcb\x9f\xb9\xe3\xff\xbc\
\xe0\xcf\xdc\xf7w\x1f\xfe\xbf\x1fl:q\xec\xe4\xc9\xf5\
-\xc9\xda7\xf6\xed)~\xa4\xb5\xb5e\xb5Rv\x0b\
h\x08\x80`\xf7\x0b\x08!\x10q\x1dd\x98\xdfb&\
\x1f\xb0\x154\xd9J\x92\xe0k\x0c4\xda\xa9\x10\xe7L\
\x9f\x86\x0b/\x99\x8bnL\x17\xc0\xb2\xa1\x08\x80\x9dh\
tm\xcd-P4&\x9b`\x93\xc3c;\xb7n\xc3\
\x92\xc7\x1e\xc7\xcaw\xdeA\xa2\xb1\x11\xf9\x9d\x0aq\xfc\
i'\xe3\xa2\xd9\xd31\xe5\xa2)\x1c\xcaw@(\x02\
\xd8\x11\x1b\xf1D+\xfe\xff\x16\xc1\xba\x00\x01I\x16m\
\xca^:\xf7\x8e\xad;\x98\xe3l#;\xb7\x90]4\
\xa0(cH\xc0\xd1B\xa3\xb9\xa5\x19=\x19 .\x98\
6\x05\x03O\x1a\x08\x87\x01#\x1d\xd0\xd3\x94F47\
\x0aE\x86\x94\xe4\xac\xba\xcf\xe1i\xef\xfe}0\xe1\x82\
I\x18x\xf2\x09\xf0\xc9\xde\xa5\xa3\xd0\x12o\x86\xeb\xe6\
@*\x05I\xa7\xb2\xa5\x22\xac\x09\xaaB!\xce6\xee\
\xda\xbe\x13M\xf5\x0d\xb0xN\x9agS\x08ed\xe4\
~\xc7\x8e\x1d\xe0X\x16\x04\x1dK\x9a\xe3\xccY*\xca\
n\xb1H\xad@$G\xc0sG\x1fs\x0c\xa6^|\
1.\xe4$\xcb9\x13&`\xe4\x98\xb18\xea\xd8c\
\xd1\xb9G\x0f\x18\x86Y\x90[\xc0\xf69\x88r4a\
\xf3\xe9&\xb5b\x13\xb4L`\xb4\x18\x1c5\xf5\x22\xa5\
\xc5\xa7\x0a8N\x04\x1e\xf3\xac\x0d\x04]i)\x84\xec\
\x84\xc0\xd2\xf0\xad\x10\x81\xd9V\x9a\xc7\x80PjHW\
\xe0\x04\x02\xd6\xf9\xd4\xff\x17\xbe\xf4E\xdc\xfe\xb5/\xe3\
\x8ak\xaf\xc4\xb5_\xb8\x09W\xdf~+\xe6\x5cs%\
&2\x0f9\xea\xdcsp\xda\xa8\x118v\xd0\xc9\xe8\
\xc0\x91C\x07\x0e\xb1\x89\xef\xd4\x87u8\xb8\x09\xb6\x85\
v#8\x02\xb1\x08\x94e\xfbK\x99\xef\xdc\x91M\xb9\
h\xb6/\xe4\xb9,\xc8h>\x9b\x00l\xbe~\xdeF\
f-)\xb1\x19\x15\xa58\xec\xafd\xbe:\xd1\x9c@\
\x8e\x1d\x85y\xeb\xc0\xa47\xf2s\xf3p\xc6\xa8Q\x98\
\x7f\xc5\xe5\xb8\xee\xe6\x1bq\xc9U\x97c\xd0\xc8a\x88\
\x14\xe4\xc0q%r\xbavD\xa4K\x01\x0a{tF\
N\xc7<H\xf6\xa5i\x17E\xa0-\xb1\x8d\x02`\x97\
@R\xf7\x82\x07\x15\xe5\xcc\x8f\xe5\xc3\x80\x9d\x09\x12\x8e\
\xb0\x91Cb yE\xc0k\xf9`\xa4\xa5\x8f\xc1g\
\x0e\xc3\x1d\xdf\xfa:N'\xb0+\x9b'l`\xc7\xce\
mX\xf2\xe4\x12,\x7fs\x19\x9akja^\x93\xcc\
\x87\x8dhH\x1d\x07@c<N\xddtCF\x0aH\
\xda\xd5\xb4\xcb\xe6\xe1\xbcy3!\x99\x9a\xd2\xae\x82\x93\
\x9b\x03\xad$\xb49O\xdb\x00S/6\x81\xd6lz\
~\x9a\xfc&\x04\xdd-t\x5c\xb7.\xde\xda\xfa~\xe9\
\xc1\xf2E\xe5\x87\xea\x96\x0f\x1e;\xb6\xde\xf8*>\xd5\
\x8b\xd1\xf2\xdf'\xa0\xe9\xa3\xbf\xaf\x86\xcf\xc8\xdd\x82\xf9\
\xa13\xcf<\xaf.\xd9\xd8\xf2\xfa\xde]\xc5\x8f7\xd7\
\xd5\xaf\x16\xca\x8ak\xb2\xc6\xe0\xf7\x0cF\xc0\x12\x12\xe6\
es\xd02k\x9b\xc8,\x95Ep\x8c\xc1\x8a\xc6\xa0\
\x98\xa3\x1a\xcd\x89\xb5+\xc9\x86\xba\xf5\xef\x0b\xdf\xb2\x10\
\xf2\xbcO @\x08\x18\x80\xc8\xb4%\xc0Y+\xec\xe3\
\xc4\xc3\x92\x85\x8f\xe2\xb5\xa5/\xa1\x91Cj\xdf\xcb\xa0\
'\x81n\xf6\xa5sq\xe1\xf4\xa9(\xec\xdc\x01\xbe\xf0\
\x91S\x98\x8bPh>\x8e\x85\xe0@\x7f\xf9\xbdFy\
\x18\x99t\x1a\xaee\xa3\x91\x93H\xdb7mA}\xd5\
!\xe4Fs\xb3\xc0\xd4\xd2\xd8\x84d\x22\xc5`\xe1\x22\
C\xd6\xe1\xd2\xe8\xf3:\x17\xa2k\xaf#p\xd5-\xd7\
b\xfc\xd4\x890_\x8fM\xc8\x0c\xc2\xa8D\xe0\x00V\
\x9e\x83\xc1\xa3\x86`\xfe\xd5\xf31x\xd8\xa94~\x0d\
6\x19\x92N\x12\xe3\xb0:\x9e\x8e\xd3y\x05\xd2Li\
\x08J\x92aJCs\xe2\xb0\xb1\xb6\x09{v\xeeE\
Ks+\x1c\x82\xa0\xcdvg\xc8b|\x06%\x87\xc1\
\xa3\x1b\x01\xca\x8dF(G\x86\x81\x02\x90B@\x9a\x9a\
\xa4\x00\xd8\x10B\x10B\x82{\x07\xb6{\xec\xf8s0\
\xe7\xca\xf9\xb8\xfc\xfa\xabq\xc3\x97n\xc6\x1d\xff\xfd\x15\
|\xf3\xaeo\xe3\xcb\xdf\xfe\x1a.\xbb\xe9J\x5c|\xe9\
\x0c\x8c\xe7D\xe4\x09\xa7\x10\xf8\x0a;\xc2R6|3\
\xacW*\x0b|\xbe\x19\x82\x13\x09\x8d\x13'\x93\xc9\xec\
\x7fC#\x092\xe0\xa3LW\x98\x00dJV\xaf\xd4\
i\xc0\xe2\xe4\xc6p\xee\x05\xe7a\xf6\x829\x18V4\
\x12\xc7\x9dz<\x8e\x19z2\x8e8\xa6\x0f\xec\x1c\x0b\
N\x87\x18l\x96\xc0a%\x11\x1b\x9d\xbbwc\xd0\x8a\
\xe0Pm-\xe2\x9c\x08\x8d\xe4\xe5@96\x02\x068\
\x8f6c)\x85(\x81\xa4\x99i\xa5\x92]{a\xd6\
\xd2\xa7~\xd9j\xc5b~{\xc0\xa2}(\xea\xc9\x80\
\xb1`\x00\xcb\xebP\x88~\xfd\xfb\xa1{\x8f\x1eP\xbc\
?\x91lCNA\x0cgR\x9e\xebo\xbe\x0e7\xdf\
z\x0b&L\x99\x88#\xfa\xf6\x84\xc9\xaf\xb6\x05\x09\xa8\
\x98\x85\xfa\x96z\x042`\xe0\x8c`\xc8\xf0\xa1\xe8}\
T\x9f\xac\xbdd\xdb\x0aA-#\xbbH-\xa9j\x16\
\x1e\x13\xb4G\x9fv\xad\x99&\x0b\x1c%\x00\x00\x10\x00\
IDATvQ\x16\xf5F\xb9\xe3|^h\x01a\
\x04(\xe8\xd9\x19W\xf2\x99\xd7\xdd\xfeEN\x82\xb2m\
\xcc\xdd3Na\xcd\xfb\x1f\xe1\xd1\xfb\x1e\xc2\x8aW\xdf\
Dsu\x1d\xc5`\x9b\x99\x12I\xb6%a\xbe\xe2\xad\
\x5c\x17\x9e-Q\xd3\xd2\x82^\x03\x8f\xc5\xb5\xb7\xdf\x86\
\x11\xe3\xc7#\xbf\xdb\x11\x88v\xea\x0c\x8by}\x9f\xcf\
\xcf\x98\x94\x14\xd7\xa6\xef$;J0\x00YR\x91\xcd\
\xa78B\xf45\x97\xe6\xfa\xda\xba\x0f\x0f\x94\x1cx\xbc\
\x919\xdcs\xce9\xe7s\x9b\xc3\xcdv\xce\x1f\xfd\x91\
\x7f\xb4\xfd\xb9\xdf\x14\x04\xdes\xa6M\xabO65\xbd\
\xb2\xa3d\xc7\xa3m\xadM\xab!\xc2\xd6\x90\xc9A\x83\
\x0d\xc96:\x81\xedB\x91\xa5\x18\x03\xe9\xda\xa1\x1b\xa4\
t\xe0\x93\xb5\x09\xe5d\x0d\xcae\xae\xef\xe4\xb1\xa3q\
\xd9m_@\xff\xa1\x83P\x1aoB\x82ZL\xd0\xa8\
ms/\x93q.\xc7l\xb9\x88\x22U\xd7\x867\x9f\
\x7f\x0d/?\xf7<\xca\x0e\x1e\x04\x9fC\x07\x8f\xa2h\
\xfc\xd9\xb8\xf1\xd6\x9b1h\xf8i\xa8\x8f\xd7#CP\
\xf4\xe8\xb1\x06\xbc\x02\x02\x133\xaa\x90\x14H)\x85(\
S\x08u\xf5\xf5\xe8B\x83\xde\xb1i\x1bstk\xd8\
O.'\x94|h\xce@\x83\xcc#\xde\xda\x86\x80l\
\x22D\x88\x96d\x13\x82\x88F\xa7\xa3\x8e\xc0\x85W\xcf\
\xc4\x17\xee\xba\x03\xf3\xbex\x05\xc6\xcf\x9e\x88\x0b\x17\x5c\
\x84\xab\xef\xb8\x16\xf3o\xbc\x1c\xc7\x0f\x1f\x04\x95\x1fA\
\x1a\x1e\xb4-a\xbb\x11\x84\xf4\xe2T\x8a\xf5Bf\x19\
R\xc8\xe1d\xc4\xe2\xb3\xe2!6\xaf\xde\x8c\x03\xbb\xca\
\x90kq\xf8\xc9\x80D\x9f\xe6\xd3Bdg\xd4#T\
\x80\x03h\x03\x0c\x04^\x93\xcfV\x84\x82\x90\x8eg\xda\
\xac,\x9e\xe7\x07\x96FFd\x10\xf7\x9a9!\x19G\
\x90\x03\x88B\x0bV\xe7(:\x1f\xd3\x15\xddO\xe9\x83\
A\x93\x86\xe3\xdc\xcb\xa7b\xfa\x0d\xf31jB\x11\xac\
\x9c\x08L\xda\x87\xa9?\x04t\x5c\xc7%\x15\xb3\x05|\
6\xdc\xe3\x84\xa5\xa4\xcce%\x07\x002\xde\x90\xfa\x08\
\xc8@C_S\xd7@\x18j\x92\xac\x903\xff\x01Z\
\xd3\x09\x18\x16\x96T\x01R\xcaG\x9d\xdf\x82 \xaa\x91\
\xb0\x92hs\xd3,I4\x07\xd4\x9d\xe5\xc1\x0b\x93\x84\
\x0b\x0f\xb1\x88\x8b(\xd3\x11n\x8e\x8b8'&})\
\xe1\x0b\x0d\xb0o\xc0\xba\x03\xa6\x5c\x14\x03\xd2\xde-\xc5\
\xccEW\x80\x16\x02\xcdY\xfc\x1c'\x8a\xdc\x9c\x1c\x08\
\xa1\x10a \xf4\xa8)A\x1d\x9b@\xd0\xff\xd8\xa3\xd1\
\xa3\x7fO\x14v\xef\x80\xb3\xa7\x9c\x85\xeb\xbft-.\
\xbf\xf5J\x9c8\xe2$\xc4\xba\xc5 c\x12)\xea(\
-}\xa4\x03\x0f\x19\xe6\xe2m\x8eX2\x1c\xb1\x04a\
\x06\xf9\x851\x1csL?\xdaE\x8ei2\x9cH\x0c\
\x8a,\x96\x97e\xf3\xad\xb6\xb0\x90cG\xb9\xedP\x07\
\x01\x84%\x90\xd2)$U\x0ai'\x83f\x11G\xdf\
\xd3\x06\xe2\xda/\x7f\x01c/\x9c\x04?\x9dD~,\
\x8fA\x0dx\xef\xa9\x97\xf0\xdc\xaf\x1fA\xc3\x8eR\x14\
\x04.rD\x146,h\xb6\xdbc=ML\x1b\xb4\
2-\x91V\xc0\xb1C\x07a\xfe\xcd7\xe0\x04\xa6f\
$G9\x1e\x04\x02\x82~\xa8m\xaa\xc7\x81-\x5c(\
\xde\xcb\x1e\x86\xa6\x1d\xfb\xf4\x0f0@GmK[R\
6\xfa^\xfa\xfd\x83\xa5%\x0f6\xb6\xb5-+\x9a:\
\xb5\x09\xa0\xc1\xf0\xcf_\xfb\x11\x7f\xed\x85\x9f\x82\xeb\xfe\
TV\xf9)\x90\xe9_.\x82\xe9\xe4C\xb5\x07_\xdb\
\xbdw\xd7\x83)\xdf_eE\x22\xf1T\xbcM\x9bH\
\xee%i\x9c\xcc#\x92\x84\xc2\xe4\xd9$\x0d\xc9\xb2h\
\xc0\x94R\x0b\x01\x8f\xc3\xc7\x90\xebcO=\x05\x97\xde\
x\x1d.\x98;\x0b\x05\xe6\x8b\x05yydD\x198\
\x04/\x9bL0$33\xf9G\x9f\x8c\xf1\xed7\xde\
\xc2\xd3\x8b\x97`\xf3\xc7k\x91 {\xb6\x0br1`\
\xc8 \xcc\xbfj\x01n\xf9\xf2m\xe8\xd8\xb3\x1b|\x02\
RS\xaa\x95\x8e\x96\x01\xd8+\x06`\xcc\xecrHc\
\xed\xdb\xa77\xaa\x99Kmkl\xc6\xfbo\xbf\x83u\
\xcbW\xc0\x0e%\x0ar\x0a\x88c\x12yd\xbe\xb9\xb9\
\xb9p\x09\x12\x16A)\xb0\x81\x16?\x818Rd\xba\
\x9d1r\xfch\xcc\xbab.\xa6]:\x83C\xe7\xa1\
\xc8\xe9\x94\x8b\x94\xd7\x06\xf0\xba\xfc.\x1d\x082>j\
\xeaja\x1e\x1cc]\xadM\xad\xc8\x8b\xe5\xc2Od\
\xe0\xcaH\xf6g\x09W\xae\xf8\x08\xaep@\xcf\x82$\
\x98\x10z\xa0\x05=Ej\xe4p8\x99_\x98\x07(\
\xc9\xba\x02\xd6\x132M\xe3\x83\xaa\x83\xb4%2\x1cR\
\xb6\xa5\x19\x18H\xbf\x0c\x8091\x1b\x81\xd2Hx\x09\
\xb4\xa4\xe2h\xf3\x930 \xe3\xd9!\x9a\xc3\x04\x12\x0c\
\x05\xa9 \xc9\xf3)>.\x84\x09>\x865\x0a)\xb2\
\xcf\xf4\xc9\xca,[e\x03\x8dar)\xb2}3\xca\
PRA\x09\x09!\x04e\x00\x18;\xc1\x1dP`D\
cQd8if\xde\x1c\x11\xb6\x05\xe9Z\x04\xd2\x04\
|\xc9\xfa#\x0a><\xb8\x04HM0\x0f\x08\xe6\xf9\
y\xb9\xe8\xdc\xa9\x03\x12\x9cd#+\x83\x06\xc0X\x83\
@\xb2^a\xf64$\x1f \x08\xbe\xf1\xc6&\xec\xd8\
\xb4\x15\x0d\xb5\xf5\xe6$\xbc\x14G\x16\xbeF\xc8 \xd1\
\xd0\xd4H\x9b\xf1\x91\xa6\x0e\x88G8\xf2\xa8\xbe\xb8x\
\xd6t\xdct\xdb\xcd\x98}\xf9<\x0c<\xfdDh\x82\
\x7f\xda\xf2\x11:\x02\xcd\x1ci$8\xf9\x99\x9b\x9f\x83\
\x08\x01\xdf\x22`\x81\xc1+M9\x8cm\xe63W|\
\xf2\x89'\xa2_\x9f><\x1c\xa2\xae\xa6>\xfb\x86\x84\
y\x0b\xc0\xc8\x99J\xa5\x19\xa4\x920\xac6Jv\x1e\
R\xff>\xfb\xc8\x22p\x1fIV\x7f\xe95W\xe0\xe6\
\xdbn\xc1\x80\xe3\x8fE\xc8Q\x94M{\xdd\xb5q\x0b\
\xee\xbe\xe3\xabx\xe6\xd1%P\x9c,\x03\x8b\xa3m6\
\x18\xf08\xe1\xe90\x80\xf8\x96\x05\x99\x13C^\xe7N\
8o\xca\x14\xcc\xbf\xf6Z\x1c?\xe44h%a\x00\
5\xb4,\x04\x10l\xb3\x86\xa0aXB\x81\xa6\x9b\x1d\
\x19\x99\xc9NE\xb6\x9dL\xc4\xb5\x1d\x89\xd4s\xf2r\
e\xc9\xc1\xfd\xbfjhn{\xcf\xbcSO\xd5\xfe\xcd\
\x1f\xfd7\xdf\xf1\xef\xbb\xe1Oe\xa5\x09\xfd\xfb\x84\xf9\
w>y\xea\xd4\x05M\xa5\xd5\xb5on\xdf\xbcya\
}u\xf5\x8aHNN[\xe0y\xdar]\xc4\xc8.\
\x951v\x0ah\x0c\xd9L\x5c\x05tt\xfa\x18\x14\x8d\
\xcb8\x93f\xfe\xb7\xcf\xc9'a\xe2\xd4)\xb8p\xce\
L\x82\xa6DN\xc7B\xd4q\xd8e\xfe7\x0a\xcb\x8d\
\xf2Z\x87\xfenA\x931nY\xbd>\xfb^\xea\x9b\
/\xbf\x8e\xba\xb2\xca\xac\xc3t\xe0\x10v\xd8\xd831\
\x97\xf9\xbb\x93O?\x0d\x91\x0e\xb9\x10QE \x08\x10\
\x8a\x80\x00n\xa1\x8dy\xdaFN\xb8\x15\x16\x14\xd0\x98\
\x81xC\x13'a^D\xc9\xae\xdd\xf09\xecs\x94\
\xcb\x09\x9d\x04Z\x09\x94$\x12P*\x02\xc9c \xf0\
\xc7\xa29t\xdc\x1c\x82\x8e\xa4\xd3\xfb\x04\x9d\x10!\xdb\
\xa5\x22\x11X\xd1h\xd6\xa1Z\xc9\x92\xa5\xb2\x91\x97\x97\
\x8f\x90l\xd9'{\xeb\xdc\xa1\x13\x02\xa6\x15,:Q\
\x1d'\x07\xdf~c\x19\x1a\xeb\xeaa\xbe\x18A\xff\x85\
\xe2q\x83BBJ\x84\xd4Q>\xdb\xdd\xa1c'H\
\xee\xfb\x04\x88\x14\x05\xd1R\x80\xbe\x87\xecZI\xd8\xd4\
+\x84D\x9a\xb3\xde>\x1dY*\x85\x08\xe50\xaff\
9\x8e\x0b\xc5a\xb8\x10\x026\xd7\x11\xc7\x01\x08f\xa9\
D\x12\x1eg\xb8\x03\x0e\x915\xf7\x05\xef\x97|\x86\x09\
D.\xeb\x0bq\xd8\x9cS\x1c\xa1d(\xb7R\x12\x92\
\xe7\xc5\xe1\xc30\x8b\xe0\x1f\x09\x81\x14\x83\xa9\xe9G\x03\
\x06\x96T\x882\xbf)(`\xc8\xbe\xd1d\xc7&\x88\
\xe9\xb4\x07[\xf0\x1c\x03N~N.:P'y\x5c\
\x0b!X\x83ii\xc0\xda\xfe\xe7\xc7\xc8k\x00\x7f;\
\xf3\xf8\xd5ed\xbbV$+\x95\x92\x87e1\xb6T\
\xd8\xa9\x00P\x82\xfa\xcf\x00\x04\xf9\xdeL\x0f\x1cs\xd2\
qp\x98Z\xcap\x14\xe0\xd3\x96B\x06\x82\x80\xdb.\
\xfb\xc5\xb1]\x98\x09Z\x13\xb0m\xa2|a$\x0f\x1d\
r\x0a\x11\x91.<_\xa0 \xaf#b\xbc&bY\
\xe8\xc0\x00^\x90\x9f\x0b\x87:\xd3\x943\x10\x1a\xa1\xad\
 \x22\x0eZ\xc8b\xcd(&\xb7c!N\x1f=\x12\
W^\x7f\x1d&M\x9e\x84\xceL\xd9H\xf6C\xf5\x81\
2\xbc\xfc\xd43X\xf8\xc0\x03\xd8\xb7o_65d\
FU\x8a\xb2H\xd6\xe7\xd0\x0fH\xe4Q\xc3|\xbeK\
\xfb\x0b\x98\xe6:\x7f\xeaE\x98|\xc1T\x1c}\xf2)\
\x90\x0c\x00\x9a\x9a\x11J\x1e\xd6\xbb\x00\x8cM\x08\xf0(\
\x11Wrmd\xcb\x89F\xc8\xa4SA4'\xb7\xae\
\xb9\xbe\xf1\xd5\x8d\xeb\xd7\xfdd\xdf\xbeU\x1f}\xde\xbe\
i\x86\xbfr\x91\x7f\xe5u\x9f\xcb\xcb\xa6N\x9d\xda\xd4\
\x9cL\xbeq\xe0\xe0\xc1\x85\xe9\xb6\xb6U\xd2\xb2\x9aC\
\xdf\x0f\xcd\x90\xd8(\xc68\xa9\xa2QY\x04\x08\x11\x0a\
H\xfe\xb3l\x07\x82\xc6\xe7{>4\x1d\xbd{\xff\xfe\
\x98\xc0Y\xef+o\xba\x11=\x8f>\x0a\xf9]\xbb\xc2\
\xe7\xf5i\xb2\x1c\x93\xdbJ\xd3\xb8%\x1d\xc5b\xa9>\
P\x81W^x\x19\xcf>\xf9\x0cJ\x8a\x8b\xe1\xd1\xf9\
c\x05\xf98\x8d\x0e1c\xfe\x5c\x9c{>\xf3y\x9c\
\xfd\x15\x8e\x84\xb0%g\xce\x13\xc8+\xc8C\x86\xc0#\
\x98v\x88\x90qW\x96\x96\xa3b\x7f\x19^y\xeeE\
\xec\xd9\xbc\x1d\x99\xa66t\xe9\xd0\x15];u\xa7?\
Kd\x08\x96\x02\x16\x5c'\xc6I\xa6\x90\xc5\x87\xd6\x82\
\xe0(\xc8H4L\xae-\xc1\x9c\xa8)>\x8f\x82`\
\x10\x10\xd0\x02\x0e\xcf\x15\xdb\xea\xb0\x8d\x82,=\xe6D\
\xd1p\xa8\x1eK\x97<\x83\xfd\xbb\xf7\x22  \xe5\x98\
|\x1d\xdb\x9cI\xa5\xc1J\x7f\xefh\x85\x1d:\xc0\x22\
\x93\xd4\xbc?\x94\x82\xae\x06H\xc7\x82a\x86\x1e\x83\x95\
\x01I\xcb\xb6a\xc0\xd3\x14E\xfd\x98b4\xaa\x830\
\xeb\xecf\xa6?M\xd9%e\xb5\xb4\x82\xc7\x11B+\
\x9d\xdd\x80\xae\x09r\xa6\x0e\x98E\x08\x18\xa6\xcbG!\
4`\xac5\xda\xe2\x09$\xe2IJ\xaex\x858\x5c\
4WYI\xcc\x1aYY\x0d\x80\xe6\x12\xd48\xaa\x81\
\xe4\x88%G\xb9\xc8\xb5\x5cD`#\xaa\x1c(\x02\x9c\
O\x194\xeb\x22B\x22\x97\xa0b\x00C\x1e\xae\x82\xf5\
\x8bO\xb6\xfe\xb0RR\xc1Q6\xea\xaak\xb1\x8by\
\xfc\x04\xf5\x83\xacp\x1aRH\xb6\xcd\xa3\xaa\xa8w\xa6\
\x0a\x02\xea;\xe9\xa7\x10Z\x00,\x81$'43\xec\
\xe70b#\xcds\xad\xd9\xe0\x11 \xc2 \x94\xcb\xfe\
+ts\xa1\x93\x01\xbc\xd6\x0c2\x8d\x09T\xef\xaf\xc0\
\xba\xb7\xde\xc7\xcbO<\x83\xd2\xbd%\xa6\x0a\xd8J\xa2\
\xb5\xb5\x19\xb5\x0d\xb5\xc80\xfd\x00\xda\x8e'\xc3l}\
\xdaU8\xf2\xe8~\x98\xbb\x80\xf9\xf3\xeb\xae\xc1\xd1'\
\x1c\x0f\x13p\x93\xadq\xec\xd9\xb2\x13/<\xf1\x14^\
$\xe8\x96\x970\xf5\xc5\xfew\xdc\x08\xf2;td\xd3\
5Z\x98\xc7NQ\x87!\xc1;\xd2\xa1\x00\x9d\x8e<\
\x12\x97\x11\xb4\xcf\x9f9\x0b}\x8e\x19\x00\x13\xa84\xfb\
\x0el?\xa0\xd8F@\x08\x01\xd0\xee\x03\xfaF&\x9d\
\x22I\x08\x10\xfa\x19\x08\x04\xa1e\xab\xf2L*\xf5^\
eU\xd9o\xdb\xd2\xc1\x9a\xf3\xcf\xbf&\x81\xff\xd0E\
~f\xda\xfdO\x12t\xdc\xb8q\xcd\xc5\xfb\xf7\xaf\xd8\
\xb6u\xeb\xaf\xe2M\xcd\xef\xeaP\xd7I%5\xc8\xd8\
h(PJ\xd0x\x8c\x03\x09\xc8\xac\x81q\x9f\x0cC\
\x91i\x81\xc3y\x10l$Y\xc0\x88q\xe3h\x947\
\xe0\xd4\x91#\x91C\xd6\x17\x92\x89\x08\xc3vm\x17&\
\xdff\x18KD8H6\xb7\xe1\xa3\xf7>\xc0#\x0f\
=\x8cw\xdfx\x13U\x95U\x08\x99/\xec?p\x00\
\xce\x9f>\x0d\xd3\xe7\xce\xc4I\xa7\x9d\x82HA\x14f\
\x08\x9e\xe1\xb0\xd7\xbc\xea%\xa4\xa4HAv\xd8\xefq\
8\xbd\xf6\x83\xd5x\xe5\xd9\xa50\xdf4j(\xafA\
\xba\xb1\x0da*\x84\xab\x22p\xa4\x8b4S$\x01\x19\
\x9c\x12\x16l\xce\xf2\xbb\x91(l\x16Ey\x02\xe3\x06\
\xe0\xa2,\xfa\x88\x00\xfd\x9dyl\xc5T\x85\x05\xc5\xe0\
\xa0\x93L7T\xd5\xb1\xfe\x97\xb0\xe6\x83\x8f8I\xd4\
\x08[(P+\xbc\x96\xaa\x09M8\xd1\xac \x84Q\
I\xc7\x8e\x1d\xa1\x94\x04\xf1\x12\xd2\xc8I\xe0\xf5t\x88\
\x90EX\x04P\x82x@\x90\x8b\xb8\x11\xb8\x0c\x1c\x8a\
Nj\x82XH\x1a\x152\x0f+C\x89(\x19b\xae\
\x9b\x03d4\xc0\xe3\xe9\xb6\x14\x9a\x1b\x9a\x11\x10\x0c\x94\
\x900\xf5\x02\x9a\xa2\x1e.\x81\x1f\xf0\xf9\x02<\x80$\
'\xd3Z\x9a\x9b\xc0\xd3\xec+\x1ec\xfb >Y\x1f\
\xbe\x0a&\x0d\x01\x02\x82d\xf0$\xaadA\xd6\xe2s\
\x1d\x02\xbc\xf4\x00\xa6Q\x11\xb1\xa3pa\xc3\xfcl\xa3\
y\xbe\x0a\x81\x0cuM\xf2x\xb8\xed\x00\xeb\xc7\xef\x17\
\xf3\x04\x03<JK\x8e:\xd2\xd8\xc6\x89\xceZ\x06E\
S?q\x86\xd7\xb2-\xbc\xdacp\x10\xb4#\x97\xf9\
iA \xf4E\xc0\x80\xeb#\xb0\x04\xf3\xad\x01\x83\xab\
\x0fE\xa0\xb5\xd97\x82\xcf\x04u\xa2\x13>\xe5\xf0\xd1\
V\xdf\x8a\xb2=\x07\xf1\xd1\xdb\xef\xe3\xb9\xc7\x9f\xc6\xd3\
\x8b\x960\xc5\xf4\x1e\xeak\xeb\x18\x8cS\xf0\x08j\x8a\
\x01\xce\x89\xba\x0c\xf6@\xd2\xe4\x5cYI'\xa6\xac\x8c\
=]~\xfd5\x18v\xe6\xc8\xec\xe8-\x11oEi\
I\x09\xde~\xe5M<~\xdfB\xac^\xf1^\xf6k\
\xd6\x96\x90Y={\xd4i\x9c\xba\xd4\xb6\x05\xc1\xe0\x14\
86l\xcea\x9cp\xfa\xe9\xb8\xec\x86\xeb9a6\
\x0e\xaa\xa0\x10\x82\x0cX\xd0\x96@\xbb\xd2R\xc0\xf4\xb3\
\xd1\xb7\x10\x02l&\x1cK\x22F\xf6\x0e\xa6s\x10\x86\
\x9c{\x0c\xab\x98\x1a{cw\xf1\x9e\xbbj\x1aZ7\
\x17\x15\x15\xa5\xf0\x1f\xbc\xc8\xff\xe0\xb6\xff\xbe\xe9\xf3\xe6\
\xcdkI\xd7\xd7\xaf\xd8_Z\xfapmu\xf5\x1bZ\
\x87\x87BMji@\x83L\xca(I\xd20M\xd1\
\x10\xf0\x19\xe1=\x1e\x0f\x080\x81\x92\xc4\x88\x10\x829\
\xc0^\xc7\x1d\x8b\x99\xf3/\xc5\xf8\x0b.@w\xe6\xdc\
\xb4\xed\x90\xed)DbyP\xd2%\xb8\xea,\xb0\xa5\
\x9a\x93\xd8\xbcf\x03Y\xc6\xb3x\x91\xacw\xff\xae=\
h\xa1\x13\xe5\xd0\xd0\x87\x9e1\x1c\xb3.\x9d\x8d\x0bf\
LE\xbf\x13\x06\xc0\xb34\xdc\xdc\x18<\x06\x814\xd9\
\x12\xcc\xf3\x09b\x0e\xc1t\xcf\xd6\x9dx\xf6\xb1%x\
\xeb\xc5WP\xb5\xb7\x14nh3''\x90iN\xc1\
\xd5\x0e\x0c\xc8\x1b@\x089\xb9\x93$\x1bL\x11\xc8\x02\
\xcan\x11l\x05$\xcc\x84\x93\xc5zl-\xe1\xc2B\
L8\x08Z\xd38TR\x8e\xa7\x1ex\x18\xeb?Z\
\x83\x0c\xefsxm\x0e\x1d\xac\xad%\x8e\x90\xf7\x1b\xc6\
(\xd9v\xc3@\xa5e\xa1s\xd7.\x94J\x00\xd4Q\
@\x9d\xf1\x03\x9f\x0c\x97*\x22\x90\xb1f\xa5X\x03\x10\
\x12@\xd3\x9c\x05\xf7\x99+6\xe0\x1e\x91\x0e\x22d\x9a\
.\x81N\x12\xec\x05\xc16B=)X\x08\xd8F\xc3\
\xc8\x0c\x85:\xacwp\x110\xcfu8\xf4\x0d\xa8\x8f\
\x88\x09j\xd2\x22+\xce\xa0\xa1\xae\x81\xfe\xady\xb9\xc6\
\xffZ(\x88\x01N\x10\xf85G\x1e\xe6g\x08\xbdx\
\x0a\x8d\x155\xa8<P\xc9\x91C9\xf6l\xdc\x8e\x8f\
\x97\xbd\x87\xf7_\x7f\x9b\xa0\xf4\x06\xdex\xf1%\x98o\
\xcd\x19\xfdIV)Xi\xb6\x0e\xae\xff\xc7\x87\xa3\x04\
\x98t\x09uXn^\x1f#\xf0z\xc94\x1b\x0b\x02\
\xb5\x80K \x95F;\x04'\xcd\x08\xa1Y\x89G`\
4%\xe4\xbe\xd1'\x0fA1\x18D\xa8\x8f\xc2h>\
\xdcP\xa1\xa1\xfcP\xf6\x0b\x0do<\xfd\x22\x1e\xfe\xc5\
o\xf1\xf8C\x8b\xf0\xf1\x87kP[UO]*D\
\x18\xc0\xa0\x80@\x86\xd0\x8a}N\xa0\x0d,\xe0\x88~\
\xbd0\x92\x93[\x17\xcf\x9b\x05\xf3\x96H\xffc\x8f%\
6F\xd0\xd4\xd4\x84\x8d\xeb7\xe0\xf1\x87\x1f\xc5\x0bO\
>\x8d\xf2=%\x90\x0c\xca\xe6\x9bu\x82C\x12\xc7\x8e\
@(\x1b\x81T\xf0\x14+\xa6-v\xed\xd7\x17gN\
\x98\x80\x99\x97/\xc0\x80\xc1\x83\xa1\x98n\xf1\x19@B\
\xdaL\xc0\xfe\xf7\xd8\xc7f\x8eC\x98\xeb\x05\x9b\xcc>\
\xf1\xbd\x0ct6(\x87\xe0\x91\x0c\x9b]\x9ejm~\
\xa1\xe6P\xedC;\xf7\xee\xdd\xf2\x9f\x0e\xb8T\x0a\xfb\
\xcf\xfcm/\x185eJkum\xed\xf2\x8a\xea\xea\
\x87[\x9bZ^\xa2\x9f\x96g\xad\x87\x86\xc45\x84\x90\
\x5c\x09\x06o\x1a9\xb7C\x96\x14\x8d+I#4\xf9\
]\x8fFg3U\xd0c\xc0\x00L\x9c1\x1dSf\
\xcf\xc6@\xe6\xbd\xa2\x85\x85\xf0\x85\x028|\x95t\xaa\
 \x1d\x12\xe0m\xa1u\x15\x00\x00\x10\x00IDAT\
\x1ctt\x0b\x908\xd4\x84\x8f\x97\xbf\x8f\xa7\x17>\x86\
\x8fW|\x88Cee\x10\x12\xe8N\xc79c\xdcX\
\x5c<\x7f6\xce8g,z\x1e\xd3\x1f\xbe-a\xc7\
\xe8\x18\xb6\x82kX6\x1d=H\xf90\xaf+\xbd\xfb\
\xc6r\xbc\xb0\xf8i\xbc\xfb\xda\xdb\xa8\xdcS\x0a\xcd\xe1\
(\xc8\x94$\xc7\x87\xca\x03l\x0e\x9bm:\xb2\xad\x15\
'\xe0\x14$\xf7\xe1\x83\x8e.\xe1\x10\xe0\xcc\xb9 \x9e\
F\x0d\xd3\x1fk\xde\xf9\x90\x13*O`\xcd\xbb\xab \
(k@\x80\xcc\xe1P7 Xi\x02\xae\xa5\x14\xc1\
-\x84\xa4\xd3\x19\x07T\x04\xdd\x0e\x9d:\x01B@\x98\
cdK\xe6\x5c\x94 M\x1c\xe0\xec\xb8\x07\xc7\xb4\x9f\
\xb9\xd3\x1d\x9c\xb01,k\x05\x81m\xf5\xbb+\xb1m\
\xdd&\x1c\xd8\xb1\x175\x07+\xd1r\xa8\x11\xc9\x86V\
\x80\xd7\x19 0\xc0\xd8\xd6\x1c\x87&P\xc2,\xec\x10\
\x9f\xcc)\xa0\xbe\x15e\xf0(\x8f\x91Es\xdf\xbc\xce\
T\xc7\xa0\x15R>m@P\x9b\x1b>)\xbc\x0f,\
>\x87\xbc\x01KMU5\xde_\xfe\x1e^}n)\
\x03\xdesxf\xe1\xe3Xr\xefB,~\xe0Q,\
\x22\xfb{\x82}\xf14\x03\xd9\xcbL\xdfl\xdd\xb4\x99\
i\x8b8\x19\xeb'u\xfd\xff\xac\x94\x90\x00\x9f+\x09\
\x9a\x89\x966N:nC\xb25\x99\x95[3\x88\x18\
\x1d\x08\x9e\x13Z\xc0cZ\x07\x86\x8e\x7fR\x22\x96\x03\
\x97}\xe2\x04\x02\xb6\xb6\xe13\x18\x97m\xddM\xf0\x7f\
\x1f\xcb\x9e{\x05\x8b\x7f\xfd\x00\x96\xbf\xfa&\x0e\x16\x97\
 \xd9\x94\x00|\x01\x13(5\xeb\xd2d\x93\xda\xa4\x12\
8!\x99\x92>b\x9d\xf21h\xd8PL\x99q\x11\
\xa6\x10pO9}(:\xb2_Z9\xc9W\xbcm\
\x07^c\x10y\x86\xed2:7\xcf\xb4\x18$\x22*\
\x02\xc3\xee\x13d\xf3i\x06D\xcb\x8dAEc\x88\xd2\
f\xfb\x1e7\x10\x17\xcc\x9c\x89\x0b\xe7\xce\xc3\x91\x03\x8f\
\x83$\xa9\x80eCEb\x08\xf8|\xcf\x0b\x19\xc34\
\x04\x03\xb8\xe9{0\x80\xd0C\xb8\xa9\x01\xf2\x15!`\
\x00w\x7f\x22\xde\xfc\x5cey\xf5\xc2\xe2\xd2\xd2-3\
f\xcc\xc8\xfc\xff\xa8\xf0?\xee\x10-\xe6\x1f\xd5\xe6\xcf\
~=&\xb1\xdf\xd0\xd2\xb2\xb6\xb4\xac\xec\x91\xb6\x96\x96\
\xe7\x84\xc6A\x08\x91\x0e5\x17:\xb7q\xde\x80\x0e\x06\
\xe3hJ\xf1\x94\x0d\xfa\x15\xb4\xb4\xa0i|\xa1T\x90\
\x91\x08\x0a\xbau\xc3\xb0\xa2\xb3p\xd1\xdc\xb9\x18}\xce\
x\xeewG\x92\xeaI\x12\x10\x84\xb0\x08B6,\x82\
\xa1\x93\x02\xac6\x1f\x07\xb7\xec\xc2\xf2\x17_\xc5\xabO\
\xbf\x80\xad\xeb7\xa3\x8dN\x10\xcb\xcf\xc3\x80\x93O\xc4\
d:\xd1d\xa6\x1d\x86r\x88\xa89\x8cL\xfb\x1e\x8d\
>\x84\xcd\xa1\x1f%\xe0\xb0\xdcAkm#\xd6\xbe\xb7\
\x0a\xcf=\xf2\x04\x9eeY\xb9\xec]\x94l-F[\
]s\x168\x1d2X\x97\xcc\xd7\xd1\x16\xdc\xec\xb6\x85\
(\x1c8\x81D3\x99S\xf9\xee\x03\xd8\xb8\xf2c\xbc\
\xf2\xe4\xf3x\x8d2l^\xb5\x1e\x16\xcf\x05\x04@\x9b\
\xa0l\x007$\xf89t:\xc7R\xccSf>\x81\
\x0dd\xe5\xc8\xcd\xcd\xcd\xee\x1b\xd9l\xc7\x81\x00\xe0P\
\x17\x16\xc1\xd6\xe7L\xbeE\xd0\xf1\xc9\xb2wm\xdc\x86\
\xd7\x9f{\x09\xcf=\xf6$\x9e|\xe81,\xbe\xff\x11\
<\xf9\xe0\x22<\xfb\xe8\x13X\xfa\xc4\xb3x\x99\xcf^\
\xb6\xf45\xac|\xfb]lZ\xbd\x0e\x8d\xb5\x0d\xa0/\
C\xb1.\x03\xe8\xa6b\xf6\x04\x0c\x80J\x1e3A\x80\
\xca\xc82\xdd\x96\xc6f\x02R\x00)%/\x13,\x80\
\x10,Rd\xd71\xf6\x0b\xa8\xff\xfd\xcc\x85>\xf5\xf8\
\x12\xbc\xf8\xd4\xf3x\xeb\x957\xc8\xe6\xd7f\x19\xe5\xfe\
\x9d\xfb\xd0|\xa8\x81\xcc>\xc5|e\x00A \x8cX\
.\x94\x900\xfdn\x8a`+M\xc1'\x8b\x91\xc5\x00\
\xbf\xd4\x02*[$\xf6\x93A\x96s\x82\x0a\xd94I\
\xc8\xe3\x84\x22\xea\xceb\xbf[\xd4\xa5\x05\x05\xdb\xb2@\
\xc4\x82`\x1a\xc1J\x86H\xd7\xb5\xa2|\xfb^|\xf0\
\xea\xdbx\x96\xfd\xb7t\xf13\xf8\xe0\xcdw(O=\
L:\x0a\x01\xf5i;P\xb41My<\xad\x91\xe0\
\xa8'\xc1\xd4\x93[\x90\x83S\x87\x0f\xc5\xb4930\
m\xf6t\x8c\x18;\x1a=\xfb\xf4\x85\xc5\xbe*?X\
\x86\x15\xcb\x96\xe3Y\xe6nM`\xae)\xad\x84Lk\
\xf8\x09\x0f\x8a\xf2\x18[\xd4Pp\x229\xacI N\
\xdbr\x99*;}\xf4\x18L\xbf\xe4R\x8c8\xeb,\
t\xea\xd5\x13\x8a\xe9\x04\x9a+B[A0\xf5\x90b\
\xf0\x92l\x83\xed\xb80\xfdb\xfa\x03\x1a\x08IP\xd8\
Z-\x85HS_\xa5\xc9t\xe2\xf9\x9a\xda\xbaG\x91\
\x93\xb3\xe3\xf3\xf2\x03\xe4\xf8\x07,\xb4\xa8\x7f@-\x9f\
\xa3*\x0c\xf0\xc6S\xa9M\x8d55\x8f674-\
L\xb4\xb6\xad\x0d=\xbf\x91M\xa41IX\xc6\xf0\xe9\
\xbc\xc6\xc8\x8c\x13\x98\xa2!\x91\x22\x8b\x09 \x8c\x7f\x80\
\x16\x8fh\xc7\x0e8\xfa\xd4A8\xef\xe2\x8b\xb2\xa5\xcf\
\x09'\x00\xd1($\xd9\x84Eg\x16>/\xcb\x00N\
Z \x9f\x00X\xbb\xbf\x1c\x1bW\xad\x85I7\xbc\xf2\
\xfcR\xec?p\x10\x9a\x00\xd2\xa5Gw\x9c:\xe2t\
\x5c@\xe0\xbd\x84\xc3\xbc\xd3\x86\x9d\x0eE\xc0M\xa6\xd3\
4\xf20\x0b4\x11e#\xd7\x8e\x22\xd3\x92\xc0\xf6u\
\x9b\xf0\xfa3K\xf1\xcc#\x8b\xf1\xe4\xc3\x8fa\xe9\x93\
\xcf\xe1]2\xcb\x0d\x1f}\x8c\x1d<\xb7}\xed&l\
Y\xbd\x01kW\xacdZ\xe2\xd5,\xd8=\xb5p1\
^$\xe8\xad%\xbbm\xaa\xa8\xcf\xa6\x19$\xe53L\
\xda\x966\x10\x82\xae)\xd8v\x95}\xa6\x22\xf0\xf2\xc9\
\x90\x96D,7\x17\xb1\xbc\x1c\xcad\xc1g@\xb2\x1d\
\x87\xccPC\x93\xf1Z\xd4\x87M02\xa0\x1br\x82\
*Q\xdf\x92\x95\xd1##l\xae\xae#+?\x98\xfd\
_46}\xb8\x0e+\xdfz\x0f+\x08:K\x9fz\
\x81 \xf1\x0c\xdez\xed-4\xd44\xc0\x12\x122[\
\x04\x14\x1d]*A\xbc\x0a`\x13TB\x06B\x05\x09\
\xf0\xb9&m\x11\x18\xb6&\x14\x9f\x0a\x98\xfe\xe1_\x08\
\x81l\xd1\xcc\xe7\x0a\x0d\xb8\x96\x93\x05i\xedk\xe6\xc0\
}H\xb2G\xc32]\xf6\x81\xc3b30\x99\x22C\
\xc16+(>[\x10\xe4\x08\x22`U\xd9\x82?Z\
<N0\x9ak\x1d\xf6\x81\xcbTB\x0b\xf3\xd0\xeb\x19\
0\xfc\xa4\xc7\xa4\x89\x05\x97\x7f\x85\x17\xc2L\xa4Z\x04\
r\xc5\x12U\x11D9\x9cO\xd5\xb5\xa0\xf8\xe3\xcdx\
\xfd\x89\xe7\xb1\xe4\xd7\x0f\xe2\x15\xf6\xc16\xa6\x9d\x9a\x98\
O\xf7\x13\xe9\xec\x1b$\xa6\xde\xa8\xb1\x1b\xcb\xa2m\xb1\
\x01\xd4\xb9\xb6\x14D\xcc\xc1\xd1'\x1d\x8f\x89\x17M\xc1\
\xc5\x04\xdc\xb1\xe3\xceB\x9f\xe3\x07\xc2\x8dDQ[Z\
\x86\xd5\x9c7xb\xd1b\xbc\xf2\xfcK\xd8\xbd\xad\x18\
\xe9\xe6D6\xd0\x1ayB\xca\xe0\xb3\xa4\x98\xc2\x09\xa5\
\x05\xc5{B\x82z_\xa6\x22.\x989\x1d\x93f\xce\
\xc0\x89#F\xc0\xe5\xc8-`[}h\x92\x0b\x8d4\
\xf5\xec\xd1\xf6-\x02\xaf\xb4\x14\xcc\xfb\xd3\x01G\x1fJ\
\x8al\x9fC\xf3\xa4\xd6\xcd\xc9x\xdb\xc6\x96\x96\xe6E\
\xad\x8d\xcd\x8bw\x95\x94\x15\x1fs\xcc1iV\xd3\xfe\
\xf9D\x03\xf2\x93u\xfb\xea\x8f4p\xc6\x19g$\x1b\
\xd2\xe9\x9de\xa5\xa5\x8fUWV\xfd6\x99L\xbd+\
B]\xa3\x99\xac\xb2\x94\xcc\x1a\x98\xa27\x87a\x00\x9b\
F\x9b!\xe0Ztfi\x1cT*b\x94\x80\xc9m\
\xda99\xe8zT\x7f\x8c\x9at\x1e\xe6\x5c}\x15\xc6\
N\x9c\x08\xcb\xbc\xcf\xcb\x19n\x9b\xf9H[\xda\x08\xd3\
!\x04s\x13\x8ep\xc8j\x128\xb8\xef\x00\xdeyk\
9\x16=\xbc\x08\xcb\xde|\x0b\xf5\x0d\x8dp\xa3\x11\xf4\
\xe9\xdf\x0f\xa3\xc6\x8e\xc1\xdcK\xe7a\xf6%\xf3p\xd2\
\xa9\xa7\xc0\xe2\xccrH\x87H3\x8f\x96N%\x10\x92\
\xa9\x08\xe6\xd9\x9a\xeb\xeaP\xbce;>\xe6$\xd8\x1b\
K_\xc5\xb3d\x92K8l6\xbf\xda\xf5(\x87\xac\
\x8b\xef{\x84\xa0\xfc\x04^Z\xfc,\xde{}9v\
n\xd8\xc6\x1cb\x0d|\xa6\x18\x84ah,*4\xed\
\xfcC\x81Y\xb4\xf9\x03>Q\xb3\x8d\x1aZ\x009\x1c\
v:d\x91\x06\x10\x85\x94YP\xe6asQ6\x87\
+\xcd=\x04\xc34\x87\xdcmM-\x10dw6\x81\
\xce\xf1%l\x16\xe5#\xcb\xbe\xc0tH\x18\xf7\x90i\
M\xa1\xb1\xba\x1e\xf1\x86\x16\x80\xe7\x84\x96\xf0\xa9\xaf0\
\xeb\xcf|&\xeb3\xcf\xf1\xd9\xd6\x80m\x05\x173|\
O\xb6%\xb2y`a`\x91 )\xccq\xb3\xcdu\
\xc0}\x9f\xa0k96:q\xd2\xafC~!\x88`\
\xd9\xfc\xba\x03\x8b\xb0hA2\xfdr\xb8\xc8\xc3\xdbl\
\x9c\x91\xdd\x00\xf5\xe1\xbaX\xd1'\x9f\xdf\xed\x9b\xf3Y\
\xe0g\x9f\x83\xf2\x89\x10\x90\xbco\xcb\x86M(+)\
\x83\xe2h\xc1\x0e-\x8e6\xc0\x09+\x01W\xba\x10\x1e\
P\xb1\xf7 \xdey\xf9M,\xfe\xedB<u\xff\xa3\
X\xf9\xdarTr\xb4\xe1\x99\x9f\xb0d:'H\xfb\
p\x08\xe2\x8e\x1ba\xb5\x1a\x19\x06\x974\xf3\xc0\xa6D\
\xf3sp\xec\x89\x031\xe3\x92\xd9\x98\x7f\xd5\x15\x18\x7f\
\xde\x04\xf4;\xea(8N\x04-\xf5\x8d\xd8\xb0f-\
\x9e]\xf24\x16?\xf2\x18\xb61\x9dc\x98\xb2\x01z\
\x8b\xc1DR\x1e\x09E\xb5Jx\xb4\xbd\x80@\x1b\xa7\
\x0eUn\x1eFq\x22x\xce\x15W\xe2\xec)\x17\xa2\
\xf7\xc0\x81\xb0sb\xf0\xa0\x11\xd0\xce\xb5\xb1k\xa5 \
\x0d\xb8\x9a}\x82\xaf\xa4.\x5c\xdb\x86\xc5\xb6+\x1e\xe3\
'\xb0\x95\xacO%\x93\x1fVTV\xdfW\xb2\xab\xe4\
\xb1\x8a\xda\xe6\xdd\xff\xe9\x0c\x97j\xfa_\x1f\xa3\xbb\xff\
u\xb0\xfd\x000d\xc8\x10\xef\xb9\xd7^\xab\xd8_]\
\xfdfuU\xd5\xc3\x9c!_&!\xcb}\xcf\xf3\x0c\
\xf3\x09=\x8f\xeeJ\xf5\xd1\x00\x0d\xd3t\x09\xba\xf4;\
\xb2\xbd\x00\xda\x18\xa7\xa5 \xcc\xdaV\xc8\xed\xd6\x05\xc7\
\x0d\x1d\xcc\x09\x89\xcb0\xeb\x8a\x05\xe8\xd2\xbb7\x1a\x12\
I\xf8\x96\x0d\x19q\xb3\x0cB\xf1~\x10\xe8$\x81\xa8\
\xad)\xce\x89\xb6M\xcc;\xbe\x82\xa7\x1f\x7f\x12\x9b7\
l\x02\xed\x1f\xd1\xc2\x02\xf4\xec\xd5\x0bg\x12|\xe7\x5c\
z\x09.\x9e=\x0b\xc70\xf7V\xd8\xa9#\x9d\x83L\
\xc4K\xc3g\x9eY\x0a\x0d\xcb\x12\xd0~\x00\xf3]\xff\
\x06\x0e\x9b\xab\x997\xad\xd8W\x0a\xe3\xf0\xd5%\xa5Y\
\x905o<\xc8T@\x16\x06\x08\x02\xad&#\x93Z\
\xc2\xb5\x22\x0c,\x22\x0b \xfc\xfb\x09tQ\x04\x01\x84\
,Z\x08\x84\x14\xc8#\xcb\x89\x90\x85\x09!\x11\x98\xc6\
g\x8f\x03\x82\xfb\xd0\xbc\x86@\xa7\xe8\x94fb-\xc1\
\x09\xb4xS+4\xd9\x15i\x13\x19&`\xb1\xbd.\
!\xcf\x116\x19\xa1\x95\xdd\xd7\x94\xc7L\x00\xba\xca\xa1\
\x0c\x80\x0e4$\xeb\xe3cA\xc8\xcd>WY\x0a\x01\
\x81(d\xfd\x02\x82\xd7\x84he\xfe\xd7\xbcv&!\
y\x930B@H\x99-\x1a\x80\xb9V\xf3\xda\xfc\xbc\
B\xe4\xe5\xe5\x11\xa0}\x08>\x9f\x8a\xcb\xa6\x12\x94\x01\
]\xb6\xdd\xb4_\xf0:A\xf9y[\xf6#\xf8\xd7\x14\
\xae\xb2\x1f\xb3m\x8a\xd9\x892 j\x84\xd9\x94K\xc0\
\xe0b\x91i71-\xb2\xe9\xe3\x0d\xac_Q\xaf@\
\xc4\xcae\x9a\xc1Fy\xf1\x01\xbc\xfe\xec\xcbx\x9c@\
\xbb\xf4\x89\xe7\x98\xc7\xff\x08\x95\xec\x93Ts\x1b\xcc\xc4\
\x9e \xfb6\xaf\x8bY\xb4\x0b\x8fmkK'\x09|\
!\x02\xa5\x11\xe5h\xe2\xd8\x13\x8f\xc3yS&a\xee\
e\xf3p\xf6\xd9\xe7`\xc01\x03\x90\xdb\xb5+\x84\xe3\
\xa0x\xfbN,y\xe8\x11,\xba\xff!\xac\x5c\xfe.\
Z\xeb\x9a\xb3:6\x8c\xdb\x8c\xaa\x1c\xf6\xa9\xcf\xfa\xfd\
@\x10t\x15\x02\xc7E\x9c\xb6[\xd0\xbd\x07f.\xb8\
\x1c\xf3n\xb8\x81\xecv8r\x99\x07\x16\xd4/U\x01\
IFk\xb6\x03\x92\x0b\x93/\x07\xf5b\xb1\xe1!\xfb\
]\x02PBC\xb1W\x026\x5c\xe8\xb0.\x91H|\
Xs\xa8\xea\xd1\xda\x86\xf2W\x07\x0d\x1f^j|\x88\
\x97\xb5\x7f\xfeD\x03Fw\x7fr\xa8}\xf7w\x1a\xb8\
\xf3\xce;\xc3\xb3\xcf>\xbb\xa1\xa1\xad\xed\xfd\x9a\xaa\xca\
\x07\xda\x9a\x9b^\x84\xd6\xc5\xb6\xa5\xdahd:4\xbf\
w@`u\xa8E\xc9\xc9\x03Mc\xd44BiY\
4X\x07\x9aF\xeb\x0b\x01\xc3T$\xd9`\xa7>}\
0f\xda\x85\xf8\xc27\xff\x0bc/\x9c\x8c4\x87\x88\
\x8dt\xae&c\xd4t\x02\xc5!g\x82\xb3\xea2#\
\xd0\xc9\xcdG\xa2\xba\x09k9\xe1\xf4\xf4\xa3\x8fc\xc9\
\xc2G\xb1{\xc3f\x08:d\xf4\xc8#\xd1\xe7\xe4\x13\
Pt\xde9\x98w\xe5|\xb2\x94\x22\xf4=\xeeh\xe4\
u\xed\x008\x02\xc90\x85\x94\x9fF\x22\xfb>\xad\x80\
M@\xb7\xe8\x1e\xaet\x90\xef\xe4 \xcf\x8a\x22\xa2\xc9\
R\xe8\x80\x82L\xdb\x00\xa1 \xc8\xd8\xac\xdb\x00\x95\xc7\
\x9c\x1d\xe8`\xd9b\xbc\x8fE\x83\x8d\xe41^\x06\x90\
\xedK:\xa6T\x0a\x1d;wB\xc4\xbc6GpU\
\xa6\xdd\x5c\x83\xc7\x05\xafQ\x5c+\xd6)\x95\xca~9\
\xc1|[\xca\xa4g\xb2E*(\x82\xa9\x91\x8b[\x04\
>@3\xf7\x09\x02\xbf\xcf<\xb0\x97Ls?\x80\xad\
x\x05\xaf5oC0\xb7\x0eM}I)\xb3 \x0a\
F\x00#7(TKK\x0bZ[[a\xf6\xa5\x06\
$\xf5.\xf0\xc9b6x\x8f\xc9\xc7\x9bQC\x1eg\
\xe1\xcd\xb6\x10\x04l\x06\x0b\xaa\x9f\xf7I\x06\x19\x99]\
\x9b:\xc0\xb6\xe2\x93%\xe4\xda\x14\xae\xfe\xd7\xc7\x80\x7f\
\x22\xd1\x06\x8bm4\xc5\xc8DS\xc0\xce-;8\xcc\
?\x84\x90)\xa4\xedk6a\x09G\x17\x0b\x7fq\x1f\
\x96\xbd\xf0J\xf6\xbf\xc9i\xaej@\xc0\x00\x13\xb5\xd9\
\x17L9i>/\xe3\x07H\x92y\xb61x\xa6\x98\
\xb3\xd54,\x19\xb3\xd1g@?\x5cp\xf1\x14\x5cy\
\xe3\xb5\x988\xf3\x22\x1c\xcd\xbe\xcf\xe1\xbcA\x8az\xda\
\xf2\xe1j,y\xf0Q<\xfe\xe0#\xf8\x88\x93\xb2\xf5\
\xe5\x87\x08\xf4\x1a6\x83\x088\xaa\xc8\x8d\xe62 \x0a\
4\x997O\xa8\xc7\x90\xfd\x91\xa6N\x91\x93\x8b\xd1\x13\
&\xe2\x86\xaf|\x05c/\xb8\x00]\xfa\xf7\x87\xe2\xa8\
\xc57\xba\xe2\x88@\x98k\xd8\x9f\x01#\xa6\x01]\xaa\
\x8f\xfd%\xe0e2\x88E\x1dp\xd4\x87$\xdb-\xd8\
!J\x8a\xbaDK\xeb\x075\x15U\x8f\xd56T\xbd\
s\xe6\x99\xe7\xd5\x09!\xfe\x9c\xca\xfe\x97\x0e\xff\xd3\x0e\
\xc8\xff\xb4\x06\xff\xad\xed\xa5\xf1\xe8\xe1\xc3\x87\xb7\x1e\xac\
\xa9Y\xbb\x7fO\xf1}5\xe5\x15\x8b\xfc\x8c\xb7\xce\x91\
V\xab+\xa4\xf6\x93)H\xb21\x8b\x00\x12\xb1\x1d8\
4j\x18\x07\x22\x00'8\x04\xf6\x10B\xb9\x0e<!\
\x10\xd0r\xdd\xdc\x18\xfa\x0e\x1e\x84\xcb\xbe\xf55\x5c\xfd\
\xb5;\xd0\xe5\xb8c\xe0\xe5DPC\x03n\xa3\xc39\
N\x04NhC&\x02\x04\x8d\x09\x84\x9c\xd16?\xad\
\xb7\xe2\xf57\xf1\xd8\x83\x0f\xe1\xf9%O\xa2t\xcb\x16\
\x08\xa6\x14\x22\x04\xbc\xbe\xa7\x9e\x8c\xf3\xe7N\xc7e\xd7\
]\x89\xb3\xce\x1b\x87n}zB\xc5\x5cD\xf2b\xb0\
]\x17\x96\xe5B\x10X|\xe6\x1e\xfdd\x1a\x06\xd0\xd2\
\x04\xf6L\xbc\x0d\x8a\xcc'\x16\x89\x22?'\x0f\xd1h\
\x14`\x1b2\x94\xc1\xfc\xc0\x0bq\xcc`\x19\xccBl\
\x83\xe6\xc6\xef\xd6\xc6\x11\x0d\x00Z\x8e\x85nGt#\
\x0b\xcb\x05\x94\x84\xf9\x81\x19\x8f\xf7\xfbt\xd4\x14\xdb\x1e\
\xf0.\x8fz\xf0\xc9J\x9b[\x9aa~mKS7\
\x9a\x15\x19\xa0C\xc0J\xf9 #\x1f\xc8:%K^\
4\x8fCk\x07Q'\x8a\x1c\xce\x94\x83\xb2\xa7S\xd4\
1ug[\x16\x0cc\x15B@r\xdf\xe2\xbe`}\
`I\xb4&\xd0\xdc\xd8D0\xd0\xdc\xe5QAy\x00\
\xca\x04\xf0\x11P\x0c\x80\x06<\xcc7\xc4:0\xc5 \
\x09*\x16\x83\x91\x80\x22@K\x80u\x00\xbf[\xe3\xaf\
^2\xec\x07\xc5\xba\x1c\xc7\xc9\xb2o\xc5\xe7F\xec\x08\
\xea\x98\x97}\xf1\xa9\xe7\xf0\x10\x81v\xc9C\x8b\xf0\xce\
+o\xa1x\xd3\x0e4U\x12l[<p\xaa\x09\xb6\
\xb082\x01\xdahCP\x0a9\x1c\xc9\xc0\xb5\x91\x08\
2\xb0r\xa2\x18\xc4\x09\xb29\x97\xcf\xc7\x8d\xb7\xdf\x8a\
\x09\xd3\xa7\xa2\xf7Q}\x11U`\xae\xb7\x0d%\x1b\xd7\
\xe3\xed\x97_\xe5\xe4\xe3sX\xb6\xf4e\xd6\xbd\x95l\
9\x89\xa8Vp\xa9\xc7l.\x1d\xd4\x17mS\xd1&\
\xa3\xb9y\x80\xed\xa0\x89\x81\xb8\xfbQG\xe3\xf2\x9bn\
\xc2\xd5_\xfe2N:c$\x22\x9c\x7fH\x93@$\
\x99\xc6\x01\xdb\x91b\x9f%\xfd\x0c<\xf6!33p\
x\x7f\x84\xf9j\xc1h\xe2(\x09\xa9\x04G,)D\
\xae3t|\x00\x00\x10\x00IDATm+\xe9\xa5\
\x92;j*\xab\x9e\xac*+\xfbycy\xf5\xf2\x11\
#\xcem\x14B\xb0\x13\xf0\xd9X\xfe\x0dR\xca\x7f\xc3\
3?\x8b\x8f\xd4\xe6\xfd\xc2\x93F\x8c(\xde\xb9e\xd3\
\xc2\xadk\xd6\xfc<^_\xbf\x0c\x12u\x8e\x1b\xd5\x9a\
\x80\x96jm\x83\x9f\xa6\xa12\xed\x90\xa1\xb1\x12W`\
\xd1\x80-\xe6\xe5|\x02\x87\xe5:PQ\x17)Zq\
\x86c477\x8a\xa1\xe3\xcf\xc6\xb7~y7\xce\xe5\
DH\xb4[g(\xe6\xd1,:l\x90\xf4Q\xa0b\
\xe8\x16-D\x172\xde\x1c\x82p\xd0\x9a\xc4\xfe\xe2=\
X\xb2\xe81\xfc\xf8\x87?\xc0\xab/\xbf\x8c\xba\xea\x0a\
\xb4\xb54\xc0!\xc8\x1e3\xe8$\xcc\xba\xfcR\xdc\xf6\
__\xc6\xb4\xb93PxD\x17\x08\xc7\x82\x91%C\
\x06\x19\x8b\xe6\xa0S\xc7.(\xcc+DN4\xc6!\
o\x84p\xa3`\x80/\xc9I\x9b\xc6\xc6\x16\xc4\x99\xf2\
0\xf2v\xee\xda\x0d!\x1b\x072\xdc?\xee,\xcd\x9d\
la\x1bLzA\x10\xf8\xf2\xf2\xf3\x08\xec*\x0b8\
\x06\x10\x032Q\x9f\x88\x9a&Sc\x0a\x11i\xea\x22\
M\x07nln\x86\xf9\xb1\xf0\x80l\xce\xb0C\xc3\x5c\
\xcduFOB\xd9\x10tl)$\x9a\x9b\x9a\xb39\
\x5cI\x9ed\xaee6\x07t\xe2lP0:\xf45\
OP\x0e\xc9g[\x96\xc5-@\x00Hsb\xb1\x89\
\xf9\xef\x80,]\x1b\xf9x\x9dy\x8e)\xdc\x85\x91\xdb\
<\xcf\xa6\x8e;w\xe9\x02\xc7\x89\xc0\xd4\x01\x22\xb2\x12\
\xac\x87kV\xc3\x8f\xa9\xcd\x14n\xfe\xaf\x8fy\xf6'\
\x85\x95\x0a\xea\xc7\x926b\xac\xd3g\xbb\xbc\x8c\x0f\xc9\
\x7f\xe6\xad\x07\xf36\xc5\xfb+\xde\xc7;o\xbe\x8d\x92\
\xdd%\xe0\x98\x1ey\x91<D`Cz@T\xd0\x1e\
\xa4\x05\xd3&\x8b\x01/A\xa0\xabo\x8bC\xc5b(\
\x9a0\x1ew|\xf3k\xb8\x849\xdb\x09\xb3gp^\
\xa0/\xd2m\xadLa$\xd0\xd4\xd2\x84\xb7\x97\xbd\x81\
E\x0c\xc0O=\xfa\x18>X\xb6\x22\xfb\xba]\x87h\
\x01\xba\xe4\x14\x12\x94\x1dX\x94\xcb\x116l\xea\xd5\xa3\
\x5c\xec~\xb42pY\x94s\xc6%\x97\xe0\xdbw\xfd\
\x10\xa3\xcf\x19\x87\xbc\xfc|\xdad\x0c\xb0m8d\xbe\
\x92\xa3\xb1\x04\x83\x88\xb6$`)X<N5#\xd4\
></\x89\xa6\xc6Fh\xdarK}\x03\xa4\xed4\
&[\xe2\xab\xf7\xec\xde{\xef\x9e][\x7f2\xe0\x94\
\xc1\x1f\x0d\x197\xaeY\xb4\x03.\xfe\xafE\xfe_\x17\
\xb4\x9f\xff\x83\x06\x8cA\x9d3mZ}ek\xeb\x9b\
\xa5\x07\x0e\xdc\xe3'S+\xb4\xef\x97\x0b\xa52\x91h\
\x8c\xd9\x04\x1b\x8a\x97\x9b\xe1\xad\x99`\x10\x02HeR\
\x80\xd0\xc8\x10\x90\x93\xe9\x14,\xe6p\x05\xd9L\x06\x80\
\xc8\xcdAa\x8f\x9e\xb8\xf4\xda\xeb\xf0\xb5\xef\x7f\x1f\x03\
\x06\x9d\x0aA\xa7\xcb\xed\xda\x05\x8dt\x12M \xf2\x99\
'\x0c\x09$\xa6f\xf3\xca\x97M&Su\xb0\x1c\x8f\
1\xdd\xf0\xed\xff\xfa\x16\xcc+A5U\xd50\x80g\
^\xbc?\xa2WO\x5c4g\x16\xee\xba\xe7'\x98s\
\xc5\xa58\xf5\x8c\xa1\x88u\xccE<L\xa1\xb6\xad\x01\
\xb5\xf1F\xa4\x98\xf7\xb5\x98\xda\xb08\x11\xa7\x0dx\x00\
\xc8\xe5s\xf3s\xf3\x09\x0e\x01j\xab\x0f\xf1\x08`\x00\
\xd1\x94\xec\x0e\xff\xb0\x19l\x8a\xc8\x82\x95\xad,\x923\
E\xf0r9,\x074\x9d\xdb\xce\x02\x8e\x8d\x08\x9d=\
\x22,D\xad(,\xae\x15\x8bi\x07q\x10\xca\xb2\xe8\
\xcc\x16$\x9d:\x0bz\x00\xeb\x0c \x08\xd4\xe0\x92C\
\x9d\xe4p\x02\xd2\x00d\x9a\xac\xccu]\x82Z\x0e\xe2\
\xf18\x98O\x87\x91\xd7\x14\x03\xd0\xbf\x07]!\x10\x90\
a\xb7\xb5\xb5!4\xf5\xb0M\x9a\xe0\xaf\xd9N\x90e\
\x0b\xf3`\xaeC\x06\x00\xd8\x0e\x0a\xc8\xfaL\xff\x98z\
B\x84\xd0\xec0-\xb8\xce\x96\x00\x14\x06Z\x18\x98\x06\
\xd7\xf8\xfdbt\xf1\xc7\xc5\xe0\xb4))\xf6\x95\xcf\xba\
]\xc7\x86y.\x85@\xa25\x8e\x02\xb6\xc3\x96\x12\x92\
@e\x82\x81\xcf\x092\x9f\x08\x18R\x1eS\x8f/\xa9\
nK@\xe6\xba\xe8\xc5\x14\xc2\xf4y\xb3\xf0_\xdf\xfb\
\x16.\xbf\xf6j\x9cr\xfa`\xf48\xe6(\x88D\x02\
!\xd3&\xcd\x04\xbc\x17\x9f~\x16\xdf\xfa\xcaW\xf1\xf0\
}\x0fb\xd7\xa6\xed\x10\xc9\x00=:uA\xc7\xdcB\
\x04\xb4\xaf\x04\x83f\x9aA?\xc5\x5cm\x1bm&\xc5\
&\x08\xca\xe0t,\xc4\x88qg\xe3\x0b\xdf\xf8\x06f\
\x5cq9:\x1ey$\xdcO\xbe5\x99\xe6}ZH\
\x04Fg\x0c_\x0eG\x18\x01uG\xd1\xd8\x9b\x02\x9a\
\xfdj\xec\xcf\xe5\xa8\xc0\xfcv\xb4\x0c\x03\x9dWXX\
\x15x\x99u\xc5{\xf7\xdcS\xb5o\xff\xe3c\xce\xbd\
\xb0L\x08*\x0f\xed\xcb_\xa3\x01\xa3\xdb\xbf\xe6\xba\xf6\
k\xfeH\x03\xe7\x9f\x7f~\x02eek7\xae]\xf7\
\x8d\x83\xfbK~\xa3\x83p=\xb4\xae\x07\xbdI*2\
\x0c\xdb\x82\xa4c\x09:\xbdkYY\xcf\xb5\x1d\x17\xae\
\x13\x81\x01\x0b@\xc2\xb0;\x0d\x05\xe5\xc4\x10\xe9\xd0\x09\
\x03\x87\x9e\x8ek\xee\xb8\x03\x17]}%:\x1d{\x14\
2\x1drQG\xba\x97\x92\x0aR\xd8\x10f\xf6\xd9\x07\
,\xa2u\x9ey\xe76\x0dT\x15\xef\xc7K\x8f?\x85\
'\xee_\x88w_{\x03\xd5e\xe5Hs\x98H\xf8\
\x80\x9b\x1f\xc3y\x17O\xc6Uw\x5c\x8f\xf9\xb7\x5c\x89\
!\xe7\x0cG\xa7\xfe= ;F\x90t|4\x05I\
4f\xda\x90\xd4\x19\x92\xb0\x00!\x9dK2\x9f\xea\xc2\
B\x9e\x1b\xe3\xf34\x04\xc1H\x0a\xc1\xb6\x80\xe9\x0c\xee\
s\xb2M\x10\x93$\x91Fs\x9d\x13\xcd\x85\xc9\x19z\
\x1c\xc2\x0a\x02K\x84\x01\xc1&\x8b\xb3\x92\x1aQ\xcfB\
4\xb0\xb2\xb3\xf6\x01\xefkmlB\xc6\x0c\xa3y\x1d\
\x15\x02b\x11\xccZ\x1bFl\xd8\x15u%\x08t\x01\
\xa5Iy)\x18 \xb4\x18\x9cL[\x0c\xdb\xb5m\x07\
\x9a\xcf\x89R\x87\x9a\xc0%!X_\x1a\xc6\xd5e\x88\
, W\xd7T@*\x0d\x9b@\xe6\xa7\x12\x9c\xbc\x0a\
\xe1H\x01\x87\xd7\xda\xa0\xfc\x04\x22F?t\xef~\x04\
Yc\x0a6\x99\x9c\x01\xf5\x90\xcf\x0cD\x86\xcf\xf4\xd8\
5\x01\xa0X\xa1\x0c\xb8\xef\x13\x92\x03\x84|\x88`\x9d\
\x92}\xcb\x07\x80\x98\xc6c\x04S\x8753x\x84a\
\x00\xa3+\x80\xf7\x91\xb1\xa6\x99**d~4\x19o\
\x05h\x07\x8ec\xf1<ed\x9d\xa1#\xe0\xdb@\xc6\
\x0e\xe1t\x8ca\xe0\xe9'a\xfe\x8dW\xe0\xb6o~\
\x05\xe7\xcf\x9a\x8a\xfe\xc7\x1f\x8bh\xe7\x02x\xac\xa7\xa9\
\xaa\x0a\xc5;w\xe1)N\xa6\xde\xfd\xdd\x1f\xe2\x95g\
\x96\xa2\x99\xb9`\x95\x04\x1cO\xc2e\xdeVP\xb7\xa1\
\x09\xcc\x90HR\xb06\xb6\xd5\x8f\xb2\x8f\xa36\x929\
\x0e:\x1f{4&\xcf\xbf\x04\xf3o\xfd\x02N>\xbb\
\x08V\xa7Bh\xd7\x05\xa8\x17I\xb9\x5c\xb2l\xcd\xfe\
\x14\xa6\xefhk\x8a\xf7[\xac7$k\x17\xac\xcfa\
G\x99\x22\xa0\xb5\x97N\xb4\xfa\x90\xc5{\xb7\xef^\xb8\
f\xd5\xc7_\xda_y\xe8\x9dq3f4\xb3#\xff\
\x89\x9f\xcf_\xd5\xf2\xf3\xd7\xa4\x7fM\x8bN\x9c1#\
3\xec\x9csv\xef\xdb\xb9\xf3\x81\xbd\xbbv|\xdfO\
$Wp\xc6\xb94\x0c\xc2T&\x99\xd2!\xd9\x82%\
\x14\x144\xe8\x97\xc6\xc6AL\xa63\x05\xa07C\xd2\
\xc0\x03\x1ax\x86\x86\xed\xf3\xda4A\xafc\xaf^\x98\
0c\x06\xae\xbe\xe3vL\x22[\xed>\xe0(\x98\x1f\
\x1c\xf1\x09\xdc\x9a\x85)\xd8\xdf\xdf\x1f\x91.\xf2\x9c\x5c\
 \x1db='S\x1e\xbbo!\x1e\xf8\xc5o\xf1\xca\
\xd3/b\xef\xb6]H$30\xf9\xc6\x9c\xfc\x1c\x0c\
\x1d5\x02W]\x7f-\xae\xbf\xf5F\x9c\xcb\xd9\xefc\
N\x1c\x88\x0e\xdd;C\xe5F\x08\x00\x92N\xa8 \xa3\
\x0eB[ T\x1a*bAs[+\x89\x80\xe8j\
\x18\xa1\xedZd\x9cQ8\x04*I\x15\xbb\xb6\x0d\x9f\
\x93*\xebV\xad\xc6\xd2EK\xf0\xd6\xf3\xaf`\xd3\x87\
k\xb0}\xf5z42oY{\xa0\x0a\xf5\xa5\xd5\xc8\
4\xb6\xa1\xa9\xe2\x10\x1a\xaa\xeb\xe1*\x17\x8e\xe5\xd2}\
M\x0dto:4 \x11\x0a\xb0\x84\x08\x99\xeb0:\
\x0a\xa93S4\xd7Z\xf3\xef_QB\x82y\xaa-\
\xcd\xbcn\x0b\x04\x87\xd7\xf99\xf9p-\x07^\xcaC\
\x9a\xba \xa6\xc3\x926\x04'\x0f;u\xec\x0c\xdbv\
\x91&;M2HYl\x8b\x10\x04e\x1c.\x14\x90\
=\xc3F\xf2/\x0f\xc3\xb6,\xf8\x04\xfc\x14\x19m\x86\
\xc0-\x95\x02\x84@2\x99\x80\xc9{\xdaQ\x17\xa6\x0d\
\xe6\xab\xda\x81\x08!\x1d\x05aSw\x22\xc8n{\x5c\
\x9b\x1f\xa1Q\x1c]t\xec\xd1\x05\xc7\x0f\x19\x84q\xec\
\x87\xabn\xba\x0eW^\x7f\x0dF\x8e\x1d\x8d\xceGt\
\xc9\x8e\x00\xd2\x14\xb4\xa6\xac\x0ck>\xf8\x10K8\x81\
\xfa\xb3\x1f\xfe\x18K\x9f~\x0eM\xd4\x9fd_g\x98\
\xe3\xcfc\xa0\x8e\xd91D\xdd(\xa2\xb1<jM\x22\
C\x1d\xc1%\x98F\x5c\x04\xae\x8d\x9e\x03\x8e\xc1\x85s\
\xe6\xe0\xfa;n\xc3\xa4\x19\x17\xa3K\xef^\xbc.\x84\
\x87\x90k\x8d\x90\xed\xc9\xea\x96\x0ddS\xd8\x1cs\xcc\
G@}H\xd6\x15u\x5c(\xc16\xf8\xc6\xeaX\xbd\
\x1fTKi\x7f\xb0\x7fw\xf1];\x0f\x94\xfcfd\
Q\xd1\xa6\x193f\xc4\xd1\xbe\xfc\xcd\x1a0\xd6\xff7\
\xdf\xd4~\xc3\x1f4`\xd2\x0d\x15--o\xaf]\xbb\
\xe6;e\x07\xf6\xdf\x1f\x86\xfe\x1a7\x12iV\xd2\xd0\
%@\xf0\x1f\xc8$\x00\xcd-\x16Z\xf8aV$`\
\x96\xc0\xb8\x80\x14\x8827j\x98GH'8\xf2\xd8\
\x01\x98<s:.\xb9\xe6\xaa\xec\x7f\x8a\xd9\xed\xe8\xfe\
H*\x01I\xf6\x14\xed\xd8\x01I\x02a\x92\xc3H\xd6\
\x86\x14\xf3\xb1Q+\x06\x99\x01\x8a9Q\xf3\xc2cO\
\xe3\xd1_?\x88\x97\x1fy\x02[\xd7lDs}\x0b\
\x14\x19Z~4\x07\xc7\x9fp\x22f\xcd\x99\x8b\xebn\
\xbe\x09\xb3\x16\xcc\xc7\xe8\xf1E\xe83\xb0?\xec\x82(\
\xd2\xaeF\x9b\xe5\xa3Y\xa4\xd1\x18&\x90\xe4\xb4\xbbO\
\xb0 \xc1\x86'|\x98\x1f\xddi#3\xceh\x0f^\
\xe0\x13p\x92h8T\x83\xb5\x1f\xae\xc2\xab\xcf\xbe\x80\
g\x17.\xc2\xa3\xbf\xb8\x17\x0f\xdc\xfdK|\xff\x8e\xaf\
\xe3\x81{~\x83'\x1f^\x8c\xb7\x96\xbe\x81U+V\
\xa2|\x7f\x05\xd2\x89\x0c|\xb2i\x10\x14\x8d\xecZH\
\xfc\xee\x9b|\x01\xb7}\x08j\x09`t\xfa\xdb\x8a\xe6\
\xe5\xac\xb7\xb5>\x8exc\x12\x01\xc7\xd5aZC\xf8\
\x16\xa2v.\xc17\x872K\xc4[\x92\xa8.\xadD\
[<\x0d\xdb\x8d\xf0Y\x16\x92\x99\x00\xccL@\x86*\
[\x04\x19\x9fd\x11\x9c\x8c\x92\x94S\xb0\x04\x9e\x86E\
\xf9\x5c\x02\xb5c\xd9\x04u@R\xd6\x08\xeb\x08\xa1\x99\
/\x8d#\x90\xdc\xb24\xd9f\x1a\xad\xe96\xea/\x8d\
\x90\xacVG\x14\x0a\x19\xe0\x06\x9ez\x22\x8a&\x8e\xc3\
\xb4y3\xb3\xffk\xc6\xcc+/\xc3\xb03G\xa1#\
\x87\xf9A\x10\xa2\x95\xb9\xec\xfd\xc5{\xf1\xfeK\xaf\xe1\
\x91{\x1f\xc4C\xbf\xbc\x17o\xbd\xf4:\x12u-\x88\
\xc1\x81\x1f\xcf@\xf9\x02yn.\x92\x9c\x085A\xba\
\x85\x13_M\x0c\x04\x22\x12\x81)>\x83\xc1\x11\xbd{\
c\xdc\xc4I\xb8\xea\xc6\x1b\xf4\x84\xf3'\xa3\xff\xb1\x03\
\xe12\x9d\xa2\x15%V6l^\xab\x5c\x1b\xb0\xc0\x80\
\xaa\x91a\xb07\xe9\x04!\x04l\xcbF\x84\xc0\xedX\
\x0a\xa6\x0f\x04\xff\xda\xb6\xd3\x1az\xde\xe6\x9a\xca\xcaE\
\xdb6l\xfc\xde\xc1C\x87^\x982eJ%\xda\x97\
\xffg\x0d\xc8\xff\xe7;\xdbo\xa4\xdb\x1dV\x82\x99d\
[\xb6r\xe5v\xce\xe0>\xba\x7f\xff\x81{\xdbZ\xe3\
ofR\x89\x83:\xe0\x18\x9et\x22$H\x85\xcc)\
\x1e\xbeZ\xd3\x9euvS\x10l\x95e!\xa4u\x07\
f\x88j\x80\xd5\xb1\x11\x12\x88s:\xe4\xe3\x943G\
\xe2\xe2+\x17`\x0e\xd9\xd0\xe8\xf3'!\x9f\xc3\xe24\
\x19\xb2\x88\xc6\xe0q\xdd\x9aH!\xe0\xcd\x06\xcc2d\
yNh!\x1a\xda\xa8\xd9W\x81e\xcf\xbf\x86%\x0f\
.\xc2\xd3\x0f/\xc2G\xaf\xbf\x89\xd2}\xfb\x11on\
%{\x11\xe8\xde\xa7w\xf65\xb39\x0b.\xc1\xbc\xab\
\x17pX;\x0d\x83\xc7\x0cC\xaf\x13\xfa#\xb7gG\
 \xcf\x81\x9d\xeb \xe5\xa7\xd1B\xa0\x0dm\x0d;'\
\x02\xedHx\x1c\x8a\xc3\x12P\x96d\xfb5B\xe6\x04\
-\x02\x97\xe6D_kE\x0d\x9aK\x0f\xa1zO)\
*\x8a\x0fb\xd5[\xef\xe3\x85'\x9e\xc5\xdb/\xbdI\
\xf6[\x07\xf3\xfe\xad2`\xc6\xc2\x1a\x00X\xd0Be\
K@\x183\xdb\x82k!$\xc4\xdfP$\xafU\xa1\
\x80\xdf\xea\xa1\xad\xae\x8d\xac\xb0\x15\xa5;K\xb1s\xed\
6l\xf8`\x1d\x96\xbf\xb4\x0c//~\x16\x8b\x1fz\
\x1c\x8f=\xf8(^}\xf1U$Z\xda`I\x0b\x86\
\xd1Q\xe1P\xfc'\x8c\x5c\xbf+\x04[\x0a\x06\xc1\xba\
Mz#C\x803\xac\xd6'B\x07\xecK\x9f}\x9a\
&S6\x8c\xd6\xce\x8bp\xc4\x00\xa4\xa8\x1d\xedJ\xe4\
u)D\x8f~\xbd\xd0\x97#\x95\xa2\x09gc\xd6\xa5\
sp\xe5\x0d\xd7`\xf6e\x97`\xec\xb9\xe3\xd0w\xe0\
1\xb0\x08|\xad\xccS\x1f\xd8\xb3\x17\x1f\xbd\xf5\x0e\x9e\
_\xfc\x14\x16\xfe\xe6><\xf2\xdb\x07\xb1\xee\xfd\x8f\xa0\
\x13\x1ebL+\xb9\x81\x82\x0b\x82%\xa3_@=\x9b\
TB\xc4\x8d\x02\xb6\x0d\x9f\xe9\x0d\xcfV\xc8\x10P\xbb\
\xf5\xe9\x8b\xf3.\xbc\x10\xf3o\xb8\x01\xb3\xae\xbc\x02'\
\x0c\x1b&:r\xbe\x00R\xc1X\x9b$\xa0\x0a\xdaZ\
\x86\xa9\x19\x9f\xb6F5C\xf0>~\x00\xb2s\xcd\xd1\
\x16\xed\x95\x0c8d\x1a'\x0c\x99?Ox\xe9LY\
:\x91Z^UU\xf3\xc0\xfe\x03{\x1elJ\xa7?\
\x1e\xc7\xc92\xfc\xcf\xa5}\xefo\xd4\x80\xfc\x1b\xafo\
\xbf\xfc\x8f4`\x8c\xf9w\xbb\xe6\x9d\xde\x91\xe3\xc6U\
\xd564\xbc\xbao\xef\xde\x9f\xd5\xd7\xd5>\xca\xdc\xde\
\x06\x09\xdd\xac\x94\x0c%\x01V\x08\xde\xc1\x1c\x1f8|\
\x13\x10\xd9[i\xe2\x10B\x12f5\xc7p\x1aL\xd5\
!\xa4#i\xb2\x0d3\xfbow\xea\x88\x93\xce<\x03\
s8\xb9\xb2\xe0\x96\x9b1z\xd2D\x1c\xd1\xaf\x1f\x9c\
\xfc|\x08\xe6\xe3$s\x9c\x11\xe6V\x1d+\x0aan\
\xf0\x00\xe9\x09\xa8\x0cP\xbd\xbf\x1c\x9b?ZK\xe0{\
\x06\x8f\xdc\xf7\x10\xdex\xfeEN\xc0lF]E9\
R\xcd\x0d\x88\xe5Fa\xfe\xc3\xccI\x17_\x80K\xae\
\xbe\x0c\xf3\xaf[@\x00\xbe\x10CG\x0fG\xcf\xfeG\
\xa2\x13\x19Z\xac \x07\x82l\xadM\xa7\xd0\xe2\xb5\xc1\
Sd\x86*\x84a\xc1\x0eY\x11#\x08$\x87\xaa9\
\xcaE.A\x22_\xb8\xc8WQ\x18\xb0\x88\x84\x0a\x96\
\x07\x84d\xb8\x8a\xa3T\xcd\x89$M\xe0Pd\xfe2\
\x14\x90TG\x16\x11\xb8\x0f\x08\x80E\x0a\x01A}\xfc\
M\x85\x08\x22\xc9\x02\x1b\x0e\x1e\xc2\x8ag^\xc3s\xbf\
]\x84'~\xfd\x08\x9e\xf8\xcd\x22<\xf3\xc0\x13\xcc{\
?\x87\xe5/\xbe\x81\xd5o\x7f\x88\x8d\x1f\xad\xc3\x96\x8f\
\xd7C\xa7|(\xca\xedJ\x0b\x9a9Q\xc1:\xc0\xc2\
\xae\x01\x0fg\xc5\x0a)\x0b\xa4\x80\x1b\x8b@\xb2O|\
\xb0\xdd\xec?\x12a\x98\xe2\xc1G\x9c\xb3\xfai\xae\xf3\
\xbbv@\xff\xe3\x07`\xc8\x19C1~\xf2\x04\xcc^\
0\x0f\xd7\xdct=f\xcd\x9d\x8d3\xcf\x1a\x8b\x1e}\
{\xc1\x8e\x92\xb1\x86\x1e\xaa\x0fUa\xdd\xeaUx\xe9\
\xd9\xe7\xf0\xd4cO\xe0\xf9%\xcf\xe0\xdd7\x97\xa3t\
\xf7~\xf6\x9bF\xae\x8c\xc2\xa1\xeer\xd9\xa7~\xcaC\
@Y];\x02\x97\xb9\xf6PK\x98\x892_Y\x08\
\x99\xbb\xedDf;v\xe2y\xb8\xec\xa6\x1b1c\xc1\
\x02\x9c4b8r\xbaucS,\x80yp\xde\x84\
P*J(\x10\x1a\xbd\x92\x0d\x07l\x83I\xe3@h\
\xf0\x10\x04\xcc\x12B\x13\x8c\x09\xbc\x01\x83XS\xe8\xf9\
\x1b\xea\xaa\xab\x17\x97\xec\xd9sO\xe9\xae]\xcf.{\
ouIQQ\x91o\xael/\x7f\x9f\x06\xe4\xdfw\
{\xfb\xdd\x7f\xac\x01!\x84\x1e5j\x14\xf9\x166T\
\xd6T>\xd6P\xdft_\xbc\xa5\xe5\xd5t\x22\xb1'\
\xf43-\xb4\xf1P\xd1\xc29x\x03-\x1c\x9a\xc6o\
\x18\xaeq\x02\x93+\xf4\xc8\xa0\x02\xe6&}\xb2\x8e\x8c\
9\xc7kSdS\xbem\x91\xe5v\xc7 2\xdf\xe9\
\xf3/\xc5e\xd7_\xcf\xdc\xec\x14\x1cu\xfc\x89\x90\x86\
\xf5\xd2s\x02HH\xe5@\x10\xf8@D\xb0\xa4\x0bG\
8\x08\x92>\x1a\x0f5d_\xd6\x7fm\xe9\xabX\xf4\
\xd0#YG7\xff\x1b\xc4\x96M\x9bPG\x00\x08\xc9\
\xdar\xf2b\xe8wT_\x8c?\xf7\x1c\x8a\xb17]\
\x00\x00\x10\x00IDAT\x5cq\xed\x95\xb8\xfa\xda\xab\
0w\xfe\x5c\x9c;\xe9\x5c\x9cz\xfai8\xfa\xf8\xa3\
\xd1\xe5\xc8n\x901\x1bI\xa6\x18\xd2\x22\x00l\x81\x8c\
\x99\x08\xa3\xac\x92\x8e\xad\xa0`\xdej\xc8\xa5Li\xce\
\xa4\x1bp\x8d\x90\x91Y\x02\x04X\x0d\xd7\xb2\x99\xd3\xb5\
 \x10\xb2\xe8l\xfb\x05\x1d\x1d\xe6~\xa3H\xa1\xc1\x13\
\xffO\xc5\xe1\xb3uk\x0a\xdbW\xad\xc7\x96\x0f\xd7\xe2\
\xc0\xe6bN4\x1e@\xfd>\x06\x98\xea&\x04\x8dm\
\xc8\x81\x85\x5c\x167\x14\x88)\x1b`\x8aF\x90\xb9\xb2\
3\x10\x08\x01_\xb1H\x1e\x96!L\xf0#\xc9\xe4:\
Dk&\x81\x8ci\xaf\xab\x80\x88\x84v\x05r:\xe6\
\xa2\xd71}0\x8c\x01j\xd2\xd4\xf3q\xe1\x8ci\x98\
}\xc9\x1c\xccc\xda\xe6\xc2\x19\x17c\xc8\xf0\xe18\x92\
9z\x879\xd6\x0cS\x00\x95\xe5\x15\xd8\xb8n\x03\xde\
|\xf9U<\xfb\xf8\x13xf\xf1\x12,{\xe9U\xec\
\xd8\xb0\x05-\xb5M\x0cL\x8cN\x0cJ6\xdbaS\
\xc60\x13\xb2G-X\xccK\x0b\xdb\x85G\xc5$\xc8\
R\xd3\x04M;\xbf\x00=\x07\x1e\x8b\xb3\xa7\x5c\x80\x05\
_\xb8\x053\xae\xbe\x1a\xa7\x8c\x1c\x89h\xd7.\xe0\x0d\
\x08\x182L\xd0\xd6\xbcV\x0b\xc9}d\x03\x09{\x0c\
\x9a\xed\x94R\x82\xb1\x84j\xf7\x99Z\xf1x\xd2\xe7\xbe\
\x08\x95\x10\xcdA&\xb3\xb7\xa5\xbe\xf1\xcd\xa6\x9a\xfa\x87\
\xca**\x1e}\xfb\xc3\x0f\xd7\x9c9yr\xa3!\x15\
h_\xfe!\x1a\x90`g\xe2\xcf-\xe2\xcf\x9dh?\
\xfe\x974`\xbe\xfe8d\xc8\xa8\x03;\xd7\xad{i\
\xdf\xae=\xbf\xa8.+{\xb0\xa9\xae\xee\x03?\x9d\xae\
 \xbb\xf3\x05AUs\xc2\xc4\xa8\xd7\x12d,\x04\x1d\
A/\x10\x8a\x0e\xcd\x1e\x09\xe9\x18!\x1d#\xe4\xbeY\
{\xdc\xf6\xb8\xad\x1d\x07\x85=z\x90\xcd\x8c\xc0\xa4\xd9\
sp\xc9u\xd7a*s\xb4G\x9dt\x12\x9c\xc2\x0e\
\x00\xc1\xce'\xc8e\xa4\x05\x19\x89A)\x07\xa1\xa7!\
\x02\x81\x88r\x91!\xe3,\xdeQ\x8cw9\x9c]\xca\
<\xec\x92G\x1f\xc3\x93\x8f<\x86\xe5\xaf\xbd\x8e\x92\x9d\
\xc5H6\xb5\xc0&\xe8\xe7E\x22\xe8K6m~\xb1\
j\xea\xac\x19\x983\x7f\x1e\xe6.\xb8\x1438L>\
\xe7\xfc\xf3p\xda\xa8a\xe8yt_\xa8\xbc(BG\
\xc2\x22\x13$\xd1D\x9b\x9f\x81t,\x08[\xc2'0\
K\x82\x94V\x1a\x9ey\xcf\x93\xc5\x1c\xd3\x22\x00d\x08\
z:\x8b\x0f\x0d\x1f\x82\xc7L\x91\x84\x07\x13\x80\xcc\xe4\
\xdd\xdfRB\xeaO\x13\xbcu\xda\x83$3\x8cj\x89\
\xa8V\xc8\x81B\x8c\xfa\x8dp\xdf\xa1\x0er\x08\xb4a\
:\x0dGQ\xcfL\x9d\x04^\x1a\x9e\x9f\xa2\xbc\x80g\
\x85\xc8\x90\xc5\x1f.f\xfbp1\xc7#\x1ds\xd0\xa1\
gg\xf4>\xae/N\x19q*\x8a&\x9f\x83\xa9s\
/\xc6\xbck.\xc3\xdc\xab\x17\xe0\xa293q6\xd3\
\x06\xe6\xc7\xe7\xbb\xf5\xea\x09;\x1aA\xb2-\x8e\xea\x8a\
\x0al^\xbb.\xfb\xdb\xbcO3\xd8=\xb3\xf0Q,\
}\xe2i|\xb4\xec\x1dT\x90\xd5j\xa6\x10,_B\
z\x80#lD$s\xb3\xa1\x00(\xaf\xa2\xac)N\
\xda\x05B!\xb0l\x04\x04\xefh\xb7.8v\xe8`\
\x8c\xbbx\x1af_s5\xa61\x00\x9f6f\x0c\x0a\
\xbaw\x87vl\x88X\x14\x22\x1a\x05\x18\x00\x03\xdaP\
 \x00S@\xfb\x11l3\x15M\x9d\x0b\x02, \xa8\
y\xc9B\xa0\x85\x10\x22\x13\xa4R\xe5\x8du\xb5\x1f\xd4\
\x1e\xaa|\xe0\xc0\xfe}\xbf\xd8\xb5u\xd3\x8b\x07\xab\xaa\
\xf6\xdd|\xf3\xcdi\xb4/\xffP\x0d\xd0\xc5\xf5\x9f\xaf\
\xf0/\x9c\xfa\xf37\xfd\xe7\x9c\xa1M\xff\xd9\xc6\xd2\x90\
C\xf3:\x8d\xef8\x1b++\xaa\x9e\xa8,\xad\xf8\xd5\
\xa1\xca\xf2\x17t\x10\xee\x11B&\x09\xbe\xe6\xad(8\
t\x10\x87\x8ees\xb8\xa8\xa4DH\xd03\xf9B\x95\
e)\x02\x92CD\xcds\x84&\x04\x92\xdd\xe5\xb8\x90\
t\xea\x0e=\xbb\xe3\x84\xe1\xa7c\xe2\xec\x99\x98s\xc3\
u\xb8\x88\x0c\xeb\xc4\x91g rD7\xa4\x5c\x0b-\
\x04\xa1\x14\xb1M\x935\x09A\xa7\x0d\xe8\xcbt\xe8\x88\
\x1d\x83-\x1c$\x9b\x13\xd9\xe1\xec\xea\x15\x1f\xe0\xe5\xa7\
\x9e\xc3\x93\x04\x85\xa7\xcd7\xa7\x96\xbe\x86=\x1b6\xa1\
\xb5\xbe\x11\x8a,+\xa7\xb0\x10\xdd\xe8\xd4\xc7\x9ex\x02\
\xce\x18=\x0a\x13/<\x1fs.\x9b\x87yW\xcd\xc7\
\xc5\x04\xe1\xf3.f:b\xec\x99\xe8{\xfc@\xe4\x11\
\x14\xd2\xb6@\x83\x17GByh\xd1I\xc4\x91B\x92\
\xdb)\x99\x86)ma\x02\x09\xa6\xba=\xce\xfc\x85\xca\
\xe7\xd0\xd7G\x80L\xb6\x84\x22\x80\x17z\x08\x85\xe6~\
\x08\x8f\x0c\xdc\x80pHp\xf0\x18\xa4|\xb6\xc9\xe7$\
\xe2\x1f\x97\x80\x80\xeb\xf3X\x86\xa0\x9e\xe1\xbd\xc4Zd\
8\x09\x98\x09\xd2d\xe1\x19\xf8d\xe2 \xc8K%\x90\
!\xd0\xa6\xbc$R~\x92l=\x854eJP\xc6\
6\xca\x98\x22\xf2%\xb8\x1f\xc6$r\xbb\xe5\xe3\x88\xa3\
\xbac\xe0i\xc7a\xc4\xd9\xa30i\xfa\x05\x98y\xd9\
l\xcc\xbbz>f]>\x07S\xe6\x5c\x84\xd1\xe7\x8f\
\xc3qCOF\xb7\xde=\x10\xcb\xcf\x83d\x1f\xa5\x92\
i\x98w\xa6\xb7|\xbc.;\xb9\xb8\xe8\x81\x85\xcc\xa9\
?\x86\xd7\x9e]\x8a\x8d\xef\xaff\xae\xbd\x0c\x9a\x93y\
\x91\x8c\x80)&\xf5\x22\x88\x8a\x92 kK\x07\x16\x19\
-X\x8f/$\xd2Z\xc0#\xd8f\x08\xa6N\xa7\x0e\
8f\xf0i\x98\xccT\xc5\xcc\xeb\xaf\xc1ysg\xe1\
\xa43F\xa0S\xcf\x1e\x10\xcc\xd3j\xa9 \x5c\x17\xa0\
}\xf06\x80\xa9)-\x04\xb4\x140\xa3\xa6\xd0\x04y\
\xadi[\x01\x14\x8f)\x9e\x13\xd4\xa5\x14\x22\xb4 \x12\
Bc\x17\x03\xc43\xa5\x07\x0f\xfc\xb2d\xef\xb6'\x8a\
KK7\x14M\x9d\xda4c\xc6\x0cZ\x0d\xda\x97\x7f\
\xb0\x06\xe4?\xb8\xbe\xff\xa8\xea\xfe\x9a\x98dX\xefH\
\xe6z\x8b\xcb\xcb\xdf\xab8P~_ue\xe5\x8f[\
\x9a\x9a^WR\x96\x88\x10\xad\x1c\xe3!\xe4\x0c\xb2\xa0\
SXB\xc1\xa5\xa3\x99\xc9\x1d\x01\xc0t\x8e\xe6q\x80\
\x0e\x04\x10\x88\x80P\x0a\x98\xd7\xc74s\x8cp\x1dD\
\x98\xf3=z\xd0)\x18;u\x0af]w\x0d\xe6\xdd\
p-\x86\x9f7\x01\xb9d\xc46\x87\xa1\xbe\xb4\x10\xe7\
d\x97\x99\xa5\x17\xd2\x86\xeb\xc6\xe0X.,m\xc1\x95\
\x0e,_dg\xc8\x0fl\xdb\x8d\xb5\xef|\x88\xd7\x9f\
~\x01O<\xf0(\x1e\xb9\xefA\xbc\xf4\xe43\xd8\xf8\
\xe1*Pf\x98\xc9#\x87L\xaas\x8f#\xd0\x93i\
\x88\x81'\x9f\x881\xe3\xcf\xc6\xf93.\xe2\x8c\xfcl\
N\xde\x5c\x86\xf9\xd7_\x8byLM\x5c0o\x06\x8a\
\xa6\x9d\x87\x01\xa7\x9f\x84N\xfd\xbb#\xd6\xad\x10\xb2 \
\x02\x9dc\xc1w\x81\x14A8\xc1\x1cq[H\x00$\
\xe0eD\x1a\x9e\xc8\xc0\xe3?\x03\xc1\x06D\x03\x02\xad\
\x01PX\x02\x92A\xc4\x8a\xd8\x10\xa6\xcdJ\x00J\xc2\
\x9c\xd3\xdc\x0e\x95\xa6>\x04\x88\x1e\xd0Q\x09\x03\x9ai\
;D\xca\x0a\x90\x94\x1eZ\x09\xf2-~\x02mH\xa3\
\x85\xcfK\x93\xd1\xfa\xae\x86\xd31\x86\x0e}\xba\xa2\xf7\
IG\xe1X\x82\xebi\xa3\x86\xe0\xecI\xe3p\xd1\xbc\
\xe9\x98\x7f\xf5eXp\xfd\x95\xb8\xe4\xca\xcbp1\xf7\
\xc7M>\x17\xc3\xce\x1a\x8dcO=\x91\x93\x90=\x90\
\xc7\xd4\x82r%\xd2~\x12\x87\xaa\xab\xb0y\xddF\xbc\
\xf1\xf2kxl\xe1#\xb8\xff\x97\xbf\xc5c\x04\xdb\xb7\
_\x7f\x0b{\xb7\xefBEI9\xd2\xcd\xc9l\x8e\xd6\
\x22\xd8Z)\x81\xa8o!W\xb8P\xbe4\x1d\x0a\xcb\
\x8e@0\xc0\xa5\x99\xf7Nx!5\x22\xe0G\x1ct\
\xee\xdb\x07C\xcf9\x0b3\xaf\xbe\x12\xf3n\xbe\x11g\
\xcf\xba\x18G\x0f9\x0d9\xdd\xbbBS\x1f>\xc1\xd3\
\x17`\xdb%u\xa0\xb2\xb6\x11Po\x01m\xc6c\xaa\
J3\x80[\x8a\xcf\xe01cg\xc6\xc6\xbcL\x86\x9b\
!\x82\xb4\x97\xd4\x81\xde\xdbPW\xf3Rei\xf9O\
JK\x0e<\xd8\x98\xdc\xfd\xfe\xe8\x09\x17U\x13l3\
h_\xfei\x1a0=\xf2O\xab\xbc\xbd\xe2\xc3\x1a\x10\
Bh\x1ar\xb2\xb4\xa1\xa1x\x7fE\xd5\xb3\x95\xe5\xa5\
\xdf-\xd9\xb3\xf7\xee\x9a\xea\xaa\xe5\xbe\xe7\xef\xb5-\x8b\
lC#`\x8e\x91\x1eA\x88\x054\x9dFr\x8b\x1c\
\x86\x7f\x05\x84\x96\xac\x8c\x8e%$\x02\x01\x18\x0a\xe2\x0b\
\x81\xd0\xb6\xa0]\x1bvA.\xba\xf5\xef\x83\xc1Ec\
8\xf4\xbc\x12_\xfe\xfew`~\x17\xf5\xe4\xe1#P\
xD\x0f\x0eQ\x1d\xa4\xb4@\x86\xf5\x18\xe7Nr\x18\
\x9eJ\xf8@\xc0'\xd0\xf9\x89{\x9c1\x0f\xd0\x5c\xdd\
\x88=[\x8b\xb1u\xc36\xbc\xfa\xfcKx\xf0\xb7\xf7\
\xe1\xd7\xbf\xf85\x16\xde\xff\x10^z\xe1E\xac[\xb3\
\x06&?i\xde\x01v\xa2\x11\x14t\xe9\x84\xae\xbd\x8f\
D\xbf\xe3\x8ee^q\x18\xce8o<\xce\x9e6\x09\
\xd3\x16\xcc\xc6\x82[\xae\xc5\xb5_\xba\x05\xd7\x7f\xf9\x0b\
\xb8\xec\xc6\xabq\xc1\xec\x8b0n\xeaD\x8c\x99x6\
N\x195\x14\xfdO\x1e\x88\x9e\xc7\xf4E\xe7\xdeG \
\xa7k\x01\x9c\xc2(r;\xe6\xc1\xceu!\x98;\x0d\
mP\xe6L\xf6\x15\xac6\xc3Pu\x06\x19\xe1\xff\xbe\
x\x22\x84\xafB6A\xc3#\xd0\xc6#\x01\xd2y\x12\
V\xd7\x1c\x14\xf4\xeb\x86\x1e\xc7\xf7G\xbfA\xc7\x13\xa8\
N\xc2\xa0\xb1#p&\xd3\x02\x93\x09\xa23\xae\xbd\x8c\
\xa3\x83\xab0\xef\xc6\xab0\xf7\xc6+q)e[p\
\xc3\xd5\x98=\x7f.\xc6M\x18\x8f\xd3N\x1f\x8c\x81'\
\x9f\x80\xde\xc7\x1e\x8d\xaeGvG47\xc2n\xa1\x1c\
-\xcd\xa8$\xc8n\xdd\xb6\x15o\xbc\xf6*\x1e]\xb8\
\x10\xbf\xf9\xc5\xafp\xff\xaf~\x8b\xe79ZX\xf5\xfe\
*\xeca\xfa\xa6\xf2`\x05Z\xea\x9a\xe0\xb5e8\xc9\
HyB\x09E=K\xea\xd9bt\xb0\xc1\x86q;\
\xe4\xf1\x90\xa15EplN\xa6\xd0\xcc\xf4L\xb4s\
'\x9c:j$\xa6\x5c2\x0f\xb7\xde\xf9\x0d\x5cr\xcb\
M\x18u\xc1$\xf4\xa4,\x82i\x9c4\x03M`9\
\x08\xc8nC)aX\xad\x09B\x1c\xd4\xc0\x14M\x9b\
\xa0\xc1\xc0\x9c\x12\xe6\x08\x19\xad%\x05\xed\xc9\x07oE\
\xc4\xb6\x12\xc2\x0f\x0e\xb446-\xdb\xbf{\xef\x0f\xf7\
W\x94\x7f\x7f\xcf\x86\x0d\xcf\x9777\xef)*Z\x90\
\x02M\x8f\xa5\xfd\xf3O\xd4\x80\xfc'\xd6\xfd\xd7TM\
\xf8\xf8k.\xfb|\x5cC\xe0\x0d\xccD\xdb\xf6\xdd\xfb\
\xb7\x94V\xd5<^\xb2w\xcf\xf7v\xef\xd8~_k\
S\xd3\x87:\x08K\x1c\xdbN[\xf4\x16\xc5\xe6\x12\x88\
\xe9$\x02\x92\xac\x85\xb8\xc25\xbd\x81\xdb\x86\xf9\x86\xf4\
\xaa\x00\x1a\xe9\xd0G<\x93\x82G-\x0a\xb2^\x99\x13\
E\xa4\xb0\x00]8S\xde\xff\x94\x13q\xfe\xdc9\xb8\
\xfa\x8b\xb7\xe1\xc6\xaf}\x8dC\xe4\x19\xe8\xdc\xab7\x87\
\xf6\x1a\x19\xdeo\xc7\xf2`Gr\x11\xd0\xf1S\x9c\x1d\
\xf7|>K\xb9p\x9d<\xe48\xb9\xf0R\x01\x9a\xea\
[Py\xb0\x12;6\xef\xc0{\xccC\xbe@\xe6\xfb\
0\x19\xf0o\xee\xf99\x1e\xbc\xf7~\xbc\xb2\xf4%l\
\xde\xb0\x11U\x15\x950_\xc1\x15\x94\xcffN\xb9#\
Yv7\xce\xaa\x1f\xd9\xa77\xfa\x1e}\x14N<\xed\
T\x8c\xe2\x04\x9d\xf9\x1f0f27|)\x99\xdb\xe5\
d\xc4W\x93\x95_{\xcb\x0d\xb8\xfe\x8b7\xe3\xc6\xdb\
\x08\xce\xb7\xde\x84\x99\x97\xcc\xc6\xf4930s\xde,\
\xe6\x92\xe7b\x16\xf7g\xce\x9b\x89\xd9\x97\x9a\xe3\xd31\
m\xe6E,\xd3p\xf1\xec\xe9\x98\xce\xbc\xaa\xb9n\xd6\
\xa5\xbc\xf6\xca\xf9\xb8\xea\x8b7\xe0\xca\xdbn\xc4U\xb7\
\xdf\x84ko\xbf\x99\xe5\x16\xb6\xff&\x5c\xcdg\x5c\xce\
g\xcd\xbb\xearL\x9b;\x0b\xe3/\x9c\x84Q\xe3\xcf\
\xc2i\xa3G\xe0\xf8\xe1C\x98\xab=\x06\x1d:\x14\xa0\
\xb0S'\xe4q2\xcae~\x9c\xfd\x81\xda\xca\x0a\xec\
\xda\xba\x1d\x1b\xc9d_\xe7\x04\xd8\xc2{\x1f\xc0/\xee\
\xbe\x07\xbf\xfe\xd9\xaf\xb1\xe4\xd1'\xf0\xee\xb2w\xb1{\
\xeb.\xd4W\xd4\xa0\xb5\xb6\x19m\x0dL\xa6\xb4\xa4\xd9\
W\x16bn.\x22\xd4#3$\xf0|\xc0g\xa4\xf4\
\xb5D\xd2\xb0YN\x92\x99\xe0\xe7\x09\x85\xb8\x1f E\
\xa0\xec9`\x00G\x0cs\xf1\x85o\xfc\x17.\xff\xe2\
-\x980s:z\x9f6\x08\x9d\x18\xd0\x9c\xfc\x5c\xc8\
H\x84\xfd\x15\x83\xe6=\xad\xa9\xb6l\xdf\x0b\xb2XA\
{\x09\xa0\xd9\x8f\x01B\xa6Y\xc0\x85\x18\x0b\xc5:\x15\
7t\xe0\xc1\x14K\xe8\xc0O\xa7*\x1b\x1b\xeaV\xef\
\xdc\xb1\xfd\xfe\xbd{\xf6}ooy\xf9\xd3%%\xe5\
;\x8af\xcc\x88\x1b\xdb\xe4\xad\xed\x9f\x7f\x81\x06\xfe\xdd\
\xa0\xab\xff\x05m\xfc\xd4=\xc2\x18xQQQ\xbc\xb2\
\xb6i\xe3\xce=\x07\x1e\xd8\xb8~\xf3\xd7w\xef\xd8u\
o}u\xf5\x87:\x0c\xab\x84\x90A\xc8a`\x90I\
\x83\xde\x04I-\x19'\x12\x5c\x9b\x22!!\x98\xf3\xb5\
8\xb1\x16\x8b\xe6p\xdbB\x9a\xcc8C\x07\x0exM\
\x10\x02\x19\xfe\x89t\xee\x8c\x8e\xfd\xfbaP\xd1X\xcc\
\xbf\xfd6|\xef\xe7?\xc7\xcd_\xfd\x1a\x06\x8f\x1e\x0b\
\x95\x9b\x87\xa6T\x1a\x19\xcb\x86S\xd8\x01VN\x1e'\
\xc24ZR\x19x\xb0\x90\xe4\xa4\x9b\xc9\xfdv\xcc\xed\
\x88|7\x0f2\xa3\x91jhE\xd5\x9e\x03\xd8\xbaj\
=V\xbc\xf4\x06\x1e\xbb\xef!\xdc\xfd\x9d\xef\xe3\xae;\
\xbf\x83\xdf\xfe\xe2\x97x\xe1\x99\xe7\xf1\xfe\xdb\xef`\xfd\
\xbb\x1f\xa2\x84`\xd4\x5c\xd3\x08\xc1\xfb\x1cN\xe89N\
\x0c\xd1h\x1er\x08\xf6y\x1d\xc8\x8e\xfb\xf4C\x9f\x13\
N@\xffA\x830`\xf0`\x9c8l\x18Ap$\
\xd3$\x931\xee\xa2\x0bp\xee\xcc\xa98w\xce\xc5\xcc\
cNg\x0eu:&\xcf1\xeb\x8bq!\x8f]8\
w:\xd7\xd3q\x01\x8fM\x9a}1&\xcc\xba\x18\xe3\
y\xcfH\xe6\x96\x87\x8d\x1aA\xa6:\x14'\x9cv\x1a\
\x8e9\xe9\x142\xf0\x13\xd0\xe7\xd8\xe3\xd0\xa5g/t\
\xe8r\x04\xf2\xf2\x0b\x11\xa3\x0c\x0es\xe5\xa0\xb2\xd2\xf1\
6dZ\xe2\x88\xd75\xa3x\xfd\xe6\xec\x97\x13\x9e_\
\xb8\x08\xf7\xdf\xf3k\x96\xdf\xe2\xc9\x85\x8b\xf1\xeb\xbb\xee\
a\xcae\x11>z\xeb}\x98\xdf\xc4m\xadjD\xb2\
6\x8eLC\x12\xba\xcd\x87\xa3m\xe4\xd81D\xa4K\
\x0ek\xc3\xe6\xda\x80m]S3l>\x8b0\x8c\x04\
\x04\xd3+9@^.\xda8\xd9\xd8\x88\x10\xd1n]\
1\xec\x9c\xb3q\xf5m\xb7\xe2\xf6o\xdf\xc94\xc2\x15\
8a\xe4\x08t\x22\xab\xcd\xed\xd5\x9d\xc11$\xb8\x86\
\xccA\xfbH\xfb>B2bW9(\x8c\x16\xc0\x95\
\x16\xc0:4s\xd9\xc1'\xc0*\x09\xba\x92\xc7$\x8d\
D\xb1\x10daI\xc1\xc1\x90\xaa\xcf$\x12\x1f\x97\xee\
\xdb\xb3p\xfb\x86\xcd\xff]v\xa8\xee\xbe\x0355\x1b\
\xce=\xf7\xdc6c\x8b\xac\xa8\xfd\xf3/\xd4\x80\xfc\x17\
>\xab\xfdQ\x7f\xa2\x01c\xf0,\xcdc\xc7\x8d[\xbf\
s\xdf\xfe\xfbw\x16\x17\x7f\xe7PE\xd5\x93\xbe\xe7m\
\xb7l\xab\xdev9\xdd\x22\x04\xa4\x90t\x1eEg6\
p\x0bh2Jp\xf1\x98\x8eh\x89\xb7\xd0\x19C\xb8\
\x9c\x84\xb18\xa9\x12r\xd2\x84\xa7\xe0pb\xc5\xa7\x93\
\xfa<&\x5c\xb2$\xe6c;\xf4\xec\x891\x93\xce\xc3\
W\xbf\xfb]\xfc\xe4\xbe\xfbq\xcd\x17o\xc5qC\x06\
\xc3#\x00\xb5\xf1&\x19\xcb\x85\x88\xe5 -,\xe4\xe4\
v\x80\x84B[k\x0a\x0d\xd5\x0dh\xaei\x80\xed\x09\
t\x89\x15\xa0gag\xf4(\xe8\x84|\xe9\x22\x8c'\
QUr\x00\xabW\xbc\x9f\xcde\xfe\xf8\xdb\xdf\xc7\x83\
\xf7\xfc\x06\xf7\xfe\xe8\x17\xb8\xef\xc7\xbf\xc4C\xf7\xdc\x8b\
\xa7\xee_\x84w\x9f}\x19\x1b\xde]\x89\xfd\xdbv\xa1\
\xa1\xac\x12\xa9\xda\x06N*\xc5\x81x\x02 \xf8\x0b\xca\
*\xa4\x84D\x00e\x01\x8c)P\x22\x84e\x09(\x87\
E\x81\x81\x81\xed`\x1a\xc5\xce\x8b\xc1\xca\x8d\xc2\x8a:\
\xb0\x1c\x05Ki\xd8J\x22B\xd9]\xdb\x01w!8\
\xa9\xa5\x9b[\x1144\xc1#\xf87\x96\x94\xa1jW\
\x09\x0el+\xc6\xb65\x9b\xf0\xc1\x9b+\xf0\xcccO\
\xe17?\xf9%~\xf4\xdf?\xc4\x0f\xbe\xf5]\xfc\xec\
\xfbwc\xe1\xaf\xee\xc7\xf3<n\xfe\xaf\xb6\xd5\xccq\
o[\xb3\x19A+\x815\xa3\xe0z\x16\xac\xa4`Q\
\xc8\xf1#(\x10\xb9\xc8\x939\x88\x10t\x95\x07\x04I\
\x1f>G\x0da  \x98?\x97\x0c4\xad\xe94\xcc\
\x9b\x07A\xd4E\x03\x91\xb8\xcd\xb2p\xec\xb0\xd3q\xdd\
\xd7\xbe\x82\xef\xff\xfa\x17\xb8\xf5\x1b_\xc7\xd9S.@\
\x8f\x13\x06\xc2\xe9\xde\x1d\xb2 \x17IN\x086\xa7\xd8\
#\x8e\x0d\xe9:\xb0\x9d\x08ak\xbc\xf4\x00\x00\x10\x00\
IDAT\x5c\xdb\x85#-\x80\xb4\xd9g*\x02a\
@\x18Gv\x11\xfcK\xd5\xc1\x92\x0a\x0a\x9a\xcc6{\
\xceW\x12\xcd\x81\xef\xef\xa9\xda\x7f\xe0\x99\x8dk\xd6}\
g\xcb\xbaM\xbf8\xf4\xe0\x83+'L\x98\xd0@\xbb\
\x0bx[\xfb\xe7\xdf\xa0\x01\xf9oxf\xfb#\xffD\
\x03Bds\xbe\xcd\xef\xbc\xff\xd1\xca\x1d\x9b\xb7\xdd\xb5\
i\xdd\x9a\xaf\xec\xdb\xbd\xfb\xb7\xb5\x95Uo\xa5\x13\x89\
=a\x10$\xb4&u%{\xe1\x9a\xf9\xdd\x00\x92 \
\xe5X\x16\x0as\xf3\x09T@:\x95\x84\xcf\x093\xe3\
\x80\x06tBN\xc8H:m`+d\xe8\x91\x9a\xce\
+rs 8\xd3\x8e\xdc\x18:\x1d\xd9\x03\xe7\xcd\x9a\
\x85o\xdd\xfdS\xfc\xe4\xde\xfbp\xf9M\xb7\xe0\xe4\x91\
g\xa0K\xbf~(\xec\xd9\x13!\x81\xdeO\x87\x88\xb9\
1\xf4\xec\xd6\x03\xdd;\x93%r[\x91\xb9\xfa\x9c\x81\
O7\xb6\xc2o&0\x98\xaf\xd4\xfa@\x9e\xe5\xa2c\
4\x86\xaed\xb3\x8d%\x95(\xdd\xb0\x0b\x9bW\xac\xc6\
\x87/\xbf\x8d\x97\x1f\x7f\x06\x8b~\xf9\x00\xee\xbb\xfbW\
\xf8\xf1\x9d?\xc4w\xbe\xfa-|\xef\xbf\xbe\x8d\x1f}\
\xe7\x87\xf8\xc5O\x7f\x8e\x85d\xccO=\xbe\x04/?\
\xf7<\xde}w\x05>\x5c\xf9\x01V\xaf^\x89uk\
Wc\xcb\xd6\xcd(\xde\xb3\x1b{\xf6\xed\xc6\xce\xed[\
\xb1c\xcb&lg\xd9\xb6e#\xb6l\xda\x80\x8d\x1b\
\xd6a\xdd\xba\x8f\xb1\xf6\xa3\x8f\xf0\xd1\x9bo\xe3\xed\x17\
^\xc5\x0b\x8f.\xc1\xa2_?\x88{\x7f\xfcs\xdc\xf3\
\xdfw\xe1\xc7\xdf\xf8\x1e~\xf0\xe5o\xe1\x07w|\x93\
\xe5\x1b\xf8\xf1W\xbf\x8d{\x7fx\x0f\x96>\xfc$\xd6\
\xbe\xf9>v\xac\xde\x88}\xccc\x9b\x1f\x00O7%\
`e\x04::\x05\xe8Q\xc0\xbcpaW\xe4[9\
Yp\x8d\x06.TJ\xc2!\x00GC\x171\x1d\x81\
\xcb\xc4\xb3\xf4\x05\xfbC \x16\xc9A\xc4\x8d\xc1\xcb\x84\
H\x10\x1c\x15S\x02\xf9Gt\xcd~\x99\xe5\x943\xcf\
d\xee\xf8z\xfc\xe0\xde_\xe1kw\xdf\x85\xd1S&\
\xa1\xb0ooX\xcc\x89\x8b\xc2|0\xaf\x83\x80\x80\x99\
f\x91\x91\x18\x229\x05\x08\x09\xa1\x86\xe1&\x09\xb2\x19\
\x13\x98\xfc\x106\xc1<J\x10\xb6yN0\xf8*^\
o\x8a\xa5\x14\xb8\x84\x9e\x97\xc9$\xe3\xad\xe55U\x15\
+\xf7\x93\xd9\xee\xd8\xb4\xf9k\xdb\xb7o\xfaAes\
\xf3\xf2\x19\x97_^;\xe3\x99g\xda\xc1\x96\x8a\xfaw\
~\xe4\xbf\xf3\xe1\xed\xcf\xfe\x9f\x1a\xb8\xf3\xce;\xfds\
\xa6L9\x14\xf7>xk\xcb\xae\xcd\xf7l\xdb\xb1\xe3\
\x07M\x0d\xcd\x8b\x12\xad\xcdo\x04io\x0f|?A\
@\x0d-\xc2\xae\x22\xcfQZ\x90\xf0\xf8Y\x86\x13q\
#p\xc8n\x15\x818d.\x0fJ\x82\x84\x0bZ\x08\
h%\x90!\xcbJ\x9b/Z0\x0d\xa1\xe9\xa0Y\x00\
\xce\x89A\x10\x80\x8f8\xfah\x0e\xd1g\xe0\xf6\xef|\
\x07\xb7\xb1\xcc\xbe\xfa\x1a\x9c9q\x22\x8e9\xed\x14\xc4\
\xbau\x86O\x96\xd6\xa6\x81V\x02yF(\xc0\x8e@\
\xdaQ\xb2\xcc\x18\x5c7\x07\x0e\x01\x17\x04\x1e\x8f)\x89\
\x14\x019\xd7\xceE\x0e\x81*\xd7&X1\xaf\x19\x81\
\x0b\xbf\xcdCk]\x0bZ\xc9:\xeb\xcbj\xb0\x7f\xc7\
>lX\xb9\x16\xef\xbd\xb6\x1c\xaf=\xf3\x12^\x5c\xf4\
\x14\x9ezp\x11\x1e`\xbe\xf4\xfe\x9f\xfe\x0a\xbf\xba\xeb\
\x1e\xfc\xec;?\xc2\xdd\xff\xfd\x03\xfc\xf8[\xdf\xc3\x0f\
\xbf\xf1]\xfc\x88\xeb\xbb\xff\xfb\xfb\xf8\xc9\xb7\x7f\x88\x9f\
~\xfb.\x16\xae\x09\xdcf\xffg\xdf\xbb\x0b\xe6\xbeG\
~y?\x9e~x1^\x7fv)V.[\x81\xcd\
\xab\xd6a\x17'\x05\xab\xf6\x97\xa3\xf9P\x03\xbc\xd64\
\x14\x83\x89\xe3\x09\xb8\xbedQp\x03\x85\x08\x1c\x18y\
#\x22\x02\xf8@\xc8\xe0\x92I\xf9hnl\x85\xf9\xdf\
<2l{\xc8\xb4\x8b\xb4\x22\x90d\xb0\x9amN2\
=\x91`\xf039\xd9\x04\xfb#\xe4\xc4b\x94\x13a\
\x1d\xfb\x1c\x89c\x99\xc7\x1e=\xf1<\xcc\xbb\xf6:|\
\xf5\xfb\xdf\xc3\xd7\x7f\xf8}\x5cx\xe9\x5c\xf49\xe9\x04\
\xd8];\xc2\xeaX\x00E\xdd\x83}a\x06'~(\
\x002Y\xa5l\x82-\x09-S\x06\x19\x16KY\x04\
\xf3(\x5c\xa6\x92\x00v\x02\xfb\x10\x9cp\x13\xa1\x0fE\
\xb6+u\xa8\x99~\x0a\x11\xead\x98\xf1\xca\x92\xf1\xb6\
\xe5\xf5\xf5\x0dK6m\xd8\xfa\xc3\xb5+\xd7\xdd\xb5f\
\xcb\xf6\x97\xc7]0\xa3t\xc6\x8c\x19\x19\xb4/\x9f\x0a\
\x0d\xc8O\x85\x14\xedB\xfc\x0f\x0d\x14\x15\xdd\xe9O\x9b\
6\xbf\xfe\xfd\x8f>^\xb5s\xdd\xba_n\xfex\xdd\
w[\x0f\x1dz(\xdd\x12\x7fC\x84z?\xc1\xb7U\
\x84AF\xe8\x90\xaeJG\x14\x1aA\x18\xc2\xa7\x13\x06\
:\x84\x16@\x90u\xdd\x90|($\x0b\x0b\x00\x82\x83\
\x92\x12\x96mCX6\xafa\xd7s8J\xa4\x06r\
rXr!\x0a\x0bq\xe4I'a\xcc\xc5\xd3p\xf9\
\x97\xbf\x88[~\xf0\xdfX\xf0\xe5\xdb0\x9e\x93OC\
'\x9e\x8b^\xa7\x9e\x82\xe8\x91\xbd\xa0\x0b;\x22\xe3F\
\x91\x92\x16\x92\x94 \xcd\xc2\xa7@*\x07\x8a`\xe4\x13\
\xed5\xb3\x9bZX\x088yD\xd1 y\xadK\xc0\
\xca\x16\xe5\x22&]\xe4\xa9(:\x12\xa0;r\x9d\xc7\
P\x12M\x09D\x13\x12n\x9b@N\xcaB\xae\xe7p\
\x1b@#\xf1\xa2>\x0d\xd1\x90\x06\x1aR\x5c\xb34\xa6\
\xa0Z<8\xf1\x10\xd1$\x10!\x03UI\x0d7T\
\xac;\x82\x98\x15\x85\xf9=_SbN\x94\xc0\x95\x03\
\x97\xc1\xc2\xa2F,\xad\xe0J\x87\xe7#\x88\xf1X\x94\
\xf2\xb8\xc2\xa6\x9e$\xa1S@QV\xa1,h\xa9\xa0\
\xa9\xab\xd0u\xd8V\x858\x80\xb8\x140_-lU\
\x12i\xa68t\xa7BD\xfb\x1e\x89#\x07\x9f\x8cS\
\xce\x1e\x83q\x9c\x04\x5cp\xc7\xad\xb8\xe5\xbf\xbf\x89k\
\xbe\xf6e\x14\xcd\xb8(\x9b:@^\x0c\x22'\x06\x19\
\x8d\xb0^\xc9\xa2\x10f\xeb\xb7 \x09\xa8Bq\x9f \
.B\xc0\xa6|\x11a!J9lJ\xa4\x99n\xf0\
\x09\xb2\xa1\x0c\x11X@\xa04 \xc2P\xf8\xc6\x06t\
\x8b\x08\xf5>\xaf-\xf1\xc6\xa1\x8a\xca\x07\xd6~\xb4\xf2\
;o\xad\xf8\xe0'\x07\xab\xab\x97\xcf\xb9\xea\xaaC\xd7\
\x5cs\x8d\x87\xf6\xe5S\xa5\x01\xf9\xa9\x92\xa6]\x98\xff\
\xa1\x81;\xef\xbc3\xfb\x05\x8b\xd1\xe7\x9d\xb7\xe9\xbd\x15\
+\x1e\xd8\xbay\xdd\xb7\x9b\xebj\x7f\x9e\xf12K3\
\x99\xccf\x04a\x9dd\xf6R@xR\x0am\x86\x98\
\xc4a\xd6!\x10\x04>4\x8b\xd2\x84?!\xe0\xd0\xa9\
\x95\x90\xa0\x0fC\x13\x90\x03\xfe\xd5d\xc0Z\xf1\x98\xc5\
b\xd6\xbf+\xdc\x0fb6:\xf4\xeb\x85\xc1\xe3\xcf\xc6\
E\x9c\xf5\xbf\xf2\xf6/\xe2\xca;n\xc3\xa57\xdf\x88\
\xa9\x97^\x82\xb1\xe7O\xc6 \x0e\x99{s2\xacc\
\xaf^\x88t\xea\x88\x90\xe9\x854AJ;.|K\
q\x22H\xc2\xe3\x03\x03\x82\x87V6B\x02Y\xda\x0f\
\x90L{\xf0B\xa2\x8bP\x10<\x06\xca\x150(\xf8\
\x86M\xfa@\x98\x110\xbf\xc1\x1b\xa6)i\x06\xd0d\
\xa5\x9aL\x1a\x81\x00\xc8N\xb3\xdb\x5cg\xb7y.\xbb\
\xe6y\xc6\x1c\x84&\x00\x84\x12\xa1\x96\x08 \xe1\x0b\xc1\
\x02\xa42^vB\xca\x07(\x87B\xc8\xe3F\x86T\
\xc6\xe7$U\xc0*$\xc1\x8c\x85\xb2\xfa\x04C_r\
\x9b\x01JG\xa3\xccq\xb3>\xb2\xfdX\xa7\x0e\xe8\xd0\
\xab'z\x1f7\x90\xa9\x98\xe1\x18;y\x12.\xb8t\
\x1e\xe6\xdet\x03.\xe7d\xd8\x02\xe6\xc8\xa7^~\x19\
N;\xfb,t\xec\xd3\x0b\x9a\xf7\x83\xf5\xfc\xbe\x08\x09\
\xcd\xe7\x82:1\x85\x1a\xa0\x9c\x1a\xe6\x9f9l\xb1?\
\x147L\x9f\x8904\xb8\xca\x12\xb0\x15\x02\x16\xeb\x11\
B\xb0\xcb=j\x8a(\x1c\xe8\xc6L\xc6\xdf\x98J\xa4\
\x966\x1e\xaa\xfa\xd9\xba\xd5k\xbf\xfd\xd6ko\xdc{\
\xf6\xe4-k\xaej\x07[|\x9a\x17z\xdb\xa7Y\xbc\
v\xd9\x8c\x06\x04s\xbeS\x17,h\x1av\xd6\x84\xcd\
\xef\xaf\xdb\xf0\xc8\x96\x8f\xd7\x7f\xaf\xb2\xaa\xe27)\xcf\
{\x9e\xf9\xbe\xf7\xbctz\x8f\xf6\xbd&\xa1\xb5g+\
\xc9\xe1\xa6&\x8b\xb3!}\x0d\xd0y\xe9\xd5\xd0D\xa4\
\x90lIs\x86\xdb\xf8\xbc$\xc0\x1a\xe0\xd1\xc4\xb1\x90\
\x85\x18\x05z7\xcc9\x08\x0d\xc9T\x85\x01N\x8f\xdb\
\xbe-\x11\xe9\xdc\x11\xfd84>\xfd\xec\x22\x9c?o\
6.\xb9\xe9z\x5c\xf6\x85\x1bq\xd9-7b\xf6u\
W\xe3|\x0e\x9d\xc7\x5c0\x09C\xcf\x1e\xcb\xeb\x8eG\
\x8f\xa3\xfb\xa3\xa0\xfb\x11\xb0\x99\xaf\xd4\xb1\x082\x8e\x85\
\xa4$f\x92\xd5\x85f\x9fi\x90\x84\x00\xda\xc8\xcc\x93\
R \xc3}\x8f\x93`\x19\x02qZ\x08\xa4(X\x92\
%\x05\x10\xf4\x04\x18U\x90\x91\xea\x93\x22\xb3\xc7\xccu\
\x19\x82\xd1\xef\x8a\xd9Og\xaf\x072\xac\xe3\x8fK\xc8\
\xe7\x066e \xf0\xb5\x11\xb6\xda\xb4\xce\xd6\x15\x90\xc5\
\x86\xcc\xbd\xfa\x5c\x07\x04X\x90\xbd\xaa\x82<\xc4\xbav\
A\x97>\xbd\xd1k\xc0\x00\x0c\x1ds&\xce\x9e4\x11\
\x17]2\x17\xf3\xaf\xbb\x16W0\xf0\x5cq\xf3M\xb8\
\xec&\x06\xa0\xf9\x97b\xc4\xb8sp\xd4)'\xf3\x9e\
\xce\x0c6\x16\x03\x8d&\x80+\x88h\x04\xe0\xf3\xc06\
\xc1(\x97\xed\x11\x7fT\x14\xcfI\x01h\xea\xc0\xf4M\
\xc8>\xe2\x9d\xd9}\x130-\xc5\x93\xe6\x18S\x0a\xc2\
t\xa0\xef\xc7U\x10\x96\xfa\xa9\xf4\xc7\xc9t\xfa\x85\xea\
\xaa\xca_\xaf_\xb9\xe6\xfbK\xdfz\xf7\xf1\x91\xe3\xc7\
o\x9a\x7f\xe3\x8d\xf5B\xdc\x19\xa2}\xf9Tk\x80n\
\xf0\xa9\x96\xaf]\xb8?\xd1\xc0\x94)SZ\x87\x14\x15\
\xed^\xbba\xeb\xb3\xeb6\xac\xfeQEy\xe9O\x9a\
\x1b\x1b\xefK\xb5%^\x0a\xbd\xccNhQ\x8bP\xb7\
\xd2s=\xc3|%AI@\x1b\x97\x07a\x80xj\
\x1c\xd9\x80\xb1aP\x5c\xf3\x9caZ!\xd7\x01\x8b/\
4\x0c\xa149`\x9f\xf9\xdf\x80\xe0D\x8c\xe2\x19\xd6\
\xc2\xbaB\x82\xa3& \xbb\x85\x85\xe8\xc6I\xb7\xe3N\
\x1f\x8a3&\x9c\x8b\xf3f\xce\xc2\xack\xaf\x81a{\
\x97\xdfr3\xe6\xdfp=f_s\x15.\x9a?\x1f\
\xe7M\x9f\x8e3\xcf\x9b\x80!c\xc7\xa0?\xc1\xa9\xdb\
Q\xfd\xb3L0\xb7;A\xb9c!tN\x0e<\xd6\
\x99ql\xa4\xc8\x94\xd3d\xbf\xe6\x7f\xccH\xf2y)\
2O\xb3o\x18t\x92\xe0\x95$P\xfdiI|r\
,MPN)\x85l\xb1\x14\xd2\x94\xf5\x0fE\xc1'\
\xf0\x22'\x06\xb7C!\xf2\x8f8\x02]\xfa\xf5\xc5\x91\
\xc7\x0e\xa0L'\xe1\xc43\x86c\xd8\xb8\xb30\xee\xa2\
\x0b1\x95@:\xf7\xfakp\xc5\x17n\xc15w|\
\x11\x97\xddr\x0bf]s5&\xcc\x9e\x85\x11\xe7\x8e\
\xc7\xc0\xd3\x07g\xef\xb5\x0b\x0b\x00\xe6\xd25\x83\x85a\
\xf2\x01\xe5\x0b)KHm\x9bx\x17p\xee3d\x1b\
B!\xb2\xcc:4\xaa\xcf\x96\xc3\xfb\x01\x015d\x10\
dL\x85\x94\x9a\xf1\x8e\x85\x00\xccf\xc0\xe2h\x03a\
hnI+e7\x85\x9eW\x92j\x8d\xbf\xd9p\xa8\
\xf6\xfe\xf2\xfdewm\xdd\xbc\xfeGe\xbb\xf6\xbc\xf8\
\xf6\x9a5{\xae\xb8\xe2\x8a\xd6?1\x93\xf6\xddO\xb1\
\x06\xe4\xa7X\xb6v\xd1\xfe\x8c\x06\x04\xbd\x94\x13#\xf1\
1c\xce\xdd\xbf\xe2\x83U\xefm\xd8\xb2\xfd\xf1\xda\x8a\
\xea{Z\x1a\x1a\x7f\xda\xdc\xd0\xf0H\xaa\xadmy\xe8\
{\xc5\x08\x83j:n\x1b@O6\xb0\xa9A\xc7\x16\
\x84\x04\x91]\x0b\x02\xaa4\xc7Y\x0c\xf0\x1a\xd0=\x5c\
@\x10\x90p\x08\x806\xd3\x02JZ\x80\x10\xd0\x9a\x05\
\xacM\xd0l\x08\x8c\xe0\xf0Y\xf3\x9a\x90\xa0#\x09\x9c\
\xb9]\xbb\xa1S\x9f\xbe\xe8s\xf2\xc98a\xe4\x198\
s\xf2DL\x9a3\x1b\x17_q9\x01\xf8j\xcc!\
(_\xca\xa1\xf8\xfc\x9bo\xc6\xbc\x1bn\xe0\xb1\xab0\
\xcd\x80\xf2\xac\x998{\xea\x85\x18=i\x12\x06\x8f\x19\
\x8dSF\x8d\xc2\x09\xa7\x0f\xc3\xd1\x83N\xe5P\xfex\
t?z\x00\xba\xf4=\x0a\x9dz\xf7A\xc7^\xbd\xd1\
\xf1\xc8>\x1c\xe6s\xfb\x93u\xa7^\xdc\xee\xdd\x17]\
\x18\x04\xba\x1fu4z\x0f<\x0eG\x9f|\x0a\x8e\x1f\
:\x04\xa7\x9cq\x06N\x1b}&L:d\xfc\xb4i\
\x98\xccgMezd\xc6\xe5\x0b0\xfb\xca+0\xe7\
\xea\xab\xb2r\xcd\xbd\x91A\xe2\xfa\xeb0\xfd\xaa+\xb3\
L~4e9q\xe4\x08\xf4=\xf9$t\xee\xdf\x17\
9Gt\x83\xca\xcb\x05\xa2\x0e\x10q\x0f\x17\xdb\x02\x08\
\xaaF/\x01u\x03!!\x8d\xbe,\x07\x8az\x01\x03\
@(\x04\x83\xd8\x1f\x8a\xcf}_\x80\xc7\x00A5\xf2\
v\xaaV\x83\x87XB\x80ZF\x10$\xb5\x1f\xd4y\
\x99\xf4\xde\xb6x|US}\xdds-\xcd-\xbf\xaa\
.\xaf\xbcg\xcb\x96m\x0b\xf7\xbc\xf7\xde\xb2a\xa3\xc7\
\xed\x1d\xc5\x00lRP\xbc\xa9\xfd\xf3\x19\xd2\x00\xbb\xfd\
3$m\xbb\xa8\xffK\x03f\xa2\xc4\xbcw\xb9v\xc7\
\x8e\xad\x9bv\xedyn\xf7\x8e]\xbf\xaa\xae(\xfdI\
\xe3\xa1\x9a\xbb\x1bjj\x16%\x1a\x9b?\xd0\x19\x7f\xaf\
\x90\xaa\x96\xc0\xda\x16\x06^\xe0k\x1f!\xffi\xb2Z\
\x1e\xa3\xb3\x03\xc6\x10\x08!\xf8]\xb1\x09\xb4J(\x9e\
\x13\x7f(D\x09EP\x91\x04\x5c-\x14 m\x80\xe0\
\x22X\xc0\xe3Z\x12\xc2\x85\xe0\x10[!`:\xc10\
b\x91\x13\x85cr\xa1\xbd{\xe1\xc8\xe3\x8e\xc5\x00\xce\
\xea\x9f2b8N?\xab\x08c'M\xce\xb2\xe0)\
\xf3\xe6b\xea\x82\xcbp\xd1\x15W`\xeeu\xd7a\xde\
\xf57\xe0\xd2\x9bn\xc2\xe5\xb7|\x01W|\xf1\x8b\xb8\
\xea\xf6\xdbq\xf5\x97\xee\xc05_\xfa2\xcbWX\xcc\
\xfa\x8f\xcbWp\xed\x97\xbe\x84k\xef\xf8\x12\xae\xbe\xed\
v\x5cu\xeb\xadX@`\xbf\xe4\x86\x1b1\xf7\xda\xeb\
`\xde\xc6\x98~\xf9\x15\xb8h\xc1\x02L\xbd\xf4RL\
\x9c9\x13c.\xb8\x00\x83\xcf9\x1b\xc738\x1c=\
\xf84\x1c\xc94B\xc7^G\xc2\xed\xd4\x11\x22\x97\xe0\
\x1a\x8b\x02L\x0fh\xa6\x1e\x02\xc96\xb1\x84,ZY\
\xd0\x96\x95\xcd\x0b\xfblk\xc8\xa2xLRK\x08\x05\
`\xc0\xd7lg\x8b\xcc\xf6\x17\x8frm4\xfd\xbb\xc2\
]p\x9b\xb10d\xea@\xfb^\xc8\x00\x98\x14J\xd6\
\x87\x9e\xb7\xbf\xb5\xb1quCM\xedcU\xe5\xe5?\
-/-\xfda\xf1\xee\x1d?\xdd\xb9i\xcb\xe3\xebw\
\xef\xfe\xd8\xbc\xdd2\xf1\xe6\x9b\xd3\x82\x81\xd7\xd4\xd2^\
>{\x1a8l\x15\x9f=\xb9?\xdd\x12\x1f\xf6\xb2\x7f\
\xa9\x8cd\xbeAQQQ\xfc\xf41c\xca\xdf^\xb9\
f\xcd\xcaM[\x9e\xaf>T\xfb\xeb\xfa\xda\xda\x1f\x1c\
\xaa\xac\xfaame\xd5Sm\xad\xcd\x1f\x06\x81_L\
l\xac\x13R\xa4\x05\xb4\x81\x89\xc3\xf0@i\xa5\x06\x14\
\x8bY\x0bsTHH\xa9\xa0X\x04a\xd9\xa4\x198\
b&\x5cHh!\xe1i\x0d\x8f\xe4\xcc3\xe7\xc8\xea\
\x02^g\x80\x08d\x80\x9c\xd5C\xc8!~h\x8e\x0b\
\x91\xcdqj\xa6\x0f\x04\xd3\x08`\x11\x043\x11\x8b\xc1\
)\xc8Gn\xe7.\xe8\xd4\xa3'\x8e\xe8\xdd\x1b}\x8e\
?\x1e\xfdN<\x81,w\x10\x06\x9ao\xaa\x91\xf1\x9a\
\xdf\x8f\x184\xe2\x0c\x0c\x1e=\x06C\xc6\x982\x16C\
\xb3\xdb\x7fX\x0f\xe1\xfe\xa9#Ga\x10\x99\xed\x89\xc3\
\x86\xe1\xb8\xc1Cp\xcc)\xa7\xa0\xdfI'\xa2\xcf\x09\
\xc7\xa3K\xdf>(\xec\xd9\x1d\xb1.]\xb2yf\xc9\
4\x03\x22d\xad.\x0b\xe5\x02K\xa8$'\xdd(+\
\xc15\xb0$ef\x91\xe01\xae\xd9\x06O \x9b\xaf\
\xcd\xb6\x1b\x9a\xc7\x016?[@}(\xb6W\xf1>\
\xc9\xfb\x85\xd1\x1f\xcf\x08\xeaS\xf0ZV\x03\xc5\xb5\x05\
0\xb0i\x16\x04\x12H\x0b\xa1\x1bC\xcf/\x8977\
\xad=T^\xf9\x12\xd9\xec\xcf***\xee:X\xb6\
\xef\xd7\xbb7m{r\x7f\xe5\xa1w\xdfx\xe7\xc3]\
g\x1c\xfeBC\x86\xb7\xb7\x7f>\xe3\x1a`\xbf\x7f\xc6\
[\xf0i\x14\x9f\x8e\xf6o\x14K\x1b\xf6kr\xbf'\
\x0c\x1e\x5cV\x93H\xac\xda\xb7m\xdb\xb3\x15\xe5\x15?\
\xa9(\xad\xf8NeY\xe5\xf7\xea+\x0e=\x90hl\
y\x9f\xd3\xf6e\xf0\xfc\xda \x95\xae\xd3\xbe\x9f \x06\
\x87\x81O\xbff\x9eQ\x13P}\xdf\xe7H7\x84\xcf\
mM@\x05\x8b\x01[S\x02)9D\x16\x9c\xf5\x07\
\x0b\xd7B\xc2c\xc9\x10XB\xaeCs-\x81\xc7\x0c\
\xbb\x05\x99\xa0\x01\xa5\x80z\x09x,T\x0aY\xc6\xc8\
u(\xc9\x1aY\x17\xcc5LS\x98s\xa6h\x9e3\
\xe0\x1d\x12\x08\x03\x9e\x0f\xb9o\x8ee\xef#\xd34l\
\xf3\xf7\xc5\x9c\xe31\x98t\x87)d\xde\xd9s<\x9e\
\xad\x97u\xff$\xd4s\xfa\x00\x00\x0aBIDAT\
\xe9}\xe6Z0\x0d \xcc\xf5\x0c\x12l52\xa6\x9d\
B\x11*%B-\x11h\xc1\xd6(p\x05)\xb9f\
p\x09\x84`\xbb\x01\xdf\xe4c\xa1\x11\xd2\x83\x02\xc1}\
\xde\x15r\xdf3\x93\x95\xdc\xa6\xc8@\xe0C{\x1e\x04\
\x8b\x0cC\x08\x9f\xb46\x9di\xe1dX\x13\xf5^\x96\
n\x8e\xaf\xac\xaf\xaa}\xb4\xf4@\xe9\x0f\xf7\x97\x1c\xf8\
NEE\xe9\x8fKv\xedYl\x80\xf6\x95\xb7>\xd8\
o~\x1at\xe2\xc4\x89\xe9\xcfN\x0a\x81\x8a\xf87\x1a\
\xfeg\xe5\xd14\x99\xcf\x8a\xa8\xedr\xfe\xad\x1a\x10B\
\xe8!C\x86x\xa3\x98\xfb\x1b4|\xf8\xc1\xaa\xa6\xa6\
5\xc5\xfb\xf7/-/-\xfbUMi\xd9\xd7+\x0e\
\x1c\xfcR\xc5\x81\x03?\xaf\xa9\xacX\x9ajm]\xa3\
\x83`\x1f\x0db?q\xb1\x86\xcf\x8aK!B\x036\
\x8a@D<!\xf0\xf0,\xfd*C0Ng\xd2\xd0\
\x04QI\xd0\xe4\xb5\xc8\x10\xacy\x0a\xc2\xa0\x8d\x14\xf0\
\xfd\x00>\x81\xc6\x00Q\x86\x13r\x06\xa85\xeb\x09x\
\x8fa\xcb>i\xb3\x1f\x82\xd7\x00A\xc8\xeby\xdcL\
>ex\x8f\xc7m\x03d\x86\x0a\x86J\x12\xa0\x05\xb4\
\xcd\xa2\x80\x90E\xb3\x84\x9c\xd9\xff\xd3u\xc8\xe7\x06B\
dA1\xa00!\xb7M\xc0\xf0Xg\xc0\x06\x98g\
\xfb:\x84y\x8ea\xab\x01\xcf\x07\xbcGs-\x84\x84\
d[4\xef\xe3\x06\x84\x90\x08\x83\x10\xc9D\x22\xbb\x96\
\xbc\xc6\x14/\xe3\x91\xb1\x0aNH\x22;* :C\
\x0a\xc0\xe2\x9f\x80@\xacx\x1f\xf8\xbct2\x01KY\
$\xfb2!\x82\xa0\x8e\x95T\xa6[\xe3\xeb\xaa\x0e\x1e\
|\xb5\xb4\xb8\xf8\xb7%;w~\xab\xb4\xa4\xe4\x9b\xe5\
e\x95\xf7T6\x94<\xbdk\x7f\xd9\xfb/\xbf\xb9\xa2\
\xf8\xcc\xc9\x93\x1b?[@kz\xffw\x85\x1d\xf7\xbb\
\xcd\xf6\xf5\x9f\xd5\x80\xe4\x19\x9a\x0c\xff\xb6\x7f>\xe5\x1a\
\xf8\xfb\xc4\x13Bh\xa6\x1f|\xf3#'\xa7\x8e\x1cY\
\xb5~\xcf\x9e\x0dM[\xb6\xbcX\xde\xd0\xf4\xcb\x92\x92\
C\xdf\xde\xbb{\xef\x1d\xbb6o\xfd\xc2\x81\xad\xc5?\
=\xb4\xf7\xc0\x92ts\xdb\xfbR\xa8}A2Y\xa1\
\x03\xbfN\x09$\x05y0\x87\xc7\xda\xb5$\x5c\x03\xae\
\x04ZE\xa0q\x05\xb8\xcf?\x04c\x1b4)\x02*\
s\x94PR\xc2V\x16\x8b\x82\x12\x82@\xa5!\xb96\
oU\xfcqQR\xf2\xbc\x84\x90\x02$\x94\x10\x16\x00\
\x05\x1c\x06@\xb3M\xc0\xe5*\x14\xc0\x9f-<\xef\x87\
<\xcf\xb5\xb9\x06\xac\x13\xa62y\xf8^V\x0e\xf0\x98\
\xf8\xa3\x22\xb9-\x05\x9f\x9b-\x827\xb3\x02\x02\xad \
h\x82\x8c\xd5!S\xce\x89F\x111\x0c<\xf0\xa1x\
IDI\x93\x1a\x00HZ3\x04Vf\xb5\x11\xa4S\
@\xe0\xc1UR\x87\x99tB\x02M\xae\xedT\xfb\xa9\
\xb6\x8d\x87\xca\x0e.+\xde\xb9\xe3\xc1m\x1b7\x7fi\
\xc7\xe6-_\xda\xbbk\xd77+\xca\xca\xee.\xdb\xb0\
\xe1\xe9c\xf7\xef_}\xea\x19g\x94\x8e\x1a5\xa5\x95\
\xe9\xa1\xccg\x87\xd1\xa2}\xf9;4@\xfb@{x\
\xfa;\x14\xf8Y\xbcU\x10\x80\xe9\xe4\xc1\x893fd\
\x86\x0f\x1f\xde2j\xdc\xa8\xd2\x93\x86\x0d\xdbp\xdc\x90\
!\xaf'\xf6\xed\xbe\x7f\xdb\xb6m\xdf\xd9\xb8v\xe3m\
\xdb6l\xb8\xe1\xc0\xbe\xfd?\xa9-\xafxB\xa7\xbd\
\x8fD\x88=\x22\x08\xcb\x84\x174*\xadS\x11\xdb\x0d\
\xc2TJ\x07\x89\x14\x1c\xd2\xc8\x08s\x9a6\x99\xa4C\
\xa0\x8b\xba\x9c\xc1'\x98\x05\xbe\x0fM K\xa7R\x90\
\x10\x04^\x90\x05\xfb\xc4(\xff\xf7\xeb\x80L8$3\
\xd6\x04;E\xa0\x144\xc9\x90`\x1e\xb2.\x93\xe60\
:\xcen\xf3\xb8\xd9\xfe\xb3E\xf0\x8c\xe0\x1f\x16\xc3\xb0\
\x8da\x0b\xca\xa0\xa4\x84f}\x9a\xcf1%\xa4L\xd9\
\xc2\xfd\x90`\x0a>W0P(\x088\x96\x9d\x95\xd1\
\xec\xf3.\x80\xe7Smd\xad\xac6\x9b\xef\xe6\xb5i\
\xb2\xdf(\xd3\x129n$\xa0\x1e\xe2\xae\x90UJ\xab\
2\x91\xf174\x1d\xaa}m\xcf\xb6\x9d\x8bwn\xde\
x\xf7\xea\x95kn\xdb\xb9i\xcb\xad\xbb\x0e\x96\xddU\
\xdf\xd6\xf6\xd4\xe0\xb1cW\x16M\x99\xb2\xcf\xe4g\x8b\
\x16,H\x89\x193H\xb6\x85\x11\x93\x82\xb7\x7f\xfeS\
4 \xffS\x1a\xda\xde\xce\xbf\xac\x01A 6\xe5D\
\x02\xf19\xd3\xa6\xd5\x9fqn\xd1\xae\x93\x86\x0e}k\
\xe3\xae\x1d\xbfX\xb7}\xfb\x9d\xabV\xbcs\xcd\xa6\x8f\
?\x9e_\xbce\xcb\xed\xe5\xfb\xf6\xfd4\xdd\xdc\xfc<\
\x92\xa9\xf5\xaee\xef\xb4m{\x1fS\x0d\x95a[[\
\xb5\x0e\xc3\x16\xa1\xc3d\x18xY\xb4%1dzU\
\xeaH\xc4\xd1\x9a\xecQ $\xb0)\x98\xdf\x0b6\x00\
\xf7\x87\xb5\x0d\x9b\xe0\x08\xf06\xf3vE\x90!\xde\xa5\
\x01n\x0b\x1dp\x1d@\x108A \x16,\xffcM\
\x82\x9a\xdd'(\x1b\xe0dp\x00'\xa7\x90\x05\xd4\xec\
\xb5\x1a\x16\xeb\xb6)\x8c)\x8e\xa5\x0e\xcb\x90\xdd\xb7`\
\x09\x01\xc5\xba\xc9S\x11z\x19\xe8LZ\x13p5\xeb\
\xd4J\x8a0\x16\x8d\xf8\x08\xc3\x84\xf6\xfcFVs(\
bY\x15\xf0\xbc]m\xad\xado\xee\xdf\xb9s\xe1\xbe\
m;\x7f\xbcc\xcd\xda\x1b>^\xfe\xde\xb5[\xb6l\
\xbem\xf3\xee]_\xdf^r\xe0\x97\xa3\xc7\x8f\x7f\xaf\
h\xea\xd4\x03S\xa7Nm2\xa3\x0cA\x1d\x83-a\
i\xff\xfc\x07k@\xfe\x07\xb7\xfd\x1f\xdd\xf4\xcfe}\
\x86\x11Of\x9eq\xe4\xc4\x89\xfb\x98\x96X\xbb\xa5\xa4\
\xe4yN\xcc\xdd\xb3f\xed\xfa/\xaf_\xbb\xf6\x8a]\
[\xb6\xde\xb0}\xd3\x86\xafo\xdf\xb4\xee\xee\xca\xb2\xb2\
G\x9ak\xaa_ \xba~\xa8C\xb1\x0eZo\x0e\x83\
`\xa7\x97L\xef'\xe3\xad\x92R5\x92\xd7%\xfd\x8c\
\xe7\xf9f\xc9xA\xe0\x07A\xe0\xf9\x81\xefya\x18\
0A\x10\x06\xa1E\xa0\xb38T\xe7p\x9e\x19\x06\x83\
\xa8,d\x98 `K\x96?\xacA\xf6\xccsDY\
A\xd4'0\xb2\x0f4\x8f\xf1\xb8\x10Y\xa0UBB\
\xe8P\xf3\x01\x083\x1e\xb4\x1fh\x98\x92\xf15\xd9\xbb\
\xd6\x19/\xd4\x14C\x08E\x84\x97\xad:\xd0u\xdc\xae\
\x08\xbdp\x9f\xdf\x96\xdcA\x916\xb66\xd4\xbd~`\
\xc7\xae%\xbb\xb7m}`\xc7\xda\x0d?\xdf\xbdc\xc7\
\xb7vm\xdb~\xd3\xce\x0d\x1bn-\xd9\xb3\xe7\xdb\x1b\
\xf7\xed\xbe\xb7\xd6O\xbd~\xfa\xc4q\xeb\xc7]p\x81\
\xf9q\x99f\xea-Ca\xda?\xed\x1a\xf8_\x1a\x90\
\xff\xebH\xfb\x81v\x0d\xfc\x05\x0d\x10L\x82\xa2\x193\
\xe2E\x13'\x96\x0f-*\xdav\xdc\xd0\xa1\xef>\xf7\
\xda\x9b\xcf\x94\xd7\xb7\xfcf\xf3\xbeM?\xda\xbe\xbd\xf8\
\x9b\x1f\xbd\xbf\xe2\xa6\xadk\xd7\xdd\xbcq\xcd\xaa\xdb\xd6\
\xafY\xf5\xb5\xe2\xed[\xbew`\xdf\x9e\xdf\xb6\xb56\
?\x1dB\xbf\x01!\xdf\x15\x02+\x89\x86k\x09\x87[\
Xvp\x8c]\xecs\x22/\xd1\x16/\x09}\xafZ\
\x09\xd1H\xe0m\x91\x02q\x01\x9d\x92B\xa7\xb9\x9dQ\
Bg\xb8\xede\x0b\xf4\x1f\xd6\xdc&\xa0{\x12<\x8f\
0e\x09\xa4$t\x0a:\x88gR\xa9F\xdf\xf3\xeb\
\xbc\xd0\xaf\xcdx\x99\x9a\x0c\xeb\xcf\x84~\xb9\xa7\x83\x03\
\xbe\x0e\x8a\x83 X\x9b\x8e\xb7\xbdVSV\xfa\x18\x81\
\xf5\x9em\x1b\xd7\x7fg\xf3\xda\xd5_\xdf\xb5c\xdb\x17\
?~\xff\x83\xab\xd6\xad\xdfx\xc7\xee-[\xbeQ\xb2\
s\xe7\xf7\xd6\x15\x17\xff\xac\xaa\xb9\xf9Q\xa6b\x96\x0f\
;\xe7\x9c\xddfT@\x9d$\xff\x88\xc9\xfe\x05\xed\xb5\
\x9fj\xd7\x00\x09\xc1gE\x09\xe2\xb3\x22\xe8\x7f\xa0\x9c\
f\x02\xc8\xcc\xb8O\x9e<\xb7q\xd4\xb8q\xa5\xa3\xce\
:\xaf\xd8\xb0\xe2!\xa3\xc6\xae\x18vf\xd1K;\xf7\
\x97>^WR\xfa\x8b\x9d\x1b\xb7\xdc\xb9c\xd3\x96\xdb\
\xb7n\xd8\xf0\x85\xcd\xeb7\xdc\xb6e\xe3\xa6/\xed\xd8\
\xb6\xfd\xab;\xb6m\xfe\xd6\xae\x1d\xdb\xbf\xbbs\xe7\x8e\
\x1f554\xdc\xd7\xd6\xd6\xf6h\xe8\xfbO\x06\x19\xff\
Y\xed\xfb\xcfk\xdf{\x09A\xf8\xba\x0e\x827}?\
x;\xc8x\xef\xb0\xac\x08\xfc\xd4\xbb\x81\x97~\x97\xeb\
\xf7B/\xfd\x1e|n\xa7So\x05\xe9\xd4+\xa1\xef\
\xbd\xe2g2\xaf\xa4\x12\xf1\xa7[Z\x9a\x1e-\xd9\xb5\
\xf3W\xbb6m\xfe\xc5\xaem\xdb\xee)\xde\xbe\xed\xee\
=\xdb\xb6\xde\xb5{\xf3\xd6\xef\xee\xdc\xb4\xe9\x9b;\xb6\
n\xfc\xd2\xd6\xed\xdb\xbf\xbau\xdb\x8e\xef\xed\xa9\xac\xfe\
EeS\xeb\xa3\xebv\xedyagi\xc5\xf23\xc6\
\x8d\xdbx\xd6y\xe7\x15O\xb8\xe4\x92\xaa\x89\xf3\xe6\xb5\
,`.\xb6\x1d`\xff\x03\x8c\xfc\x9f\x088\xf2\xb3\xa2\
>2\xa1\xbf[\xd4\xf6\x0a\xfe\xf5\x1a\x10\xccc\x92\x09\
f\x86O\x9c\xd8rzQQ\xf5\xc9C\x87\x96\x9c6\
|\xf8\x8e\xc1\xc3\x87\xaf\x1f<l\xd8\x07\x83\x06\x0f~\
\xf3\x94\xd3N\x7f\xf1\xf9\xa5K\x9f\xe4\xbc\xd6\xa3\x1b7\
\x7fp\xdf\xc6\x8dk~\xfa\xc1\xcaw\xbf\xb3a\xd5\xfb\
wn\xfax\xd57vo\xdb\xfc\xa5\xcd\xebV\xdf\xbe\
{\xfd\x96\xdb\xf6\x91}\xee\xde\xb8\xfe\x8b\x07vn\xff\
\xe2\xbe\x0d\xdbn\xdf\xb5z\xcd\xed%\xdb\xb6\xdf^\xbc\
\xf6\xe3\xdbwm\xde\xc0\xed\xcd\xb7o_\xbf\xe6\xeb\xdb\
\xd6\xac\xfb\xda\xbaUk\xee\xd8\xbcv\xe3\xb76\xad^\
\xf7\xc3\x8d;\x8b\x7f\xb6\xbb\xac\xe2\x9e\xddk\xd7\xff\xea\
\xe0\xfaM\xf7\xd6n\xdb\xf9\xd0\xce\xd2\xd2\xc7\x1b\xdex\
\xeb\xc5\x93O\x1f\xf9\xe1\xd0Q\xa3\x8a\xc7O\x99Ri\
\xdeo6\x01\xc4\xbc\xebL\xb9\x83\x7f\xbd\xc6\xda\x9f\xf8\
\xa9\xd0\xc0?\x11p\x0c\xe8\xfe\x131\xfdS\xa1\xbeO\
\x81\x10\xed*\xfeK\x9d`\x80\xd9\xb0e\xf3N\xf1\x94\
)W\xb4\x16\x15\x9d_WT4\xa9zx\xd1\xc4\xf2\
!\xa3\xc6\x95\x1e\x7f\xda\xc8\x83CF\x9e\xbd\xef\xf8\xe1\
\xc3\xf7\x0c<eh\xf1\x09\xc3G\xef8\xfa\x94\xa1;\
\x8e\x1d6l\xeb\x89g\x9e\xbdu\xc0\xa9\xa7o9a\
T\xd1\x96\x13\x87\x9d\xb9u\xc0\xe0\x11\xc5\x83\xce<g\
\xf7\xa9c\xc6\xec\x19QTt`xQQ\xf9\xb9\xd3\
\xa6\xd5\xcc#K%\x88\xc6g\xdcpC\xfc\xfck\xae\
I\x98\xb7\x07\xb8\x9f)\xba\xf3N\xdf<\xff/\xc9\xd7\
~\xae]\x03\xffH\x0d\x18\xd0\xfd'b\xfa?R\xd4\
\xcfr]\xed*\xfeG\xf7\x9e\x01\xca?W\xfe\xd1\xcf\
j\xaf\xaf]\x03\xffH\x0d\x18\xd0\xfdG\xd6\xf7\xf7\xd5\
\xd5~w\xbb\x06\xda5\xd0\xae\x81\xcf\xb9\x06\xdaA\xf7\
s\xde\xc1\x7f\xb1y\xe2/\x9em?\xd9\xae\x81v\x0d\
\xfc\x134\xd0\x0e\xba\xff\x04\xa5~f\xaal\xcfz|\
f\xba\xaa]\xd0\xcf\x8f\x06\xfeF\xd0\xfd\xfc4\xbc\xbd\
%\xed\x1ah\xd7@\xbb\x06\xfe\x1d\x1a\xf8\xff\x00\x00\x00\
\xff\xffZ*p\x09\x00\x00\x00\x06IDAT\x03\x00\
\x99\xae\x9f\xd3L\xcf\xa0\x91\x00\x00\x00\x00IEND\
\xaeB`\x82\
"

qt_resource_name = b"\
\x00\x06\
\x07\x03}\xc3\
\x00i\
\x00m\x00a\x00g\x00e\x00s\
\x00\x08\
\x05\xe2Y'\
\x00l\
\x00o\x00g\x00o\x00.\x00p\x00n\x00g\
"

qt_resource_struct = b"\
\x00\x00\x00\x00\x00\x02\x00\x00\x00\x01\x00\x00\x00\x01\
\x00\x00\x00\x00\x00\x00\x00\x00\
\x00\x00\x00\x00\x00\x02\x00\x00\x00\x01\x00\x00\x00\x02\
\x00\x00\x00\x00\x00\x00\x00\x00\
\x00\x00\x00\x12\x00\x00\x00\x00\x00\x01\x00\x00\x00\x00\
\x00\x00\x01\x9f\xee\x14}d\
"

def qInitResources():
    QtCore.qRegisterResourceData(0x03, qt_resource_struct, qt_resource_name, qt_resource_data)

def qCleanupResources():
    QtCore.qUnregisterResourceData(0x03, qt_resource_struct, qt_resource_name, qt_resource_data)

qInitResources()
